run_id,model_class,topology,beta,seed,subsidy,p_base_mode,quarter,susceptible_count,infected_count,recovered_count,adoption_count,adoption_rate,new_adoptions,mean_p_base,median_p_base,p90_p_base,mean_sir_score,mean_affordability,llm_calls,llm_failures
R_42_barabasi_albert_0.05_0_const,DETERMINISTIC_EMPIRICAL_ABM,barabasi_albert,0.05,42,0,constant,0,498,2,0,2,0.004,5,0.0012380819626239,0.0012380819626239,0.0012380819626239,0.0006,0.0,0,0
R_42_barabasi_albert_0.05_0_const,DETERMINISTIC_EMPIRICAL_ABM,barabasi_albert,0.05,42,0,constant,1,498,2,0,2,0.004,0,0.0012380819626239,0.0012380819626239,0.0012380819626239,0.0006,0.0,0,0
R_42_barabasi_albert_0.05_0_const,DETERMINISTIC_EMPIRICAL_ABM,barabasi_albert,0.05,42,0,constant,2,498,0,2,2,0.004,0,0.0012380819626239,0.0012380819626239,0.0012380819626239,0.0,0.0,0,0
R_42_barabasi_albert_0.05_0_const,DETERMINISTIC_EMPIRICAL_ABM,barabasi_albert,0.05,42,0,constant,3,498,0,2,2,0.004,0,0.0012380819626239,0.0012380819626239,0.0012380819626239,0.0,0.0,0,0
R_42_barabasi_albert_0.05_0_const,DETERMINISTIC_EMPIRICAL_ABM,barabasi_albert,0.05,42,0,constant,4,498,0,2,2,0.004,0,0.0012380819626239,0.0012380819626239,0.0012380819626239,0.0,0.0,0,0
R_42_barabasi_albert_0.05_0_const,DETERMINISTIC_EMPIRICAL_ABM,barabasi_albert,0.05,42,0,constant,5,498,0,2,2,0.004,0,0.0012380819626239,0.0012380819626239,0.0012380819626239,0.0,0.0,0,0
R_42_barabasi_albert_0.05_0_const,DETERMINISTIC_EMPIRICAL_ABM,barabasi_albert,0.05,42,0,constant,6,498,0,2,2,0.004,0,0.0012380819626239,0.0012380819626239,0.0012380819626239,0.0,0.0,0,0
R_42_barabasi_albert_0.05_0_const,DETERMINISTIC_EMPIRICAL_ABM,barabasi_albert,0.05,42,0,constant,7,498,0,2,2,0.004,0,0.0012380819626239,0.0012380819626239,0.0012380819626239,0.0,0.0,0,0
R_42_barabasi_albert_0.05_0_const,DETERMINISTIC_EMPIRICAL_ABM,barabasi_albert,0.05,42,0,constant,8,498,0,2,2,0.004,0,0.0012380819626239,0.0012380819626239,0.0012380819626239,0.0,0.0,0,0
R_42_barabasi_albert_0.05_0_const,DETERMINISTIC_EMPIRICAL_ABM,barabasi_albert,0.05,42,0,constant,9,498,0,2,2,0.004,0,0.0012380819626239,0.0012380819626239,0.0012380819626239,0.0,0.0,0,0
R_42_barabasi_albert_0.05_0_const,DETERMINISTIC_EMPIRICAL_ABM,barabasi_albert,0.05,42,0,constant,10,498,0,2,2,0.004,0,0.0012380819626239,0.0012380819626239,0.0012380819626239,0.0,0.0,0,0
R_42_barabasi_albert_0.05_0_const,DETERMINISTIC_EMPIRICAL_ABM,barabasi_albert,0.05,42,0,constant,11,498,0,2,2,0.004,0,0.0012380819626239,0.0012380819626239,0.0012380819626239,0.0,0.0,0,0
R_42_barabasi_albert_0.05_0_const,DETERMINISTIC_EMPIRICAL_ABM,barabasi_albert,0.05,42,0,constant,12,498,0,2,2,0.004,0,0.0012380819626239,0.0012380819626239,0.0012380819626239,0.0,0.0,0,0
R_42_barabasi_albert_0.05_0_const,DETERMINISTIC_EMPIRICAL_ABM,barabasi_albert,0.05,42,0,constant,13,498,0,2,2,0.004,0,0.0012380819626239,0.0012380819626239,0.0012380819626239,0.0,0.0,0,0
R_42_barabasi_albert_0.05_0_const,DETERMINISTIC_EMPIRICAL_ABM,barabasi_albert,0.05,42,0,constant,14,498,0,2,2,0.004,0,0.0012380819626239,0.0012380819626239,0.0012380819626239,0.0,0.0,0,0
R_42_barabasi_albert_0.05_0_const,DETERMINISTIC_EMPIRICAL_ABM,barabasi_albert,0.05,42,0,constant,15,498,0,2,2,0.004,0,0.0012380819626239,0.0012380819626239,0.0012380819626239,0.0,0.0,0,0
R_42_barabasi_albert_0.05_0_const,DETERMINISTIC_EMPIRICAL_ABM,barabasi_albert,0.05,42,0,constant,16,498,0,2,2,0.004,0,0.0012380819626239,0.0012380819626239,0.0012380819626239,0.0,0.0,0,0
R_42_barabasi_albert_0.05_0_const,DETERMINISTIC_EMPIRICAL_ABM,barabasi_albert,0.05,42,0,constant,17,498,0,2,2,0.004,0,0.0012380819626239,0.0012380819626239,0.0012380819626239,0.0,0.0,0,0
R_42_barabasi_albert_0.05_0_const,DETERMINISTIC_EMPIRICAL_ABM,barabasi_albert,0.05,42,0,constant,18,498,0,2,2,0.004,0,0.0012380819626239,0.0012380819626239,0.0012380819626239,0.0,0.0,0,0
R_42_barabasi_albert_0.05_0_const,DETERMINISTIC_EMPIRICAL_ABM,barabasi_albert,0.05,42,0,constant,19,498,0,2,2,0.004,0,0.0012380819626239,0.0012380819626239,0.0012380819626239,0.0,0.0,0,0
R_42_barabasi_albert_0.05_0_const,DETERMINISTIC_EMPIRICAL_ABM,barabasi_albert,0.05,42,0,constant,20,498,0,2,2,0.004,0,0.0012380819626239,0.0012380819626239,0.0012380819626239,0.0,0.0,0,0
R_42_barabasi_albert_0.05_0_const,DETERMINISTIC_EMPIRICAL_ABM,barabasi_albert,0.05,42,0,constant,21,498,0,2,2,0.004,0,0.0012380819626239,0.0012380819626239,0.0012380819626239,0.0,0.0,0,0
R_42_barabasi_albert_0.05_0_const,DETERMINISTIC_EMPIRICAL_ABM,barabasi_albert,0.05,42,0,constant,22,498,0,2,2,0.004,0,0.0012380819626239,0.0012380819626239,0.0012380819626239,0.0,0.0,0,0
R_42_barabasi_albert_0.05_0_const,DETERMINISTIC_EMPIRICAL_ABM,barabasi_albert,0.05,42,0,constant,23,498,0,2,2,0.004,0,0.0012380819626239,0.0012380819626239,0.0012380819626239,0.0,0.0,0,0
R_42_barabasi_albert_0.05_0_const,DETERMINISTIC_EMPIRICAL_ABM,barabasi_albert,0.05,42,0,constant,24,498,0,2,2,0.004,0,0.0012380819626239,0.0012380819626239,0.0012380819626239,0.0,0.0,0,0
R_42_barabasi_albert_0.05_0_emp,DETERMINISTIC_EMPIRICAL_ABM,barabasi_albert,0.05,42,0,empirical,0,498,2,0,2,0.004,5,0.0012380819626239,0.0003295956104831,0.0018152066289457,0.0006,0.0,0,0
R_42_barabasi_albert_0.05_0_emp,DETERMINISTIC_EMPIRICAL_ABM,barabasi_albert,0.05,42,0,empirical,1,498,2,0,2,0.004,0,0.0012380819626239,0.0003295956104831,0.0018152066289457,0.0006,0.0,0,0
R_42_barabasi_albert_0.05_0_emp,DETERMINISTIC_EMPIRICAL_ABM,barabasi_albert,0.05,42,0,empirical,2,498,0,2,2,0.004,0,0.0012380819626239,0.0003295956104831,0.0018152066289457,0.0,0.0,0,0
R_42_barabasi_albert_0.05_0_emp,DETERMINISTIC_EMPIRICAL_ABM,barabasi_albert,0.05,42,0,empirical,3,498,0,2,2,0.004,0,0.0012380819626239,0.0003295956104831,0.0018152066289457,0.0,0.0,0,0
R_42_barabasi_albert_0.05_0_emp,DETERMINISTIC_EMPIRICAL_ABM,barabasi_albert,0.05,42,0,empirical,4,498,0,2,2,0.004,0,0.0012380819626239,0.0003295956104831,0.0018152066289457,0.0,0.0,0,0
R_42_barabasi_albert_0.05_0_emp,DETERMINISTIC_EMPIRICAL_ABM,barabasi_albert,0.05,42,0,empirical,5,498,0,2,2,0.004,0,0.0012380819626239,0.0003295956104831,0.0018152066289457,0.0,0.0,0,0
R_42_barabasi_albert_0.05_0_emp,DETERMINISTIC_EMPIRICAL_ABM,barabasi_albert,0.05,42,0,empirical,6,498,0,2,2,0.004,0,0.0012380819626239,0.0003295956104831,0.0018152066289457,0.0,0.0,0,0
R_42_barabasi_albert_0.05_0_emp,DETERMINISTIC_EMPIRICAL_ABM,barabasi_albert,0.05,42,0,empirical,7,498,0,2,2,0.004,0,0.0012380819626239,0.0003295956104831,0.0018152066289457,0.0,0.0,0,0
R_42_barabasi_albert_0.05_0_emp,DETERMINISTIC_EMPIRICAL_ABM,barabasi_albert,0.05,42,0,empirical,8,498,0,2,2,0.004,0,0.0012380819626239,0.0003295956104831,0.0018152066289457,0.0,0.0,0,0
R_42_barabasi_albert_0.05_0_emp,DETERMINISTIC_EMPIRICAL_ABM,barabasi_albert,0.05,42,0,empirical,9,498,0,2,2,0.004,0,0.0012380819626239,0.0003295956104831,0.0018152066289457,0.0,0.0,0,0
R_42_barabasi_albert_0.05_0_emp,DETERMINISTIC_EMPIRICAL_ABM,barabasi_albert,0.05,42,0,empirical,10,498,0,2,2,0.004,0,0.0012380819626239,0.0003295956104831,0.0018152066289457,0.0,0.0,0,0
R_42_barabasi_albert_0.05_0_emp,DETERMINISTIC_EMPIRICAL_ABM,barabasi_albert,0.05,42,0,empirical,11,498,0,2,2,0.004,0,0.0012380819626239,0.0003295956104831,0.0018152066289457,0.0,0.0,0,0
R_42_barabasi_albert_0.05_0_emp,DETERMINISTIC_EMPIRICAL_ABM,barabasi_albert,0.05,42,0,empirical,12,498,0,2,2,0.004,0,0.0012380819626239,0.0003295956104831,0.0018152066289457,0.0,0.0,0,0
R_42_barabasi_albert_0.05_0_emp,DETERMINISTIC_EMPIRICAL_ABM,barabasi_albert,0.05,42,0,empirical,13,498,0,2,2,0.004,0,0.0012380819626239,0.0003295956104831,0.0018152066289457,0.0,0.0,0,0
R_42_barabasi_albert_0.05_0_emp,DETERMINISTIC_EMPIRICAL_ABM,barabasi_albert,0.05,42,0,empirical,14,498,0,2,2,0.004,0,0.0012380819626239,0.0003295956104831,0.0018152066289457,0.0,0.0,0,0
R_42_barabasi_albert_0.05_0_emp,DETERMINISTIC_EMPIRICAL_ABM,barabasi_albert,0.05,42,0,empirical,15,498,0,2,2,0.004,0,0.0012380819626239,0.0003295956104831,0.0018152066289457,0.0,0.0,0,0
R_42_barabasi_albert_0.05_0_emp,DETERMINISTIC_EMPIRICAL_ABM,barabasi_albert,0.05,42,0,empirical,16,498,0,2,2,0.004,0,0.0012380819626239,0.0003295956104831,0.0018152066289457,0.0,0.0,0,0
R_42_barabasi_albert_0.05_0_emp,DETERMINISTIC_EMPIRICAL_ABM,barabasi_albert,0.05,42,0,empirical,17,498,0,2,2,0.004,0,0.0012380819626239,0.0003295956104831,0.0018152066289457,0.0,0.0,0,0
R_42_barabasi_albert_0.05_0_emp,DETERMINISTIC_EMPIRICAL_ABM,barabasi_albert,0.05,42,0,empirical,18,498,0,2,2,0.004,0,0.0012380819626239,0.0003295956104831,0.0018152066289457,0.0,0.0,0,0
R_42_barabasi_albert_0.05_0_emp,DETERMINISTIC_EMPIRICAL_ABM,barabasi_albert,0.05,42,0,empirical,19,498,0,2,2,0.004,0,0.0012380819626239,0.0003295956104831,0.0018152066289457,0.0,0.0,0,0
R_42_barabasi_albert_0.05_0_emp,DETERMINISTIC_EMPIRICAL_ABM,barabasi_albert,0.05,42,0,empirical,20,498,0,2,2,0.004,0,0.0012380819626239,0.0003295956104831,0.0018152066289457,0.0,0.0,0,0
R_42_barabasi_albert_0.05_0_emp,DETERMINISTIC_EMPIRICAL_ABM,barabasi_albert,0.05,42,0,empirical,21,498,0,2,2,0.004,0,0.0012380819626239,0.0003295956104831,0.0018152066289457,0.0,0.0,0,0
R_42_barabasi_albert_0.05_0_emp,DETERMINISTIC_EMPIRICAL_ABM,barabasi_albert,0.05,42,0,empirical,22,498,0,2,2,0.004,0,0.0012380819626239,0.0003295956104831,0.0018152066289457,0.0,0.0,0,0
R_42_barabasi_albert_0.05_0_emp,DETERMINISTIC_EMPIRICAL_ABM,barabasi_albert,0.05,42,0,empirical,23,498,0,2,2,0.004,0,0.0012380819626239,0.0003295956104831,0.0018152066289457,0.0,0.0,0,0
R_42_barabasi_albert_0.05_0_emp,DETERMINISTIC_EMPIRICAL_ABM,barabasi_albert,0.05,42,0,empirical,24,498,0,2,2,0.004,0,0.0012380819626239,0.0003295956104831,0.0018152066289457,0.0,0.0,0,0
R_42_barabasi_albert_0.15_0_const,DETERMINISTIC_EMPIRICAL_ABM,barabasi_albert,0.15,42,0,constant,0,498,2,0,2,0.004,5,0.0012380819626239,0.0012380819626239,0.0012380819626239,0.0018,0.0,0,0
R_42_barabasi_albert_0.15_0_const,DETERMINISTIC_EMPIRICAL_ABM,barabasi_albert,0.15,42,0,constant,1,498,2,0,2,0.004,0,0.0012380819626239,0.0012380819626239,0.0012380819626239,0.0018,0.0,6,0
R_42_barabasi_albert_0.15_0_const,DETERMINISTIC_EMPIRICAL_ABM,barabasi_albert,0.15,42,0,constant,2,498,0,2,2,0.004,0,0.0012380819626239,0.0012380819626239,0.0012380819626239,0.0,0.0,10,0
R_42_barabasi_albert_0.15_0_const,DETERMINISTIC_EMPIRICAL_ABM,barabasi_albert,0.15,42,0,constant,3,498,0,2,2,0.004,0,0.0012380819626239,0.0012380819626239,0.0012380819626239,0.0,0.0,10,0
R_42_barabasi_albert_0.15_0_const,DETERMINISTIC_EMPIRICAL_ABM,barabasi_albert,0.15,42,0,constant,4,498,0,2,2,0.004,0,0.0012380819626239,0.0012380819626239,0.0012380819626239,0.0,0.0,10,0
R_42_barabasi_albert_0.15_0_const,DETERMINISTIC_EMPIRICAL_ABM,barabasi_albert,0.15,42,0,constant,5,498,0,2,2,0.004,0,0.0012380819626239,0.0012380819626239,0.0012380819626239,0.0,0.0,10,0
R_42_barabasi_albert_0.15_0_const,DETERMINISTIC_EMPIRICAL_ABM,barabasi_albert,0.15,42,0,constant,6,498,0,2,2,0.004,0,0.0012380819626239,0.0012380819626239,0.0012380819626239,0.0,0.0,10,0
R_42_barabasi_albert_0.15_0_const,DETERMINISTIC_EMPIRICAL_ABM,barabasi_albert,0.15,42,0,constant,7,498,0,2,2,0.004,0,0.0012380819626239,0.0012380819626239,0.0012380819626239,0.0,0.0,10,0
R_42_barabasi_albert_0.15_0_const,DETERMINISTIC_EMPIRICAL_ABM,barabasi_albert,0.15,42,0,constant,8,498,0,2,2,0.004,0,0.0012380819626239,0.0012380819626239,0.0012380819626239,0.0,0.0,10,0
R_42_barabasi_albert_0.15_0_const,DETERMINISTIC_EMPIRICAL_ABM,barabasi_albert,0.15,42,0,constant,9,498,0,2,2,0.004,0,0.0012380819626239,0.0012380819626239,0.0012380819626239,0.0,0.0,10,0
R_42_barabasi_albert_0.15_0_const,DETERMINISTIC_EMPIRICAL_ABM,barabasi_albert,0.15,42,0,constant,10,498,0,2,2,0.004,0,0.0012380819626239,0.0012380819626239,0.0012380819626239,0.0,0.0,10,0
R_42_barabasi_albert_0.15_0_const,DETERMINISTIC_EMPIRICAL_ABM,barabasi_albert,0.15,42,0,constant,11,498,0,2,2,0.004,0,0.0012380819626239,0.0012380819626239,0.0012380819626239,0.0,0.0,10,0
R_42_barabasi_albert_0.15_0_const,DETERMINISTIC_EMPIRICAL_ABM,barabasi_albert,0.15,42,0,constant,12,498,0,2,2,0.004,0,0.0012380819626239,0.0012380819626239,0.0012380819626239,0.0,0.0,10,0
R_42_barabasi_albert_0.15_0_const,DETERMINISTIC_EMPIRICAL_ABM,barabasi_albert,0.15,42,0,constant,13,498,0,2,2,0.004,0,0.0012380819626239,0.0012380819626239,0.0012380819626239,0.0,0.0,10,0
R_42_barabasi_albert_0.15_0_const,DETERMINISTIC_EMPIRICAL_ABM,barabasi_albert,0.15,42,0,constant,14,498,0,2,2,0.004,0,0.0012380819626239,0.0012380819626239,0.0012380819626239,0.0,0.0,10,0
R_42_barabasi_albert_0.15_0_const,DETERMINISTIC_EMPIRICAL_ABM,barabasi_albert,0.15,42,0,constant,15,498,0,2,2,0.004,0,0.0012380819626239,0.0012380819626239,0.0012380819626239,0.0,0.0,10,0
R_42_barabasi_albert_0.15_0_const,DETERMINISTIC_EMPIRICAL_ABM,barabasi_albert,0.15,42,0,constant,16,498,0,2,2,0.004,0,0.0012380819626239,0.0012380819626239,0.0012380819626239,0.0,0.0,10,0
R_42_barabasi_albert_0.15_0_const,DETERMINISTIC_EMPIRICAL_ABM,barabasi_albert,0.15,42,0,constant,17,498,0,2,2,0.004,0,0.0012380819626239,0.0012380819626239,0.0012380819626239,0.0,0.0,10,0
R_42_barabasi_albert_0.15_0_const,DETERMINISTIC_EMPIRICAL_ABM,barabasi_albert,0.15,42,0,constant,18,498,0,2,2,0.004,0,0.0012380819626239,0.0012380819626239,0.0012380819626239,0.0,0.0,10,0
R_42_barabasi_albert_0.15_0_const,DETERMINISTIC_EMPIRICAL_ABM,barabasi_albert,0.15,42,0,constant,19,498,0,2,2,0.004,0,0.0012380819626239,0.0012380819626239,0.0012380819626239,0.0,0.0,10,0
R_42_barabasi_albert_0.15_0_const,DETERMINISTIC_EMPIRICAL_ABM,barabasi_albert,0.15,42,0,constant,20,498,0,2,2,0.004,0,0.0012380819626239,0.0012380819626239,0.0012380819626239,0.0,0.0,10,0
R_42_barabasi_albert_0.15_0_const,DETERMINISTIC_EMPIRICAL_ABM,barabasi_albert,0.15,42,0,constant,21,498,0,2,2,0.004,0,0.0012380819626239,0.0012380819626239,0.0012380819626239,0.0,0.0,10,0
R_42_barabasi_albert_0.15_0_const,DETERMINISTIC_EMPIRICAL_ABM,barabasi_albert,0.15,42,0,constant,22,498,0,2,2,0.004,0,0.0012380819626239,0.0012380819626239,0.0012380819626239,0.0,0.0,10,0
R_42_barabasi_albert_0.15_0_const,DETERMINISTIC_EMPIRICAL_ABM,barabasi_albert,0.15,42,0,constant,23,498,0,2,2,0.004,0,0.0012380819626239,0.0012380819626239,0.0012380819626239,0.0,0.0,10,0
R_42_barabasi_albert_0.15_0_const,DETERMINISTIC_EMPIRICAL_ABM,barabasi_albert,0.15,42,0,constant,24,498,0,2,2,0.004,0,0.0012380819626239,0.0012380819626239,0.0012380819626239,0.0,0.0,10,0
R_42_barabasi_albert_0.15_0_emp,DETERMINISTIC_EMPIRICAL_ABM,barabasi_albert,0.15,42,0,empirical,0,498,2,0,2,0.004,5,0.0012380819626239,0.0003295956104831,0.0018152066289457,0.0018,0.0,0,0
R_42_barabasi_albert_0.15_0_emp,DETERMINISTIC_EMPIRICAL_ABM,barabasi_albert,0.15,42,0,empirical,1,498,2,0,2,0.004,0,0.0012380819626239,0.0003295956104831,0.0018152066289457,0.0018,0.0,6,0
R_42_barabasi_albert_0.15_0_emp,DETERMINISTIC_EMPIRICAL_ABM,barabasi_albert,0.15,42,0,empirical,2,498,0,2,2,0.004,0,0.0012380819626239,0.0003295956104831,0.0018152066289457,0.0,0.0,10,0
R_42_barabasi_albert_0.15_0_emp,DETERMINISTIC_EMPIRICAL_ABM,barabasi_albert,0.15,42,0,empirical,3,498,0,2,2,0.004,0,0.0012380819626239,0.0003295956104831,0.0018152066289457,0.0,0.0,10,0
R_42_barabasi_albert_0.15_0_emp,DETERMINISTIC_EMPIRICAL_ABM,barabasi_albert,0.15,42,0,empirical,4,498,0,2,2,0.004,0,0.0012380819626239,0.0003295956104831,0.0018152066289457,0.0,0.0,10,0
R_42_barabasi_albert_0.15_0_emp,DETERMINISTIC_EMPIRICAL_ABM,barabasi_albert,0.15,42,0,empirical,5,498,0,2,2,0.004,0,0.0012380819626239,0.0003295956104831,0.0018152066289457,0.0,0.0,10,0
R_42_barabasi_albert_0.15_0_emp,DETERMINISTIC_EMPIRICAL_ABM,barabasi_albert,0.15,42,0,empirical,6,498,0,2,2,0.004,0,0.0012380819626239,0.0003295956104831,0.0018152066289457,0.0,0.0,10,0
R_42_barabasi_albert_0.15_0_emp,DETERMINISTIC_EMPIRICAL_ABM,barabasi_albert,0.15,42,0,empirical,7,498,0,2,2,0.004,0,0.0012380819626239,0.0003295956104831,0.0018152066289457,0.0,0.0,10,0
R_42_barabasi_albert_0.15_0_emp,DETERMINISTIC_EMPIRICAL_ABM,barabasi_albert,0.15,42,0,empirical,8,498,0,2,2,0.004,0,0.0012380819626239,0.0003295956104831,0.0018152066289457,0.0,0.0,10,0
R_42_barabasi_albert_0.15_0_emp,DETERMINISTIC_EMPIRICAL_ABM,barabasi_albert,0.15,42,0,empirical,9,498,0,2,2,0.004,0,0.0012380819626239,0.0003295956104831,0.0018152066289457,0.0,0.0,10,0
R_42_barabasi_albert_0.15_0_emp,DETERMINISTIC_EMPIRICAL_ABM,barabasi_albert,0.15,42,0,empirical,10,498,0,2,2,0.004,0,0.0012380819626239,0.0003295956104831,0.0018152066289457,0.0,0.0,10,0
R_42_barabasi_albert_0.15_0_emp,DETERMINISTIC_EMPIRICAL_ABM,barabasi_albert,0.15,42,0,empirical,11,498,0,2,2,0.004,0,0.0012380819626239,0.0003295956104831,0.0018152066289457,0.0,0.0,10,0
R_42_barabasi_albert_0.15_0_emp,DETERMINISTIC_EMPIRICAL_ABM,barabasi_albert,0.15,42,0,empirical,12,498,0,2,2,0.004,0,0.0012380819626239,0.0003295956104831,0.0018152066289457,0.0,0.0,10,0
R_42_barabasi_albert_0.15_0_emp,DETERMINISTIC_EMPIRICAL_ABM,barabasi_albert,0.15,42,0,empirical,13,498,0,2,2,0.004,0,0.0012380819626239,0.0003295956104831,0.0018152066289457,0.0,0.0,10,0
R_42_barabasi_albert_0.15_0_emp,DETERMINISTIC_EMPIRICAL_ABM,barabasi_albert,0.15,42,0,empirical,14,498,0,2,2,0.004,0,0.0012380819626239,0.0003295956104831,0.0018152066289457,0.0,0.0,10,0
R_42_barabasi_albert_0.15_0_emp,DETERMINISTIC_EMPIRICAL_ABM,barabasi_albert,0.15,42,0,empirical,15,498,0,2,2,0.004,0,0.0012380819626239,0.0003295956104831,0.0018152066289457,0.0,0.0,10,0
R_42_barabasi_albert_0.15_0_emp,DETERMINISTIC_EMPIRICAL_ABM,barabasi_albert,0.15,42,0,empirical,16,498,0,2,2,0.004,0,0.0012380819626239,0.0003295956104831,0.0018152066289457,0.0,0.0,10,0
R_42_barabasi_albert_0.15_0_emp,DETERMINISTIC_EMPIRICAL_ABM,barabasi_albert,0.15,42,0,empirical,17,498,0,2,2,0.004,0,0.0012380819626239,0.0003295956104831,0.0018152066289457,0.0,0.0,10,0
R_42_barabasi_albert_0.15_0_emp,DETERMINISTIC_EMPIRICAL_ABM,barabasi_albert,0.15,42,0,empirical,18,498,0,2,2,0.004,0,0.0012380819626239,0.0003295956104831,0.0018152066289457,0.0,0.0,10,0
R_42_barabasi_albert_0.15_0_emp,DETERMINISTIC_EMPIRICAL_ABM,barabasi_albert,0.15,42,0,empirical,19,498,0,2,2,0.004,0,0.0012380819626239,0.0003295956104831,0.0018152066289457,0.0,0.0,10,0
R_42_barabasi_albert_0.15_0_emp,DETERMINISTIC_EMPIRICAL_ABM,barabasi_albert,0.15,42,0,empirical,20,498,0,2,2,0.004,0,0.0012380819626239,0.0003295956104831,0.0018152066289457,0.0,0.0,10,0
R_42_barabasi_albert_0.15_0_emp,DETERMINISTIC_EMPIRICAL_ABM,barabasi_albert,0.15,42,0,empirical,21,498,0,2,2,0.004,0,0.0012380819626239,0.0003295956104831,0.0018152066289457,0.0,0.0,10,0
R_42_barabasi_albert_0.15_0_emp,DETERMINISTIC_EMPIRICAL_ABM,barabasi_albert,0.15,42,0,empirical,22,498,0,2,2,0.004,0,0.0012380819626239,0.0003295956104831,0.0018152066289457,0.0,0.0,10,0
R_42_barabasi_albert_0.15_0_emp,DETERMINISTIC_EMPIRICAL_ABM,barabasi_albert,0.15,42,0,empirical,23,498,0,2,2,0.004,0,0.0012380819626239,0.0003295956104831,0.0018152066289457,0.0,0.0,10,0
R_42_barabasi_albert_0.15_0_emp,DETERMINISTIC_EMPIRICAL_ABM,barabasi_albert,0.15,42,0,empirical,24,498,0,2,2,0.004,0,0.0012380819626239,0.0003295956104831,0.0018152066289457,0.0,0.0,10,0
R_42_barabasi_albert_0.3_0_const,DETERMINISTIC_EMPIRICAL_ABM,barabasi_albert,0.3,42,0,constant,0,498,2,0,2,0.004,5,0.0012380819626239,0.0012380819626239,0.0012380819626239,0.0036,0.0,0,0
R_42_barabasi_albert_0.3_0_const,DETERMINISTIC_EMPIRICAL_ABM,barabasi_albert,0.3,42,0,constant,1,498,2,0,2,0.004,0,0.0012380819626239,0.0012380819626239,0.0012380819626239,0.0036,0.0,6,0
R_42_barabasi_albert_0.3_0_const,DETERMINISTIC_EMPIRICAL_ABM,barabasi_albert,0.3,42,0,constant,2,498,0,2,2,0.004,0,0.0012380819626239,0.0012380819626239,0.0012380819626239,0.0,0.0,10,0
R_42_barabasi_albert_0.3_0_const,DETERMINISTIC_EMPIRICAL_ABM,barabasi_albert,0.3,42,0,constant,3,498,0,2,2,0.004,0,0.0012380819626239,0.0012380819626239,0.0012380819626239,0.0,0.0,10,0
R_42_barabasi_albert_0.3_0_const,DETERMINISTIC_EMPIRICAL_ABM,barabasi_albert,0.3,42,0,constant,4,498,0,2,2,0.004,0,0.0012380819626239,0.0012380819626239,0.0012380819626239,0.0,0.0,10,0
R_42_barabasi_albert_0.3_0_const,DETERMINISTIC_EMPIRICAL_ABM,barabasi_albert,0.3,42,0,constant,5,498,0,2,2,0.004,0,0.0012380819626239,0.0012380819626239,0.0012380819626239,0.0,0.0,10,0
R_42_barabasi_albert_0.3_0_const,DETERMINISTIC_EMPIRICAL_ABM,barabasi_albert,0.3,42,0,constant,6,498,0,2,2,0.004,0,0.0012380819626239,0.0012380819626239,0.0012380819626239,0.0,0.0,10,0
R_42_barabasi_albert_0.3_0_const,DETERMINISTIC_EMPIRICAL_ABM,barabasi_albert,0.3,42,0,constant,7,498,0,2,2,0.004,0,0.0012380819626239,0.0012380819626239,0.0012380819626239,0.0,0.0,10,0
R_42_barabasi_albert_0.3_0_const,DETERMINISTIC_EMPIRICAL_ABM,barabasi_albert,0.3,42,0,constant,8,498,0,2,2,0.004,0,0.0012380819626239,0.0012380819626239,0.0012380819626239,0.0,0.0,10,0
R_42_barabasi_albert_0.3_0_const,DETERMINISTIC_EMPIRICAL_ABM,barabasi_albert,0.3,42,0,constant,9,498,0,2,2,0.004,0,0.0012380819626239,0.0012380819626239,0.0012380819626239,0.0,0.0,10,0
R_42_barabasi_albert_0.3_0_const,DETERMINISTIC_EMPIRICAL_ABM,barabasi_albert,0.3,42,0,constant,10,498,0,2,2,0.004,0,0.0012380819626239,0.0012380819626239,0.0012380819626239,0.0,0.0,10,0
R_42_barabasi_albert_0.3_0_const,DETERMINISTIC_EMPIRICAL_ABM,barabasi_albert,0.3,42,0,constant,11,498,0,2,2,0.004,0,0.0012380819626239,0.0012380819626239,0.0012380819626239,0.0,0.0,10,0
R_42_barabasi_albert_0.3_0_const,DETERMINISTIC_EMPIRICAL_ABM,barabasi_albert,0.3,42,0,constant,12,498,0,2,2,0.004,0,0.0012380819626239,0.0012380819626239,0.0012380819626239,0.0,0.0,10,0
R_42_barabasi_albert_0.3_0_const,DETERMINISTIC_EMPIRICAL_ABM,barabasi_albert,0.3,42,0,constant,13,498,0,2,2,0.004,0,0.0012380819626239,0.0012380819626239,0.0012380819626239,0.0,0.0,10,0
R_42_barabasi_albert_0.3_0_const,DETERMINISTIC_EMPIRICAL_ABM,barabasi_albert,0.3,42,0,constant,14,498,0,2,2,0.004,0,0.0012380819626239,0.0012380819626239,0.0012380819626239,0.0,0.0,10,0
R_42_barabasi_albert_0.3_0_const,DETERMINISTIC_EMPIRICAL_ABM,barabasi_albert,0.3,42,0,constant,15,498,0,2,2,0.004,0,0.0012380819626239,0.0012380819626239,0.0012380819626239,0.0,0.0,10,0
R_42_barabasi_albert_0.3_0_const,DETERMINISTIC_EMPIRICAL_ABM,barabasi_albert,0.3,42,0,constant,16,498,0,2,2,0.004,0,0.0012380819626239,0.0012380819626239,0.0012380819626239,0.0,0.0,10,0
R_42_barabasi_albert_0.3_0_const,DETERMINISTIC_EMPIRICAL_ABM,barabasi_albert,0.3,42,0,constant,17,498,0,2,2,0.004,0,0.0012380819626239,0.0012380819626239,0.0012380819626239,0.0,0.0,10,0
R_42_barabasi_albert_0.3_0_const,DETERMINISTIC_EMPIRICAL_ABM,barabasi_albert,0.3,42,0,constant,18,498,0,2,2,0.004,0,0.0012380819626239,0.0012380819626239,0.0012380819626239,0.0,0.0,10,0
R_42_barabasi_albert_0.3_0_const,DETERMINISTIC_EMPIRICAL_ABM,barabasi_albert,0.3,42,0,constant,19,498,0,2,2,0.004,0,0.0012380819626239,0.0012380819626239,0.0012380819626239,0.0,0.0,10,0
R_42_barabasi_albert_0.3_0_const,DETERMINISTIC_EMPIRICAL_ABM,barabasi_albert,0.3,42,0,constant,20,498,0,2,2,0.004,0,0.0012380819626239,0.0012380819626239,0.0012380819626239,0.0,0.0,10,0
R_42_barabasi_albert_0.3_0_const,DETERMINISTIC_EMPIRICAL_ABM,barabasi_albert,0.3,42,0,constant,21,498,0,2,2,0.004,0,0.0012380819626239,0.0012380819626239,0.0012380819626239,0.0,0.0,10,0
R_42_barabasi_albert_0.3_0_const,DETERMINISTIC_EMPIRICAL_ABM,barabasi_albert,0.3,42,0,constant,22,498,0,2,2,0.004,0,0.0012380819626239,0.0012380819626239,0.0012380819626239,0.0,0.0,10,0
R_42_barabasi_albert_0.3_0_const,DETERMINISTIC_EMPIRICAL_ABM,barabasi_albert,0.3,42,0,constant,23,498,0,2,2,0.004,0,0.0012380819626239,0.0012380819626239,0.0012380819626239,0.0,0.0,10,0
R_42_barabasi_albert_0.3_0_const,DETERMINISTIC_EMPIRICAL_ABM,barabasi_albert,0.3,42,0,constant,24,498,0,2,2,0.004,0,0.0012380819626239,0.0012380819626239,0.0012380819626239,0.0,0.0,10,0
R_42_barabasi_albert_0.3_0_emp,DETERMINISTIC_EMPIRICAL_ABM,barabasi_albert,0.3,42,0,empirical,0,498,2,0,2,0.004,5,0.0012380819626239,0.0003295956104831,0.0018152066289457,0.0036,0.0,0,0
R_42_barabasi_albert_0.3_0_emp,DETERMINISTIC_EMPIRICAL_ABM,barabasi_albert,0.3,42,0,empirical,1,498,2,0,2,0.004,0,0.0012380819626239,0.0003295956104831,0.0018152066289457,0.0036,0.0,6,0
R_42_barabasi_albert_0.3_0_emp,DETERMINISTIC_EMPIRICAL_ABM,barabasi_albert,0.3,42,0,empirical,2,498,0,2,2,0.004,0,0.0012380819626239,0.0003295956104831,0.0018152066289457,0.0,0.0,10,0
R_42_barabasi_albert_0.3_0_emp,DETERMINISTIC_EMPIRICAL_ABM,barabasi_albert,0.3,42,0,empirical,3,498,0,2,2,0.004,0,0.0012380819626239,0.0003295956104831,0.0018152066289457,0.0,0.0,10,0
R_42_barabasi_albert_0.3_0_emp,DETERMINISTIC_EMPIRICAL_ABM,barabasi_albert,0.3,42,0,empirical,4,498,0,2,2,0.004,0,0.0012380819626239,0.0003295956104831,0.0018152066289457,0.0,0.0,10,0
R_42_barabasi_albert_0.3_0_emp,DETERMINISTIC_EMPIRICAL_ABM,barabasi_albert,0.3,42,0,empirical,5,498,0,2,2,0.004,0,0.0012380819626239,0.0003295956104831,0.0018152066289457,0.0,0.0,10,0
R_42_barabasi_albert_0.3_0_emp,DETERMINISTIC_EMPIRICAL_ABM,barabasi_albert,0.3,42,0,empirical,6,498,0,2,2,0.004,0,0.0012380819626239,0.0003295956104831,0.0018152066289457,0.0,0.0,10,0
R_42_barabasi_albert_0.3_0_emp,DETERMINISTIC_EMPIRICAL_ABM,barabasi_albert,0.3,42,0,empirical,7,498,0,2,2,0.004,0,0.0012380819626239,0.0003295956104831,0.0018152066289457,0.0,0.0,10,0
R_42_barabasi_albert_0.3_0_emp,DETERMINISTIC_EMPIRICAL_ABM,barabasi_albert,0.3,42,0,empirical,8,498,0,2,2,0.004,0,0.0012380819626239,0.0003295956104831,0.0018152066289457,0.0,0.0,10,0
R_42_barabasi_albert_0.3_0_emp,DETERMINISTIC_EMPIRICAL_ABM,barabasi_albert,0.3,42,0,empirical,9,498,0,2,2,0.004,0,0.0012380819626239,0.0003295956104831,0.0018152066289457,0.0,0.0,10,0
R_42_barabasi_albert_0.3_0_emp,DETERMINISTIC_EMPIRICAL_ABM,barabasi_albert,0.3,42,0,empirical,10,498,0,2,2,0.004,0,0.0012380819626239,0.0003295956104831,0.0018152066289457,0.0,0.0,10,0
R_42_barabasi_albert_0.3_0_emp,DETERMINISTIC_EMPIRICAL_ABM,barabasi_albert,0.3,42,0,empirical,11,498,0,2,2,0.004,0,0.0012380819626239,0.0003295956104831,0.0018152066289457,0.0,0.0,10,0
R_42_barabasi_albert_0.3_0_emp,DETERMINISTIC_EMPIRICAL_ABM,barabasi_albert,0.3,42,0,empirical,12,498,0,2,2,0.004,0,0.0012380819626239,0.0003295956104831,0.0018152066289457,0.0,0.0,10,0
R_42_barabasi_albert_0.3_0_emp,DETERMINISTIC_EMPIRICAL_ABM,barabasi_albert,0.3,42,0,empirical,13,498,0,2,2,0.004,0,0.0012380819626239,0.0003295956104831,0.0018152066289457,0.0,0.0,10,0
R_42_barabasi_albert_0.3_0_emp,DETERMINISTIC_EMPIRICAL_ABM,barabasi_albert,0.3,42,0,empirical,14,498,0,2,2,0.004,0,0.0012380819626239,0.0003295956104831,0.0018152066289457,0.0,0.0,10,0
R_42_barabasi_albert_0.3_0_emp,DETERMINISTIC_EMPIRICAL_ABM,barabasi_albert,0.3,42,0,empirical,15,498,0,2,2,0.004,0,0.0012380819626239,0.0003295956104831,0.0018152066289457,0.0,0.0,10,0
R_42_barabasi_albert_0.3_0_emp,DETERMINISTIC_EMPIRICAL_ABM,barabasi_albert,0.3,42,0,empirical,16,498,0,2,2,0.004,0,0.0012380819626239,0.0003295956104831,0.0018152066289457,0.0,0.0,10,0
R_42_barabasi_albert_0.3_0_emp,DETERMINISTIC_EMPIRICAL_ABM,barabasi_albert,0.3,42,0,empirical,17,498,0,2,2,0.004,0,0.0012380819626239,0.0003295956104831,0.0018152066289457,0.0,0.0,10,0
R_42_barabasi_albert_0.3_0_emp,DETERMINISTIC_EMPIRICAL_ABM,barabasi_albert,0.3,42,0,empirical,18,498,0,2,2,0.004,0,0.0012380819626239,0.0003295956104831,0.0018152066289457,0.0,0.0,10,0
R_42_barabasi_albert_0.3_0_emp,DETERMINISTIC_EMPIRICAL_ABM,barabasi_albert,0.3,42,0,empirical,19,498,0,2,2,0.004,0,0.0012380819626239,0.0003295956104831,0.0018152066289457,0.0,0.0,10,0
R_42_barabasi_albert_0.3_0_emp,DETERMINISTIC_EMPIRICAL_ABM,barabasi_albert,0.3,42,0,empirical,20,498,0,2,2,0.004,0,0.0012380819626239,0.0003295956104831,0.0018152066289457,0.0,0.0,10,0
R_42_barabasi_albert_0.3_0_emp,DETERMINISTIC_EMPIRICAL_ABM,barabasi_albert,0.3,42,0,empirical,21,498,0,2,2,0.004,0,0.0012380819626239,0.0003295956104831,0.0018152066289457,0.0,0.0,10,0
R_42_barabasi_albert_0.3_0_emp,DETERMINISTIC_EMPIRICAL_ABM,barabasi_albert,0.3,42,0,empirical,22,498,0,2,2,0.004,0,0.0012380819626239,0.0003295956104831,0.0018152066289457,0.0,0.0,10,0
R_42_barabasi_albert_0.3_0_emp,DETERMINISTIC_EMPIRICAL_ABM,barabasi_albert,0.3,42,0,empirical,23,498,0,2,2,0.004,0,0.0012380819626239,0.0003295956104831,0.0018152066289457,0.0,0.0,10,0
R_42_barabasi_albert_0.3_0_emp,DETERMINISTIC_EMPIRICAL_ABM,barabasi_albert,0.3,42,0,empirical,24,498,0,2,2,0.004,0,0.0012380819626239,0.0003295956104831,0.0018152066289457,0.0,0.0,10,0
R_42_STATIC_0_emp,STATIC_BASELINE,,,42,0,empirical,0,498,2,0,2,0.004,5,0.0012380819626239,0.0003295956104831,0.0018152066289457,0.0,0.0,0,0
R_42_STATIC_0_emp,STATIC_BASELINE,,,42,0,empirical,1,498,2,0,2,0.004,0,0.0012380819626239,0.0003295956104831,0.0018152066289457,0.0,0.0,0,0
R_42_STATIC_0_emp,STATIC_BASELINE,,,42,0,empirical,2,498,0,2,2,0.004,0,0.0012380819626239,0.0003295956104831,0.0018152066289457,0.0,0.0,0,0
R_42_STATIC_0_emp,STATIC_BASELINE,,,42,0,empirical,3,498,0,2,2,0.004,0,0.0012380819626239,0.0003295956104831,0.0018152066289457,0.0,0.0,0,0
R_42_STATIC_0_emp,STATIC_BASELINE,,,42,0,empirical,4,498,0,2,2,0.004,0,0.0012380819626239,0.0003295956104831,0.0018152066289457,0.0,0.0,0,0
R_42_STATIC_0_emp,STATIC_BASELINE,,,42,0,empirical,5,498,0,2,2,0.004,0,0.0012380819626239,0.0003295956104831,0.0018152066289457,0.0,0.0,0,0
R_42_STATIC_0_emp,STATIC_BASELINE,,,42,0,empirical,6,498,0,2,2,0.004,0,0.0012380819626239,0.0003295956104831,0.0018152066289457,0.0,0.0,0,0
R_42_STATIC_0_emp,STATIC_BASELINE,,,42,0,empirical,7,498,0,2,2,0.004,0,0.0012380819626239,0.0003295956104831,0.0018152066289457,0.0,0.0,0,0
R_42_STATIC_0_emp,STATIC_BASELINE,,,42,0,empirical,8,498,0,2,2,0.004,0,0.0012380819626239,0.0003295956104831,0.0018152066289457,0.0,0.0,0,0
R_42_STATIC_0_emp,STATIC_BASELINE,,,42,0,empirical,9,498,0,2,2,0.004,0,0.0012380819626239,0.0003295956104831,0.0018152066289457,0.0,0.0,0,0
R_42_STATIC_0_emp,STATIC_BASELINE,,,42,0,empirical,10,498,0,2,2,0.004,0,0.0012380819626239,0.0003295956104831,0.0018152066289457,0.0,0.0,0,0
R_42_STATIC_0_emp,STATIC_BASELINE,,,42,0,empirical,11,498,0,2,2,0.004,0,0.0012380819626239,0.0003295956104831,0.0018152066289457,0.0,0.0,0,0
R_42_STATIC_0_emp,STATIC_BASELINE,,,42,0,empirical,12,498,0,2,2,0.004,0,0.0012380819626239,0.0003295956104831,0.0018152066289457,0.0,0.0,0,0
R_42_STATIC_0_emp,STATIC_BASELINE,,,42,0,empirical,13,498,0,2,2,0.004,0,0.0012380819626239,0.0003295956104831,0.0018152066289457,0.0,0.0,0,0
R_42_STATIC_0_emp,STATIC_BASELINE,,,42,0,empirical,14,498,0,2,2,0.004,0,0.0012380819626239,0.0003295956104831,0.0018152066289457,0.0,0.0,0,0
R_42_STATIC_0_emp,STATIC_BASELINE,,,42,0,empirical,15,498,0,2,2,0.004,0,0.0012380819626239,0.0003295956104831,0.0018152066289457,0.0,0.0,0,0
R_42_STATIC_0_emp,STATIC_BASELINE,,,42,0,empirical,16,498,0,2,2,0.004,0,0.0012380819626239,0.0003295956104831,0.0018152066289457,0.0,0.0,0,0
R_42_STATIC_0_emp,STATIC_BASELINE,,,42,0,empirical,17,498,0,2,2,0.004,0,0.0012380819626239,0.0003295956104831,0.0018152066289457,0.0,0.0,0,0
R_42_STATIC_0_emp,STATIC_BASELINE,,,42,0,empirical,18,498,0,2,2,0.004,0,0.0012380819626239,0.0003295956104831,0.0018152066289457,0.0,0.0,0,0
R_42_STATIC_0_emp,STATIC_BASELINE,,,42,0,empirical,19,498,0,2,2,0.004,0,0.0012380819626239,0.0003295956104831,0.0018152066289457,0.0,0.0,0,0
R_42_STATIC_0_emp,STATIC_BASELINE,,,42,0,empirical,20,498,0,2,2,0.004,0,0.0012380819626239,0.0003295956104831,0.0018152066289457,0.0,0.0,0,0
R_42_STATIC_0_emp,STATIC_BASELINE,,,42,0,empirical,21,498,0,2,2,0.004,0,0.0012380819626239,0.0003295956104831,0.0018152066289457,0.0,0.0,0,0
R_42_STATIC_0_emp,STATIC_BASELINE,,,42,0,empirical,22,498,0,2,2,0.004,0,0.0012380819626239,0.0003295956104831,0.0018152066289457,0.0,0.0,0,0
R_42_STATIC_0_emp,STATIC_BASELINE,,,42,0,empirical,23,498,0,2,2,0.004,0,0.0012380819626239,0.0003295956104831,0.0018152066289457,0.0,0.0,0,0
R_42_STATIC_0_emp,STATIC_BASELINE,,,42,0,empirical,24,498,0,2,2,0.004,0,0.0012380819626239,0.0003295956104831,0.0018152066289457,0.0,0.0,0,0
R_42_watts_strogatz_0.05_0_const,DETERMINISTIC_EMPIRICAL_ABM,watts_strogatz,0.05,42,0,constant,0,498,2,0,2,0.004,5,0.0012380819626239,0.0012380819626239,0.0012380819626239,0.0007,0.0,0,0
R_42_watts_strogatz_0.05_0_const,DETERMINISTIC_EMPIRICAL_ABM,watts_strogatz,0.05,42,0,constant,1,498,2,0,2,0.004,0,0.0012380819626239,0.0012380819626239,0.0012380819626239,0.0007,0.0,0,0
R_42_watts_strogatz_0.05_0_const,DETERMINISTIC_EMPIRICAL_ABM,watts_strogatz,0.05,42,0,constant,2,498,0,2,2,0.004,0,0.0012380819626239,0.0012380819626239,0.0012380819626239,0.0,0.0,0,0
R_42_watts_strogatz_0.05_0_const,DETERMINISTIC_EMPIRICAL_ABM,watts_strogatz,0.05,42,0,constant,3,498,0,2,2,0.004,0,0.0012380819626239,0.0012380819626239,0.0012380819626239,0.0,0.0,0,0
R_42_watts_strogatz_0.05_0_const,DETERMINISTIC_EMPIRICAL_ABM,watts_strogatz,0.05,42,0,constant,4,498,0,2,2,0.004,0,0.0012380819626239,0.0012380819626239,0.0012380819626239,0.0,0.0,0,0
R_42_watts_strogatz_0.05_0_const,DETERMINISTIC_EMPIRICAL_ABM,watts_strogatz,0.05,42,0,constant,5,498,0,2,2,0.004,0,0.0012380819626239,0.0012380819626239,0.0012380819626239,0.0,0.0,0,0
R_42_watts_strogatz_0.05_0_const,DETERMINISTIC_EMPIRICAL_ABM,watts_strogatz,0.05,42,0,constant,6,498,0,2,2,0.004,0,0.0012380819626239,0.0012380819626239,0.0012380819626239,0.0,0.0,0,0
R_42_watts_strogatz_0.05_0_const,DETERMINISTIC_EMPIRICAL_ABM,watts_strogatz,0.05,42,0,constant,7,498,0,2,2,0.004,0,0.0012380819626239,0.0012380819626239,0.0012380819626239,0.0,0.0,0,0
R_42_watts_strogatz_0.05_0_const,DETERMINISTIC_EMPIRICAL_ABM,watts_strogatz,0.05,42,0,constant,8,498,0,2,2,0.004,0,0.0012380819626239,0.0012380819626239,0.0012380819626239,0.0,0.0,0,0
R_42_watts_strogatz_0.05_0_const,DETERMINISTIC_EMPIRICAL_ABM,watts_strogatz,0.05,42,0,constant,9,498,0,2,2,0.004,0,0.0012380819626239,0.0012380819626239,0.0012380819626239,0.0,0.0,0,0
R_42_watts_strogatz_0.05_0_const,DETERMINISTIC_EMPIRICAL_ABM,watts_strogatz,0.05,42,0,constant,10,498,0,2,2,0.004,0,0.0012380819626239,0.0012380819626239,0.0012380819626239,0.0,0.0,0,0
R_42_watts_strogatz_0.05_0_const,DETERMINISTIC_EMPIRICAL_ABM,watts_strogatz,0.05,42,0,constant,11,498,0,2,2,0.004,0,0.0012380819626239,0.0012380819626239,0.0012380819626239,0.0,0.0,0,0
R_42_watts_strogatz_0.05_0_const,DETERMINISTIC_EMPIRICAL_ABM,watts_strogatz,0.05,42,0,constant,12,498,0,2,2,0.004,0,0.0012380819626239,0.0012380819626239,0.0012380819626239,0.0,0.0,0,0
R_42_watts_strogatz_0.05_0_const,DETERMINISTIC_EMPIRICAL_ABM,watts_strogatz,0.05,42,0,constant,13,498,0,2,2,0.004,0,0.0012380819626239,0.0012380819626239,0.0012380819626239,0.0,0.0,0,0
R_42_watts_strogatz_0.05_0_const,DETERMINISTIC_EMPIRICAL_ABM,watts_strogatz,0.05,42,0,constant,14,498,0,2,2,0.004,0,0.0012380819626239,0.0012380819626239,0.0012380819626239,0.0,0.0,0,0
R_42_watts_strogatz_0.05_0_const,DETERMINISTIC_EMPIRICAL_ABM,watts_strogatz,0.05,42,0,constant,15,498,0,2,2,0.004,0,0.0012380819626239,0.0012380819626239,0.0012380819626239,0.0,0.0,0,0
R_42_watts_strogatz_0.05_0_const,DETERMINISTIC_EMPIRICAL_ABM,watts_strogatz,0.05,42,0,constant,16,498,0,2,2,0.004,0,0.0012380819626239,0.0012380819626239,0.0012380819626239,0.0,0.0,0,0
R_42_watts_strogatz_0.05_0_const,DETERMINISTIC_EMPIRICAL_ABM,watts_strogatz,0.05,42,0,constant,17,498,0,2,2,0.004,0,0.0012380819626239,0.0012380819626239,0.0012380819626239,0.0,0.0,0,0
R_42_watts_strogatz_0.05_0_const,DETERMINISTIC_EMPIRICAL_ABM,watts_strogatz,0.05,42,0,constant,18,498,0,2,2,0.004,0,0.0012380819626239,0.0012380819626239,0.0012380819626239,0.0,0.0,0,0
R_42_watts_strogatz_0.05_0_const,DETERMINISTIC_EMPIRICAL_ABM,watts_strogatz,0.05,42,0,constant,19,498,0,2,2,0.004,0,0.0012380819626239,0.0012380819626239,0.0012380819626239,0.0,0.0,0,0
R_42_watts_strogatz_0.05_0_const,DETERMINISTIC_EMPIRICAL_ABM,watts_strogatz,0.05,42,0,constant,20,498,0,2,2,0.004,0,0.0012380819626239,0.0012380819626239,0.0012380819626239,0.0,0.0,0,0
R_42_watts_strogatz_0.05_0_const,DETERMINISTIC_EMPIRICAL_ABM,watts_strogatz,0.05,42,0,constant,21,498,0,2,2,0.004,0,0.0012380819626239,0.0012380819626239,0.0012380819626239,0.0,0.0,0,0
R_42_watts_strogatz_0.05_0_const,DETERMINISTIC_EMPIRICAL_ABM,watts_strogatz,0.05,42,0,constant,22,498,0,2,2,0.004,0,0.0012380819626239,0.0012380819626239,0.0012380819626239,0.0,0.0,0,0
R_42_watts_strogatz_0.05_0_const,DETERMINISTIC_EMPIRICAL_ABM,watts_strogatz,0.05,42,0,constant,23,498,0,2,2,0.004,0,0.0012380819626239,0.0012380819626239,0.0012380819626239,0.0,0.0,0,0
R_42_watts_strogatz_0.05_0_const,DETERMINISTIC_EMPIRICAL_ABM,watts_strogatz,0.05,42,0,constant,24,498,0,2,2,0.004,0,0.0012380819626239,0.0012380819626239,0.0012380819626239,0.0,0.0,0,0
R_42_watts_strogatz_0.05_0_emp,DETERMINISTIC_EMPIRICAL_ABM,watts_strogatz,0.05,42,0,empirical,0,498,2,0,2,0.004,5,0.0012380819626239,0.0003295956104831,0.0018152066289457,0.0007,0.0,0,0
R_42_watts_strogatz_0.05_0_emp,DETERMINISTIC_EMPIRICAL_ABM,watts_strogatz,0.05,42,0,empirical,1,498,2,0,2,0.004,0,0.0012380819626239,0.0003295956104831,0.0018152066289457,0.0007,0.0,0,0
R_42_watts_strogatz_0.05_0_emp,DETERMINISTIC_EMPIRICAL_ABM,watts_strogatz,0.05,42,0,empirical,2,498,0,2,2,0.004,0,0.0012380819626239,0.0003295956104831,0.0018152066289457,0.0,0.0,0,0
R_42_watts_strogatz_0.05_0_emp,DETERMINISTIC_EMPIRICAL_ABM,watts_strogatz,0.05,42,0,empirical,3,498,0,2,2,0.004,0,0.0012380819626239,0.0003295956104831,0.0018152066289457,0.0,0.0,0,0
R_42_watts_strogatz_0.05_0_emp,DETERMINISTIC_EMPIRICAL_ABM,watts_strogatz,0.05,42,0,empirical,4,498,0,2,2,0.004,0,0.0012380819626239,0.0003295956104831,0.0018152066289457,0.0,0.0,0,0
R_42_watts_strogatz_0.05_0_emp,DETERMINISTIC_EMPIRICAL_ABM,watts_strogatz,0.05,42,0,empirical,5,498,0,2,2,0.004,0,0.0012380819626239,0.0003295956104831,0.0018152066289457,0.0,0.0,0,0
R_42_watts_strogatz_0.05_0_emp,DETERMINISTIC_EMPIRICAL_ABM,watts_strogatz,0.05,42,0,empirical,6,498,0,2,2,0.004,0,0.0012380819626239,0.0003295956104831,0.0018152066289457,0.0,0.0,0,0
R_42_watts_strogatz_0.05_0_emp,DETERMINISTIC_EMPIRICAL_ABM,watts_strogatz,0.05,42,0,empirical,7,498,0,2,2,0.004,0,0.0012380819626239,0.0003295956104831,0.0018152066289457,0.0,0.0,0,0
R_42_watts_strogatz_0.05_0_emp,DETERMINISTIC_EMPIRICAL_ABM,watts_strogatz,0.05,42,0,empirical,8,498,0,2,2,0.004,0,0.0012380819626239,0.0003295956104831,0.0018152066289457,0.0,0.0,0,0
R_42_watts_strogatz_0.05_0_emp,DETERMINISTIC_EMPIRICAL_ABM,watts_strogatz,0.05,42,0,empirical,9,498,0,2,2,0.004,0,0.0012380819626239,0.0003295956104831,0.0018152066289457,0.0,0.0,0,0
R_42_watts_strogatz_0.05_0_emp,DETERMINISTIC_EMPIRICAL_ABM,watts_strogatz,0.05,42,0,empirical,10,498,0,2,2,0.004,0,0.0012380819626239,0.0003295956104831,0.0018152066289457,0.0,0.0,0,0
R_42_watts_strogatz_0.05_0_emp,DETERMINISTIC_EMPIRICAL_ABM,watts_strogatz,0.05,42,0,empirical,11,498,0,2,2,0.004,0,0.0012380819626239,0.0003295956104831,0.0018152066289457,0.0,0.0,0,0
R_42_watts_strogatz_0.05_0_emp,DETERMINISTIC_EMPIRICAL_ABM,watts_strogatz,0.05,42,0,empirical,12,498,0,2,2,0.004,0,0.0012380819626239,0.0003295956104831,0.0018152066289457,0.0,0.0,0,0
R_42_watts_strogatz_0.05_0_emp,DETERMINISTIC_EMPIRICAL_ABM,watts_strogatz,0.05,42,0,empirical,13,498,0,2,2,0.004,0,0.0012380819626239,0.0003295956104831,0.0018152066289457,0.0,0.0,0,0
R_42_watts_strogatz_0.05_0_emp,DETERMINISTIC_EMPIRICAL_ABM,watts_strogatz,0.05,42,0,empirical,14,498,0,2,2,0.004,0,0.0012380819626239,0.0003295956104831,0.0018152066289457,0.0,0.0,0,0
R_42_watts_strogatz_0.05_0_emp,DETERMINISTIC_EMPIRICAL_ABM,watts_strogatz,0.05,42,0,empirical,15,498,0,2,2,0.004,0,0.0012380819626239,0.0003295956104831,0.0018152066289457,0.0,0.0,0,0
R_42_watts_strogatz_0.05_0_emp,DETERMINISTIC_EMPIRICAL_ABM,watts_strogatz,0.05,42,0,empirical,16,498,0,2,2,0.004,0,0.0012380819626239,0.0003295956104831,0.0018152066289457,0.0,0.0,0,0
R_42_watts_strogatz_0.05_0_emp,DETERMINISTIC_EMPIRICAL_ABM,watts_strogatz,0.05,42,0,empirical,17,498,0,2,2,0.004,0,0.0012380819626239,0.0003295956104831,0.0018152066289457,0.0,0.0,0,0
R_42_watts_strogatz_0.05_0_emp,DETERMINISTIC_EMPIRICAL_ABM,watts_strogatz,0.05,42,0,empirical,18,498,0,2,2,0.004,0,0.0012380819626239,0.0003295956104831,0.0018152066289457,0.0,0.0,0,0
R_42_watts_strogatz_0.05_0_emp,DETERMINISTIC_EMPIRICAL_ABM,watts_strogatz,0.05,42,0,empirical,19,498,0,2,2,0.004,0,0.0012380819626239,0.0003295956104831,0.0018152066289457,0.0,0.0,0,0
R_42_watts_strogatz_0.05_0_emp,DETERMINISTIC_EMPIRICAL_ABM,watts_strogatz,0.05,42,0,empirical,20,498,0,2,2,0.004,0,0.0012380819626239,0.0003295956104831,0.0018152066289457,0.0,0.0,0,0
R_42_watts_strogatz_0.05_0_emp,DETERMINISTIC_EMPIRICAL_ABM,watts_strogatz,0.05,42,0,empirical,21,498,0,2,2,0.004,0,0.0012380819626239,0.0003295956104831,0.0018152066289457,0.0,0.0,0,0
R_42_watts_strogatz_0.05_0_emp,DETERMINISTIC_EMPIRICAL_ABM,watts_strogatz,0.05,42,0,empirical,22,498,0,2,2,0.004,0,0.0012380819626239,0.0003295956104831,0.0018152066289457,0.0,0.0,0,0
R_42_watts_strogatz_0.05_0_emp,DETERMINISTIC_EMPIRICAL_ABM,watts_strogatz,0.05,42,0,empirical,23,498,0,2,2,0.004,0,0.0012380819626239,0.0003295956104831,0.0018152066289457,0.0,0.0,0,0
R_42_watts_strogatz_0.05_0_emp,DETERMINISTIC_EMPIRICAL_ABM,watts_strogatz,0.05,42,0,empirical,24,498,0,2,2,0.004,0,0.0012380819626239,0.0003295956104831,0.0018152066289457,0.0,0.0,0,0
R_42_watts_strogatz_0.15_0_const,DETERMINISTIC_EMPIRICAL_ABM,watts_strogatz,0.15,42,0,constant,0,498,2,0,2,0.004,5,0.0012380819626239,0.0012380819626239,0.0012380819626239,0.0021,0.0,0,0
R_42_watts_strogatz_0.15_0_const,DETERMINISTIC_EMPIRICAL_ABM,watts_strogatz,0.15,42,0,constant,1,498,2,0,2,0.004,0,0.0012380819626239,0.0012380819626239,0.0012380819626239,0.0021,0.0,7,0
R_42_watts_strogatz_0.15_0_const,DETERMINISTIC_EMPIRICAL_ABM,watts_strogatz,0.15,42,0,constant,2,498,0,2,2,0.004,0,0.0012380819626239,0.0012380819626239,0.0012380819626239,0.0,0.0,10,0
R_42_watts_strogatz_0.15_0_const,DETERMINISTIC_EMPIRICAL_ABM,watts_strogatz,0.15,42,0,constant,3,498,0,2,2,0.004,0,0.0012380819626239,0.0012380819626239,0.0012380819626239,0.0,0.0,10,0
R_42_watts_strogatz_0.15_0_const,DETERMINISTIC_EMPIRICAL_ABM,watts_strogatz,0.15,42,0,constant,4,498,0,2,2,0.004,0,0.0012380819626239,0.0012380819626239,0.0012380819626239,0.0,0.0,10,0
R_42_watts_strogatz_0.15_0_const,DETERMINISTIC_EMPIRICAL_ABM,watts_strogatz,0.15,42,0,constant,5,498,0,2,2,0.004,0,0.0012380819626239,0.0012380819626239,0.0012380819626239,0.0,0.0,10,0
R_42_watts_strogatz_0.15_0_const,DETERMINISTIC_EMPIRICAL_ABM,watts_strogatz,0.15,42,0,constant,6,498,0,2,2,0.004,0,0.0012380819626239,0.0012380819626239,0.0012380819626239,0.0,0.0,10,0
R_42_watts_strogatz_0.15_0_const,DETERMINISTIC_EMPIRICAL_ABM,watts_strogatz,0.15,42,0,constant,7,498,0,2,2,0.004,0,0.0012380819626239,0.0012380819626239,0.0012380819626239,0.0,0.0,10,0
R_42_watts_strogatz_0.15_0_const,DETERMINISTIC_EMPIRICAL_ABM,watts_strogatz,0.15,42,0,constant,8,498,0,2,2,0.004,0,0.0012380819626239,0.0012380819626239,0.0012380819626239,0.0,0.0,10,0
R_42_watts_strogatz_0.15_0_const,DETERMINISTIC_EMPIRICAL_ABM,watts_strogatz,0.15,42,0,constant,9,498,0,2,2,0.004,0,0.0012380819626239,0.0012380819626239,0.0012380819626239,0.0,0.0,10,0
R_42_watts_strogatz_0.15_0_const,DETERMINISTIC_EMPIRICAL_ABM,watts_strogatz,0.15,42,0,constant,10,498,0,2,2,0.004,0,0.0012380819626239,0.0012380819626239,0.0012380819626239,0.0,0.0,10,0
R_42_watts_strogatz_0.15_0_const,DETERMINISTIC_EMPIRICAL_ABM,watts_strogatz,0.15,42,0,constant,11,498,0,2,2,0.004,0,0.0012380819626239,0.0012380819626239,0.0012380819626239,0.0,0.0,10,0
R_42_watts_strogatz_0.15_0_const,DETERMINISTIC_EMPIRICAL_ABM,watts_strogatz,0.15,42,0,constant,12,498,0,2,2,0.004,0,0.0012380819626239,0.0012380819626239,0.0012380819626239,0.0,0.0,10,0
R_42_watts_strogatz_0.15_0_const,DETERMINISTIC_EMPIRICAL_ABM,watts_strogatz,0.15,42,0,constant,13,498,0,2,2,0.004,0,0.0012380819626239,0.0012380819626239,0.0012380819626239,0.0,0.0,10,0
R_42_watts_strogatz_0.15_0_const,DETERMINISTIC_EMPIRICAL_ABM,watts_strogatz,0.15,42,0,constant,14,498,0,2,2,0.004,0,0.0012380819626239,0.0012380819626239,0.0012380819626239,0.0,0.0,10,0
R_42_watts_strogatz_0.15_0_const,DETERMINISTIC_EMPIRICAL_ABM,watts_strogatz,0.15,42,0,constant,15,498,0,2,2,0.004,0,0.0012380819626239,0.0012380819626239,0.0012380819626239,0.0,0.0,10,0
R_42_watts_strogatz_0.15_0_const,DETERMINISTIC_EMPIRICAL_ABM,watts_strogatz,0.15,42,0,constant,16,498,0,2,2,0.004,0,0.0012380819626239,0.0012380819626239,0.0012380819626239,0.0,0.0,10,0
R_42_watts_strogatz_0.15_0_const,DETERMINISTIC_EMPIRICAL_ABM,watts_strogatz,0.15,42,0,constant,17,498,0,2,2,0.004,0,0.0012380819626239,0.0012380819626239,0.0012380819626239,0.0,0.0,10,0
R_42_watts_strogatz_0.15_0_const,DETERMINISTIC_EMPIRICAL_ABM,watts_strogatz,0.15,42,0,constant,18,498,0,2,2,0.004,0,0.0012380819626239,0.0012380819626239,0.0012380819626239,0.0,0.0,10,0
R_42_watts_strogatz_0.15_0_const,DETERMINISTIC_EMPIRICAL_ABM,watts_strogatz,0.15,42,0,constant,19,498,0,2,2,0.004,0,0.0012380819626239,0.0012380819626239,0.0012380819626239,0.0,0.0,10,0
R_42_watts_strogatz_0.15_0_const,DETERMINISTIC_EMPIRICAL_ABM,watts_strogatz,0.15,42,0,constant,20,498,0,2,2,0.004,0,0.0012380819626239,0.0012380819626239,0.0012380819626239,0.0,0.0,10,0
R_42_watts_strogatz_0.15_0_const,DETERMINISTIC_EMPIRICAL_ABM,watts_strogatz,0.15,42,0,constant,21,498,0,2,2,0.004,0,0.0012380819626239,0.0012380819626239,0.0012380819626239,0.0,0.0,10,0
R_42_watts_strogatz_0.15_0_const,DETERMINISTIC_EMPIRICAL_ABM,watts_strogatz,0.15,42,0,constant,22,498,0,2,2,0.004,0,0.0012380819626239,0.0012380819626239,0.0012380819626239,0.0,0.0,10,0
R_42_watts_strogatz_0.15_0_const,DETERMINISTIC_EMPIRICAL_ABM,watts_strogatz,0.15,42,0,constant,23,498,0,2,2,0.004,0,0.0012380819626239,0.0012380819626239,0.0012380819626239,0.0,0.0,10,0
R_42_watts_strogatz_0.15_0_const,DETERMINISTIC_EMPIRICAL_ABM,watts_strogatz,0.15,42,0,constant,24,498,0,2,2,0.004,0,0.0012380819626239,0.0012380819626239,0.0012380819626239,0.0,0.0,10,0
R_42_watts_strogatz_0.15_0_emp,DETERMINISTIC_EMPIRICAL_ABM,watts_strogatz,0.15,42,0,empirical,0,498,2,0,2,0.004,5,0.0012380819626239,0.0003295956104831,0.0018152066289457,0.0021,0.0,0,0
R_42_watts_strogatz_0.15_0_emp,DETERMINISTIC_EMPIRICAL_ABM,watts_strogatz,0.15,42,0,empirical,1,498,2,0,2,0.004,0,0.0012380819626239,0.0003295956104831,0.0018152066289457,0.0021,0.0,7,0
R_42_watts_strogatz_0.15_0_emp,DETERMINISTIC_EMPIRICAL_ABM,watts_strogatz,0.15,42,0,empirical,2,498,0,2,2,0.004,0,0.0012380819626239,0.0003295956104831,0.0018152066289457,0.0,0.0,10,0
R_42_watts_strogatz_0.15_0_emp,DETERMINISTIC_EMPIRICAL_ABM,watts_strogatz,0.15,42,0,empirical,3,498,0,2,2,0.004,0,0.0012380819626239,0.0003295956104831,0.0018152066289457,0.0,0.0,10,0
R_42_watts_strogatz_0.15_0_emp,DETERMINISTIC_EMPIRICAL_ABM,watts_strogatz,0.15,42,0,empirical,4,498,0,2,2,0.004,0,0.0012380819626239,0.0003295956104831,0.0018152066289457,0.0,0.0,10,0
R_42_watts_strogatz_0.15_0_emp,DETERMINISTIC_EMPIRICAL_ABM,watts_strogatz,0.15,42,0,empirical,5,498,0,2,2,0.004,0,0.0012380819626239,0.0003295956104831,0.0018152066289457,0.0,0.0,10,0
R_42_watts_strogatz_0.15_0_emp,DETERMINISTIC_EMPIRICAL_ABM,watts_strogatz,0.15,42,0,empirical,6,498,0,2,2,0.004,0,0.0012380819626239,0.0003295956104831,0.0018152066289457,0.0,0.0,10,0
R_42_watts_strogatz_0.15_0_emp,DETERMINISTIC_EMPIRICAL_ABM,watts_strogatz,0.15,42,0,empirical,7,498,0,2,2,0.004,0,0.0012380819626239,0.0003295956104831,0.0018152066289457,0.0,0.0,10,0
R_42_watts_strogatz_0.15_0_emp,DETERMINISTIC_EMPIRICAL_ABM,watts_strogatz,0.15,42,0,empirical,8,498,0,2,2,0.004,0,0.0012380819626239,0.0003295956104831,0.0018152066289457,0.0,0.0,10,0
R_42_watts_strogatz_0.15_0_emp,DETERMINISTIC_EMPIRICAL_ABM,watts_strogatz,0.15,42,0,empirical,9,498,0,2,2,0.004,0,0.0012380819626239,0.0003295956104831,0.0018152066289457,0.0,0.0,10,0
R_42_watts_strogatz_0.15_0_emp,DETERMINISTIC_EMPIRICAL_ABM,watts_strogatz,0.15,42,0,empirical,10,498,0,2,2,0.004,0,0.0012380819626239,0.0003295956104831,0.0018152066289457,0.0,0.0,10,0
R_42_watts_strogatz_0.15_0_emp,DETERMINISTIC_EMPIRICAL_ABM,watts_strogatz,0.15,42,0,empirical,11,498,0,2,2,0.004,0,0.0012380819626239,0.0003295956104831,0.0018152066289457,0.0,0.0,10,0
R_42_watts_strogatz_0.15_0_emp,DETERMINISTIC_EMPIRICAL_ABM,watts_strogatz,0.15,42,0,empirical,12,498,0,2,2,0.004,0,0.0012380819626239,0.0003295956104831,0.0018152066289457,0.0,0.0,10,0
R_42_watts_strogatz_0.15_0_emp,DETERMINISTIC_EMPIRICAL_ABM,watts_strogatz,0.15,42,0,empirical,13,498,0,2,2,0.004,0,0.0012380819626239,0.0003295956104831,0.0018152066289457,0.0,0.0,10,0
R_42_watts_strogatz_0.15_0_emp,DETERMINISTIC_EMPIRICAL_ABM,watts_strogatz,0.15,42,0,empirical,14,498,0,2,2,0.004,0,0.0012380819626239,0.0003295956104831,0.0018152066289457,0.0,0.0,10,0
R_42_watts_strogatz_0.15_0_emp,DETERMINISTIC_EMPIRICAL_ABM,watts_strogatz,0.15,42,0,empirical,15,498,0,2,2,0.004,0,0.0012380819626239,0.0003295956104831,0.0018152066289457,0.0,0.0,10,0
R_42_watts_strogatz_0.15_0_emp,DETERMINISTIC_EMPIRICAL_ABM,watts_strogatz,0.15,42,0,empirical,16,498,0,2,2,0.004,0,0.0012380819626239,0.0003295956104831,0.0018152066289457,0.0,0.0,10,0
R_42_watts_strogatz_0.15_0_emp,DETERMINISTIC_EMPIRICAL_ABM,watts_strogatz,0.15,42,0,empirical,17,498,0,2,2,0.004,0,0.0012380819626239,0.0003295956104831,0.0018152066289457,0.0,0.0,10,0
R_42_watts_strogatz_0.15_0_emp,DETERMINISTIC_EMPIRICAL_ABM,watts_strogatz,0.15,42,0,empirical,18,498,0,2,2,0.004,0,0.0012380819626239,0.0003295956104831,0.0018152066289457,0.0,0.0,10,0
R_42_watts_strogatz_0.15_0_emp,DETERMINISTIC_EMPIRICAL_ABM,watts_strogatz,0.15,42,0,empirical,19,498,0,2,2,0.004,0,0.0012380819626239,0.0003295956104831,0.0018152066289457,0.0,0.0,10,0
R_42_watts_strogatz_0.15_0_emp,DETERMINISTIC_EMPIRICAL_ABM,watts_strogatz,0.15,42,0,empirical,20,498,0,2,2,0.004,0,0.0012380819626239,0.0003295956104831,0.0018152066289457,0.0,0.0,10,0
R_42_watts_strogatz_0.15_0_emp,DETERMINISTIC_EMPIRICAL_ABM,watts_strogatz,0.15,42,0,empirical,21,498,0,2,2,0.004,0,0.0012380819626239,0.0003295956104831,0.0018152066289457,0.0,0.0,10,0
R_42_watts_strogatz_0.15_0_emp,DETERMINISTIC_EMPIRICAL_ABM,watts_strogatz,0.15,42,0,empirical,22,498,0,2,2,0.004,0,0.0012380819626239,0.0003295956104831,0.0018152066289457,0.0,0.0,10,0
R_42_watts_strogatz_0.15_0_emp,DETERMINISTIC_EMPIRICAL_ABM,watts_strogatz,0.15,42,0,empirical,23,498,0,2,2,0.004,0,0.0012380819626239,0.0003295956104831,0.0018152066289457,0.0,0.0,10,0
R_42_watts_strogatz_0.15_0_emp,DETERMINISTIC_EMPIRICAL_ABM,watts_strogatz,0.15,42,0,empirical,24,498,0,2,2,0.004,0,0.0012380819626239,0.0003295956104831,0.0018152066289457,0.0,0.0,10,0
R_42_watts_strogatz_0.3_0_const,DETERMINISTIC_EMPIRICAL_ABM,watts_strogatz,0.3,42,0,constant,0,498,2,0,2,0.004,5,0.0012380819626239,0.0012380819626239,0.0012380819626239,0.0042,0.0,0,0
R_42_watts_strogatz_0.3_0_const,DETERMINISTIC_EMPIRICAL_ABM,watts_strogatz,0.3,42,0,constant,1,498,2,0,2,0.004,0,0.0012380819626239,0.0012380819626239,0.0012380819626239,0.0042,0.0,7,0
R_42_watts_strogatz_0.3_0_const,DETERMINISTIC_EMPIRICAL_ABM,watts_strogatz,0.3,42,0,constant,2,498,0,2,2,0.004,0,0.0012380819626239,0.0012380819626239,0.0012380819626239,0.0,0.0,10,0
R_42_watts_strogatz_0.3_0_const,DETERMINISTIC_EMPIRICAL_ABM,watts_strogatz,0.3,42,0,constant,3,498,0,2,2,0.004,0,0.0012380819626239,0.0012380819626239,0.0012380819626239,0.0,0.0,10,0
R_42_watts_strogatz_0.3_0_const,DETERMINISTIC_EMPIRICAL_ABM,watts_strogatz,0.3,42,0,constant,4,498,0,2,2,0.004,0,0.0012380819626239,0.0012380819626239,0.0012380819626239,0.0,0.0,10,0
R_42_watts_strogatz_0.3_0_const,DETERMINISTIC_EMPIRICAL_ABM,watts_strogatz,0.3,42,0,constant,5,498,0,2,2,0.004,0,0.0012380819626239,0.0012380819626239,0.0012380819626239,0.0,0.0,10,0
R_42_watts_strogatz_0.3_0_const,DETERMINISTIC_EMPIRICAL_ABM,watts_strogatz,0.3,42,0,constant,6,498,0,2,2,0.004,0,0.0012380819626239,0.0012380819626239,0.0012380819626239,0.0,0.0,10,0
R_42_watts_strogatz_0.3_0_const,DETERMINISTIC_EMPIRICAL_ABM,watts_strogatz,0.3,42,0,constant,7,498,0,2,2,0.004,0,0.0012380819626239,0.0012380819626239,0.0012380819626239,0.0,0.0,10,0
R_42_watts_strogatz_0.3_0_const,DETERMINISTIC_EMPIRICAL_ABM,watts_strogatz,0.3,42,0,constant,8,498,0,2,2,0.004,0,0.0012380819626239,0.0012380819626239,0.0012380819626239,0.0,0.0,10,0
R_42_watts_strogatz_0.3_0_const,DETERMINISTIC_EMPIRICAL_ABM,watts_strogatz,0.3,42,0,constant,9,498,0,2,2,0.004,0,0.0012380819626239,0.0012380819626239,0.0012380819626239,0.0,0.0,10,0
R_42_watts_strogatz_0.3_0_const,DETERMINISTIC_EMPIRICAL_ABM,watts_strogatz,0.3,42,0,constant,10,498,0,2,2,0.004,0,0.0012380819626239,0.0012380819626239,0.0012380819626239,0.0,0.0,10,0
R_42_watts_strogatz_0.3_0_const,DETERMINISTIC_EMPIRICAL_ABM,watts_strogatz,0.3,42,0,constant,11,498,0,2,2,0.004,0,0.0012380819626239,0.0012380819626239,0.0012380819626239,0.0,0.0,10,0
R_42_watts_strogatz_0.3_0_const,DETERMINISTIC_EMPIRICAL_ABM,watts_strogatz,0.3,42,0,constant,12,498,0,2,2,0.004,0,0.0012380819626239,0.0012380819626239,0.0012380819626239,0.0,0.0,10,0
R_42_watts_strogatz_0.3_0_const,DETERMINISTIC_EMPIRICAL_ABM,watts_strogatz,0.3,42,0,constant,13,498,0,2,2,0.004,0,0.0012380819626239,0.0012380819626239,0.0012380819626239,0.0,0.0,10,0
R_42_watts_strogatz_0.3_0_const,DETERMINISTIC_EMPIRICAL_ABM,watts_strogatz,0.3,42,0,constant,14,498,0,2,2,0.004,0,0.0012380819626239,0.0012380819626239,0.0012380819626239,0.0,0.0,10,0
R_42_watts_strogatz_0.3_0_const,DETERMINISTIC_EMPIRICAL_ABM,watts_strogatz,0.3,42,0,constant,15,498,0,2,2,0.004,0,0.0012380819626239,0.0012380819626239,0.0012380819626239,0.0,0.0,10,0
R_42_watts_strogatz_0.3_0_const,DETERMINISTIC_EMPIRICAL_ABM,watts_strogatz,0.3,42,0,constant,16,498,0,2,2,0.004,0,0.0012380819626239,0.0012380819626239,0.0012380819626239,0.0,0.0,10,0
R_42_watts_strogatz_0.3_0_const,DETERMINISTIC_EMPIRICAL_ABM,watts_strogatz,0.3,42,0,constant,17,498,0,2,2,0.004,0,0.0012380819626239,0.0012380819626239,0.0012380819626239,0.0,0.0,10,0
R_42_watts_strogatz_0.3_0_const,DETERMINISTIC_EMPIRICAL_ABM,watts_strogatz,0.3,42,0,constant,18,498,0,2,2,0.004,0,0.0012380819626239,0.0012380819626239,0.0012380819626239,0.0,0.0,10,0
R_42_watts_strogatz_0.3_0_const,DETERMINISTIC_EMPIRICAL_ABM,watts_strogatz,0.3,42,0,constant,19,498,0,2,2,0.004,0,0.0012380819626239,0.0012380819626239,0.0012380819626239,0.0,0.0,10,0
R_42_watts_strogatz_0.3_0_const,DETERMINISTIC_EMPIRICAL_ABM,watts_strogatz,0.3,42,0,constant,20,498,0,2,2,0.004,0,0.0012380819626239,0.0012380819626239,0.0012380819626239,0.0,0.0,10,0
R_42_watts_strogatz_0.3_0_const,DETERMINISTIC_EMPIRICAL_ABM,watts_strogatz,0.3,42,0,constant,21,498,0,2,2,0.004,0,0.0012380819626239,0.0012380819626239,0.0012380819626239,0.0,0.0,10,0
R_42_watts_strogatz_0.3_0_const,DETERMINISTIC_EMPIRICAL_ABM,watts_strogatz,0.3,42,0,constant,22,498,0,2,2,0.004,0,0.0012380819626239,0.0012380819626239,0.0012380819626239,0.0,0.0,10,0
R_42_watts_strogatz_0.3_0_const,DETERMINISTIC_EMPIRICAL_ABM,watts_strogatz,0.3,42,0,constant,23,498,0,2,2,0.004,0,0.0012380819626239,0.0012380819626239,0.0012380819626239,0.0,0.0,10,0
R_42_watts_strogatz_0.3_0_const,DETERMINISTIC_EMPIRICAL_ABM,watts_strogatz,0.3,42,0,constant,24,498,0,2,2,0.004,0,0.0012380819626239,0.0012380819626239,0.0012380819626239,0.0,0.0,10,0
R_42_watts_strogatz_0.3_0_emp,DETERMINISTIC_EMPIRICAL_ABM,watts_strogatz,0.3,42,0,empirical,0,498,2,0,2,0.004,5,0.0012380819626239,0.0003295956104831,0.0018152066289457,0.0042,0.0,0,0
R_42_watts_strogatz_0.3_0_emp,DETERMINISTIC_EMPIRICAL_ABM,watts_strogatz,0.3,42,0,empirical,1,498,2,0,2,0.004,0,0.0012380819626239,0.0003295956104831,0.0018152066289457,0.0042,0.0,7,0
R_42_watts_strogatz_0.3_0_emp,DETERMINISTIC_EMPIRICAL_ABM,watts_strogatz,0.3,42,0,empirical,2,498,0,2,2,0.004,0,0.0012380819626239,0.0003295956104831,0.0018152066289457,0.0,0.0,10,0
R_42_watts_strogatz_0.3_0_emp,DETERMINISTIC_EMPIRICAL_ABM,watts_strogatz,0.3,42,0,empirical,3,498,0,2,2,0.004,0,0.0012380819626239,0.0003295956104831,0.0018152066289457,0.0,0.0,10,0
R_42_watts_strogatz_0.3_0_emp,DETERMINISTIC_EMPIRICAL_ABM,watts_strogatz,0.3,42,0,empirical,4,498,0,2,2,0.004,0,0.0012380819626239,0.0003295956104831,0.0018152066289457,0.0,0.0,10,0
R_42_watts_strogatz_0.3_0_emp,DETERMINISTIC_EMPIRICAL_ABM,watts_strogatz,0.3,42,0,empirical,5,498,0,2,2,0.004,0,0.0012380819626239,0.0003295956104831,0.0018152066289457,0.0,0.0,10,0
R_42_watts_strogatz_0.3_0_emp,DETERMINISTIC_EMPIRICAL_ABM,watts_strogatz,0.3,42,0,empirical,6,498,0,2,2,0.004,0,0.0012380819626239,0.0003295956104831,0.0018152066289457,0.0,0.0,10,0
R_42_watts_strogatz_0.3_0_emp,DETERMINISTIC_EMPIRICAL_ABM,watts_strogatz,0.3,42,0,empirical,7,498,0,2,2,0.004,0,0.0012380819626239,0.0003295956104831,0.0018152066289457,0.0,0.0,10,0
R_42_watts_strogatz_0.3_0_emp,DETERMINISTIC_EMPIRICAL_ABM,watts_strogatz,0.3,42,0,empirical,8,498,0,2,2,0.004,0,0.0012380819626239,0.0003295956104831,0.0018152066289457,0.0,0.0,10,0
R_42_watts_strogatz_0.3_0_emp,DETERMINISTIC_EMPIRICAL_ABM,watts_strogatz,0.3,42,0,empirical,9,498,0,2,2,0.004,0,0.0012380819626239,0.0003295956104831,0.0018152066289457,0.0,0.0,10,0
R_42_watts_strogatz_0.3_0_emp,DETERMINISTIC_EMPIRICAL_ABM,watts_strogatz,0.3,42,0,empirical,10,498,0,2,2,0.004,0,0.0012380819626239,0.0003295956104831,0.0018152066289457,0.0,0.0,10,0
R_42_watts_strogatz_0.3_0_emp,DETERMINISTIC_EMPIRICAL_ABM,watts_strogatz,0.3,42,0,empirical,11,498,0,2,2,0.004,0,0.0012380819626239,0.0003295956104831,0.0018152066289457,0.0,0.0,10,0
R_42_watts_strogatz_0.3_0_emp,DETERMINISTIC_EMPIRICAL_ABM,watts_strogatz,0.3,42,0,empirical,12,498,0,2,2,0.004,0,0.0012380819626239,0.0003295956104831,0.0018152066289457,0.0,0.0,10,0
R_42_watts_strogatz_0.3_0_emp,DETERMINISTIC_EMPIRICAL_ABM,watts_strogatz,0.3,42,0,empirical,13,498,0,2,2,0.004,0,0.0012380819626239,0.0003295956104831,0.0018152066289457,0.0,0.0,10,0
R_42_watts_strogatz_0.3_0_emp,DETERMINISTIC_EMPIRICAL_ABM,watts_strogatz,0.3,42,0,empirical,14,498,0,2,2,0.004,0,0.0012380819626239,0.0003295956104831,0.0018152066289457,0.0,0.0,10,0
R_42_watts_strogatz_0.3_0_emp,DETERMINISTIC_EMPIRICAL_ABM,watts_strogatz,0.3,42,0,empirical,15,498,0,2,2,0.004,0,0.0012380819626239,0.0003295956104831,0.0018152066289457,0.0,0.0,10,0
R_42_watts_strogatz_0.3_0_emp,DETERMINISTIC_EMPIRICAL_ABM,watts_strogatz,0.3,42,0,empirical,16,498,0,2,2,0.004,0,0.0012380819626239,0.0003295956104831,0.0018152066289457,0.0,0.0,10,0
R_42_watts_strogatz_0.3_0_emp,DETERMINISTIC_EMPIRICAL_ABM,watts_strogatz,0.3,42,0,empirical,17,498,0,2,2,0.004,0,0.0012380819626239,0.0003295956104831,0.0018152066289457,0.0,0.0,10,0
R_42_watts_strogatz_0.3_0_emp,DETERMINISTIC_EMPIRICAL_ABM,watts_strogatz,0.3,42,0,empirical,18,498,0,2,2,0.004,0,0.0012380819626239,0.0003295956104831,0.0018152066289457,0.0,0.0,10,0
R_42_watts_strogatz_0.3_0_emp,DETERMINISTIC_EMPIRICAL_ABM,watts_strogatz,0.3,42,0,empirical,19,498,0,2,2,0.004,0,0.0012380819626239,0.0003295956104831,0.0018152066289457,0.0,0.0,10,0
R_42_watts_strogatz_0.3_0_emp,DETERMINISTIC_EMPIRICAL_ABM,watts_strogatz,0.3,42,0,empirical,20,498,0,2,2,0.004,0,0.0012380819626239,0.0003295956104831,0.0018152066289457,0.0,0.0,10,0
R_42_watts_strogatz_0.3_0_emp,DETERMINISTIC_EMPIRICAL_ABM,watts_strogatz,0.3,42,0,empirical,21,498,0,2,2,0.004,0,0.0012380819626239,0.0003295956104831,0.0018152066289457,0.0,0.0,10,0
R_42_watts_strogatz_0.3_0_emp,DETERMINISTIC_EMPIRICAL_ABM,watts_strogatz,0.3,42,0,empirical,22,498,0,2,2,0.004,0,0.0012380819626239,0.0003295956104831,0.0018152066289457,0.0,0.0,10,0
R_42_watts_strogatz_0.3_0_emp,DETERMINISTIC_EMPIRICAL_ABM,watts_strogatz,0.3,42,0,empirical,23,498,0,2,2,0.004,0,0.0012380819626239,0.0003295956104831,0.0018152066289457,0.0,0.0,10,0
R_42_watts_strogatz_0.3_0_emp,DETERMINISTIC_EMPIRICAL_ABM,watts_strogatz,0.3,42,0,empirical,24,498,0,2,2,0.004,0,0.0012380819626239,0.0003295956104831,0.0018152066289457,0.0,0.0,10,0
R_43_barabasi_albert_0.05_0_const,DETERMINISTIC_EMPIRICAL_ABM,barabasi_albert,0.05,43,0,constant,0,500,0,0,0,0.0,5,0.0012380819626239,0.0012380819626239,0.0012380819626239,0.0,0.0,0,0
R_43_barabasi_albert_0.05_0_const,DETERMINISTIC_EMPIRICAL_ABM,barabasi_albert,0.05,43,0,constant,1,500,0,0,0,0.0,0,0.0012380819626239,0.0012380819626239,0.0012380819626239,0.0,0.0,0,0
R_43_barabasi_albert_0.05_0_const,DETERMINISTIC_EMPIRICAL_ABM,barabasi_albert,0.05,43,0,constant,2,500,0,0,0,0.0,0,0.0012380819626239,0.0012380819626239,0.0012380819626239,0.0,0.0,0,0
R_43_barabasi_albert_0.05_0_const,DETERMINISTIC_EMPIRICAL_ABM,barabasi_albert,0.05,43,0,constant,3,500,0,0,0,0.0,0,0.0012380819626239,0.0012380819626239,0.0012380819626239,0.0,0.0,0,0
R_43_barabasi_albert_0.05_0_const,DETERMINISTIC_EMPIRICAL_ABM,barabasi_albert,0.05,43,0,constant,4,500,0,0,0,0.0,0,0.0012380819626239,0.0012380819626239,0.0012380819626239,0.0,0.0,0,0
R_43_barabasi_albert_0.05_0_const,DETERMINISTIC_EMPIRICAL_ABM,barabasi_albert,0.05,43,0,constant,5,500,0,0,0,0.0,0,0.0012380819626239,0.0012380819626239,0.0012380819626239,0.0,0.0,0,0
R_43_barabasi_albert_0.05_0_const,DETERMINISTIC_EMPIRICAL_ABM,barabasi_albert,0.05,43,0,constant,6,500,0,0,0,0.0,0,0.0012380819626239,0.0012380819626239,0.0012380819626239,0.0,0.0,0,0
R_43_barabasi_albert_0.05_0_const,DETERMINISTIC_EMPIRICAL_ABM,barabasi_albert,0.05,43,0,constant,7,500,0,0,0,0.0,0,0.0012380819626239,0.0012380819626239,0.0012380819626239,0.0,0.0,0,0
R_43_barabasi_albert_0.05_0_const,DETERMINISTIC_EMPIRICAL_ABM,barabasi_albert,0.05,43,0,constant,8,500,0,0,0,0.0,0,0.0012380819626239,0.0012380819626239,0.0012380819626239,0.0,0.0,0,0
R_43_barabasi_albert_0.05_0_const,DETERMINISTIC_EMPIRICAL_ABM,barabasi_albert,0.05,43,0,constant,9,500,0,0,0,0.0,0,0.0012380819626239,0.0012380819626239,0.0012380819626239,0.0,0.0,0,0
R_43_barabasi_albert_0.05_0_const,DETERMINISTIC_EMPIRICAL_ABM,barabasi_albert,0.05,43,0,constant,10,500,0,0,0,0.0,0,0.0012380819626239,0.0012380819626239,0.0012380819626239,0.0,0.0,0,0
R_43_barabasi_albert_0.05_0_const,DETERMINISTIC_EMPIRICAL_ABM,barabasi_albert,0.05,43,0,constant,11,500,0,0,0,0.0,0,0.0012380819626239,0.0012380819626239,0.0012380819626239,0.0,0.0,0,0
R_43_barabasi_albert_0.05_0_const,DETERMINISTIC_EMPIRICAL_ABM,barabasi_albert,0.05,43,0,constant,12,500,0,0,0,0.0,0,0.0012380819626239,0.0012380819626239,0.0012380819626239,0.0,0.0,0,0
R_43_barabasi_albert_0.05_0_const,DETERMINISTIC_EMPIRICAL_ABM,barabasi_albert,0.05,43,0,constant,13,500,0,0,0,0.0,0,0.0012380819626239,0.0012380819626239,0.0012380819626239,0.0,0.0,0,0
R_43_barabasi_albert_0.05_0_const,DETERMINISTIC_EMPIRICAL_ABM,barabasi_albert,0.05,43,0,constant,14,500,0,0,0,0.0,0,0.0012380819626239,0.0012380819626239,0.0012380819626239,0.0,0.0,0,0
R_43_barabasi_albert_0.05_0_const,DETERMINISTIC_EMPIRICAL_ABM,barabasi_albert,0.05,43,0,constant,15,500,0,0,0,0.0,0,0.0012380819626239,0.0012380819626239,0.0012380819626239,0.0,0.0,0,0
R_43_barabasi_albert_0.05_0_const,DETERMINISTIC_EMPIRICAL_ABM,barabasi_albert,0.05,43,0,constant,16,500,0,0,0,0.0,0,0.0012380819626239,0.0012380819626239,0.0012380819626239,0.0,0.0,0,0
R_43_barabasi_albert_0.05_0_const,DETERMINISTIC_EMPIRICAL_ABM,barabasi_albert,0.05,43,0,constant,17,500,0,0,0,0.0,0,0.0012380819626239,0.0012380819626239,0.0012380819626239,0.0,0.0,0,0
R_43_barabasi_albert_0.05_0_const,DETERMINISTIC_EMPIRICAL_ABM,barabasi_albert,0.05,43,0,constant,18,500,0,0,0,0.0,0,0.0012380819626239,0.0012380819626239,0.0012380819626239,0.0,0.0,0,0
R_43_barabasi_albert_0.05_0_const,DETERMINISTIC_EMPIRICAL_ABM,barabasi_albert,0.05,43,0,constant,19,500,0,0,0,0.0,0,0.0012380819626239,0.0012380819626239,0.0012380819626239,0.0,0.0,0,0
R_43_barabasi_albert_0.05_0_const,DETERMINISTIC_EMPIRICAL_ABM,barabasi_albert,0.05,43,0,constant,20,500,0,0,0,0.0,0,0.0012380819626239,0.0012380819626239,0.0012380819626239,0.0,0.0,0,0
R_43_barabasi_albert_0.05_0_const,DETERMINISTIC_EMPIRICAL_ABM,barabasi_albert,0.05,43,0,constant,21,500,0,0,0,0.0,0,0.0012380819626239,0.0012380819626239,0.0012380819626239,0.0,0.0,0,0
R_43_barabasi_albert_0.05_0_const,DETERMINISTIC_EMPIRICAL_ABM,barabasi_albert,0.05,43,0,constant,22,500,0,0,0,0.0,0,0.0012380819626239,0.0012380819626239,0.0012380819626239,0.0,0.0,0,0
R_43_barabasi_albert_0.05_0_const,DETERMINISTIC_EMPIRICAL_ABM,barabasi_albert,0.05,43,0,constant,23,500,0,0,0,0.0,0,0.0012380819626239,0.0012380819626239,0.0012380819626239,0.0,0.0,0,0
R_43_barabasi_albert_0.05_0_const,DETERMINISTIC_EMPIRICAL_ABM,barabasi_albert,0.05,43,0,constant,24,500,0,0,0,0.0,0,0.0012380819626239,0.0012380819626239,0.0012380819626239,0.0,0.0,0,0
R_43_barabasi_albert_0.05_0_emp,DETERMINISTIC_EMPIRICAL_ABM,barabasi_albert,0.05,43,0,empirical,0,500,0,0,0,0.0,5,0.0012380819626239,0.0003295956104831,0.0018152066289457,0.0,0.0,0,0
R_43_barabasi_albert_0.05_0_emp,DETERMINISTIC_EMPIRICAL_ABM,barabasi_albert,0.05,43,0,empirical,1,500,0,0,0,0.0,0,0.0012380819626239,0.0003295956104831,0.0018152066289457,0.0,0.0,0,0
R_43_barabasi_albert_0.05_0_emp,DETERMINISTIC_EMPIRICAL_ABM,barabasi_albert,0.05,43,0,empirical,2,500,0,0,0,0.0,0,0.0012380819626239,0.0003295956104831,0.0018152066289457,0.0,0.0,0,0
R_43_barabasi_albert_0.05_0_emp,DETERMINISTIC_EMPIRICAL_ABM,barabasi_albert,0.05,43,0,empirical,3,500,0,0,0,0.0,0,0.0012380819626239,0.0003295956104831,0.0018152066289457,0.0,0.0,0,0
R_43_barabasi_albert_0.05_0_emp,DETERMINISTIC_EMPIRICAL_ABM,barabasi_albert,0.05,43,0,empirical,4,500,0,0,0,0.0,0,0.0012380819626239,0.0003295956104831,0.0018152066289457,0.0,0.0,0,0
R_43_barabasi_albert_0.05_0_emp,DETERMINISTIC_EMPIRICAL_ABM,barabasi_albert,0.05,43,0,empirical,5,500,0,0,0,0.0,0,0.0012380819626239,0.0003295956104831,0.0018152066289457,0.0,0.0,0,0
R_43_barabasi_albert_0.05_0_emp,DETERMINISTIC_EMPIRICAL_ABM,barabasi_albert,0.05,43,0,empirical,6,500,0,0,0,0.0,0,0.0012380819626239,0.0003295956104831,0.0018152066289457,0.0,0.0,0,0
R_43_barabasi_albert_0.05_0_emp,DETERMINISTIC_EMPIRICAL_ABM,barabasi_albert,0.05,43,0,empirical,7,500,0,0,0,0.0,0,0.0012380819626239,0.0003295956104831,0.0018152066289457,0.0,0.0,0,0
R_43_barabasi_albert_0.05_0_emp,DETERMINISTIC_EMPIRICAL_ABM,barabasi_albert,0.05,43,0,empirical,8,500,0,0,0,0.0,0,0.0012380819626239,0.0003295956104831,0.0018152066289457,0.0,0.0,0,0
R_43_barabasi_albert_0.05_0_emp,DETERMINISTIC_EMPIRICAL_ABM,barabasi_albert,0.05,43,0,empirical,9,500,0,0,0,0.0,0,0.0012380819626239,0.0003295956104831,0.0018152066289457,0.0,0.0,0,0
R_43_barabasi_albert_0.05_0_emp,DETERMINISTIC_EMPIRICAL_ABM,barabasi_albert,0.05,43,0,empirical,10,500,0,0,0,0.0,0,0.0012380819626239,0.0003295956104831,0.0018152066289457,0.0,0.0,0,0
R_43_barabasi_albert_0.05_0_emp,DETERMINISTIC_EMPIRICAL_ABM,barabasi_albert,0.05,43,0,empirical,11,500,0,0,0,0.0,0,0.0012380819626239,0.0003295956104831,0.0018152066289457,0.0,0.0,0,0
R_43_barabasi_albert_0.05_0_emp,DETERMINISTIC_EMPIRICAL_ABM,barabasi_albert,0.05,43,0,empirical,12,500,0,0,0,0.0,0,0.0012380819626239,0.0003295956104831,0.0018152066289457,0.0,0.0,0,0
R_43_barabasi_albert_0.05_0_emp,DETERMINISTIC_EMPIRICAL_ABM,barabasi_albert,0.05,43,0,empirical,13,500,0,0,0,0.0,0,0.0012380819626239,0.0003295956104831,0.0018152066289457,0.0,0.0,0,0
R_43_barabasi_albert_0.05_0_emp,DETERMINISTIC_EMPIRICAL_ABM,barabasi_albert,0.05,43,0,empirical,14,500,0,0,0,0.0,0,0.0012380819626239,0.0003295956104831,0.0018152066289457,0.0,0.0,0,0
R_43_barabasi_albert_0.05_0_emp,DETERMINISTIC_EMPIRICAL_ABM,barabasi_albert,0.05,43,0,empirical,15,500,0,0,0,0.0,0,0.0012380819626239,0.0003295956104831,0.0018152066289457,0.0,0.0,0,0
R_43_barabasi_albert_0.05_0_emp,DETERMINISTIC_EMPIRICAL_ABM,barabasi_albert,0.05,43,0,empirical,16,500,0,0,0,0.0,0,0.0012380819626239,0.0003295956104831,0.0018152066289457,0.0,0.0,0,0
R_43_barabasi_albert_0.05_0_emp,DETERMINISTIC_EMPIRICAL_ABM,barabasi_albert,0.05,43,0,empirical,17,500,0,0,0,0.0,0,0.0012380819626239,0.0003295956104831,0.0018152066289457,0.0,0.0,0,0
R_43_barabasi_albert_0.05_0_emp,DETERMINISTIC_EMPIRICAL_ABM,barabasi_albert,0.05,43,0,empirical,18,500,0,0,0,0.0,0,0.0012380819626239,0.0003295956104831,0.0018152066289457,0.0,0.0,0,0
R_43_barabasi_albert_0.05_0_emp,DETERMINISTIC_EMPIRICAL_ABM,barabasi_albert,0.05,43,0,empirical,19,500,0,0,0,0.0,0,0.0012380819626239,0.0003295956104831,0.0018152066289457,0.0,0.0,0,0
R_43_barabasi_albert_0.05_0_emp,DETERMINISTIC_EMPIRICAL_ABM,barabasi_albert,0.05,43,0,empirical,20,500,0,0,0,0.0,0,0.0012380819626239,0.0003295956104831,0.0018152066289457,0.0,0.0,0,0
R_43_barabasi_albert_0.05_0_emp,DETERMINISTIC_EMPIRICAL_ABM,barabasi_albert,0.05,43,0,empirical,21,500,0,0,0,0.0,0,0.0012380819626239,0.0003295956104831,0.0018152066289457,0.0,0.0,0,0
R_43_barabasi_albert_0.05_0_emp,DETERMINISTIC_EMPIRICAL_ABM,barabasi_albert,0.05,43,0,empirical,22,500,0,0,0,0.0,0,0.0012380819626239,0.0003295956104831,0.0018152066289457,0.0,0.0,0,0
R_43_barabasi_albert_0.05_0_emp,DETERMINISTIC_EMPIRICAL_ABM,barabasi_albert,0.05,43,0,empirical,23,500,0,0,0,0.0,0,0.0012380819626239,0.0003295956104831,0.0018152066289457,0.0,0.0,0,0
R_43_barabasi_albert_0.05_0_emp,DETERMINISTIC_EMPIRICAL_ABM,barabasi_albert,0.05,43,0,empirical,24,500,0,0,0,0.0,0,0.0012380819626239,0.0003295956104831,0.0018152066289457,0.0,0.0,0,0
R_43_barabasi_albert_0.15_0_const,DETERMINISTIC_EMPIRICAL_ABM,barabasi_albert,0.15,43,0,constant,0,500,0,0,0,0.0,5,0.0012380819626239,0.0012380819626239,0.0012380819626239,0.0,0.0,0,0
R_43_barabasi_albert_0.15_0_const,DETERMINISTIC_EMPIRICAL_ABM,barabasi_albert,0.15,43,0,constant,1,500,0,0,0,0.0,0,0.0012380819626239,0.0012380819626239,0.0012380819626239,0.0,0.0,0,0
R_43_barabasi_albert_0.15_0_const,DETERMINISTIC_EMPIRICAL_ABM,barabasi_albert,0.15,43,0,constant,2,500,0,0,0,0.0,0,0.0012380819626239,0.0012380819626239,0.0012380819626239,0.0,0.0,0,0
R_43_barabasi_albert_0.15_0_const,DETERMINISTIC_EMPIRICAL_ABM,barabasi_albert,0.15,43,0,constant,3,500,0,0,0,0.0,0,0.0012380819626239,0.0012380819626239,0.0012380819626239,0.0,0.0,0,0
R_43_barabasi_albert_0.15_0_const,DETERMINISTIC_EMPIRICAL_ABM,barabasi_albert,0.15,43,0,constant,4,500,0,0,0,0.0,0,0.0012380819626239,0.0012380819626239,0.0012380819626239,0.0,0.0,0,0
R_43_barabasi_albert_0.15_0_const,DETERMINISTIC_EMPIRICAL_ABM,barabasi_albert,0.15,43,0,constant,5,500,0,0,0,0.0,0,0.0012380819626239,0.0012380819626239,0.0012380819626239,0.0,0.0,0,0
R_43_barabasi_albert_0.15_0_const,DETERMINISTIC_EMPIRICAL_ABM,barabasi_albert,0.15,43,0,constant,6,500,0,0,0,0.0,0,0.0012380819626239,0.0012380819626239,0.0012380819626239,0.0,0.0,0,0
R_43_barabasi_albert_0.15_0_const,DETERMINISTIC_EMPIRICAL_ABM,barabasi_albert,0.15,43,0,constant,7,500,0,0,0,0.0,0,0.0012380819626239,0.0012380819626239,0.0012380819626239,0.0,0.0,0,0
R_43_barabasi_albert_0.15_0_const,DETERMINISTIC_EMPIRICAL_ABM,barabasi_albert,0.15,43,0,constant,8,500,0,0,0,0.0,0,0.0012380819626239,0.0012380819626239,0.0012380819626239,0.0,0.0,0,0
R_43_barabasi_albert_0.15_0_const,DETERMINISTIC_EMPIRICAL_ABM,barabasi_albert,0.15,43,0,constant,9,500,0,0,0,0.0,0,0.0012380819626239,0.0012380819626239,0.0012380819626239,0.0,0.0,0,0
R_43_barabasi_albert_0.15_0_const,DETERMINISTIC_EMPIRICAL_ABM,barabasi_albert,0.15,43,0,constant,10,500,0,0,0,0.0,0,0.0012380819626239,0.0012380819626239,0.0012380819626239,0.0,0.0,0,0
R_43_barabasi_albert_0.15_0_const,DETERMINISTIC_EMPIRICAL_ABM,barabasi_albert,0.15,43,0,constant,11,500,0,0,0,0.0,0,0.0012380819626239,0.0012380819626239,0.0012380819626239,0.0,0.0,0,0
R_43_barabasi_albert_0.15_0_const,DETERMINISTIC_EMPIRICAL_ABM,barabasi_albert,0.15,43,0,constant,12,500,0,0,0,0.0,0,0.0012380819626239,0.0012380819626239,0.0012380819626239,0.0,0.0,0,0
R_43_barabasi_albert_0.15_0_const,DETERMINISTIC_EMPIRICAL_ABM,barabasi_albert,0.15,43,0,constant,13,500,0,0,0,0.0,0,0.0012380819626239,0.0012380819626239,0.0012380819626239,0.0,0.0,0,0
R_43_barabasi_albert_0.15_0_const,DETERMINISTIC_EMPIRICAL_ABM,barabasi_albert,0.15,43,0,constant,14,500,0,0,0,0.0,0,0.0012380819626239,0.0012380819626239,0.0012380819626239,0.0,0.0,0,0
R_43_barabasi_albert_0.15_0_const,DETERMINISTIC_EMPIRICAL_ABM,barabasi_albert,0.15,43,0,constant,15,500,0,0,0,0.0,0,0.0012380819626239,0.0012380819626239,0.0012380819626239,0.0,0.0,0,0
R_43_barabasi_albert_0.15_0_const,DETERMINISTIC_EMPIRICAL_ABM,barabasi_albert,0.15,43,0,constant,16,500,0,0,0,0.0,0,0.0012380819626239,0.0012380819626239,0.0012380819626239,0.0,0.0,0,0
R_43_barabasi_albert_0.15_0_const,DETERMINISTIC_EMPIRICAL_ABM,barabasi_albert,0.15,43,0,constant,17,500,0,0,0,0.0,0,0.0012380819626239,0.0012380819626239,0.0012380819626239,0.0,0.0,0,0
R_43_barabasi_albert_0.15_0_const,DETERMINISTIC_EMPIRICAL_ABM,barabasi_albert,0.15,43,0,constant,18,500,0,0,0,0.0,0,0.0012380819626239,0.0012380819626239,0.0012380819626239,0.0,0.0,0,0
R_43_barabasi_albert_0.15_0_const,DETERMINISTIC_EMPIRICAL_ABM,barabasi_albert,0.15,43,0,constant,19,500,0,0,0,0.0,0,0.0012380819626239,0.0012380819626239,0.0012380819626239,0.0,0.0,0,0
R_43_barabasi_albert_0.15_0_const,DETERMINISTIC_EMPIRICAL_ABM,barabasi_albert,0.15,43,0,constant,20,500,0,0,0,0.0,0,0.0012380819626239,0.0012380819626239,0.0012380819626239,0.0,0.0,0,0
R_43_barabasi_albert_0.15_0_const,DETERMINISTIC_EMPIRICAL_ABM,barabasi_albert,0.15,43,0,constant,21,500,0,0,0,0.0,0,0.0012380819626239,0.0012380819626239,0.0012380819626239,0.0,0.0,0,0
R_43_barabasi_albert_0.15_0_const,DETERMINISTIC_EMPIRICAL_ABM,barabasi_albert,0.15,43,0,constant,22,500,0,0,0,0.0,0,0.0012380819626239,0.0012380819626239,0.0012380819626239,0.0,0.0,0,0
R_43_barabasi_albert_0.15_0_const,DETERMINISTIC_EMPIRICAL_ABM,barabasi_albert,0.15,43,0,constant,23,500,0,0,0,0.0,0,0.0012380819626239,0.0012380819626239,0.0012380819626239,0.0,0.0,0,0
R_43_barabasi_albert_0.15_0_const,DETERMINISTIC_EMPIRICAL_ABM,barabasi_albert,0.15,43,0,constant,24,500,0,0,0,0.0,0,0.0012380819626239,0.0012380819626239,0.0012380819626239,0.0,0.0,0,0
R_43_barabasi_albert_0.15_0_emp,DETERMINISTIC_EMPIRICAL_ABM,barabasi_albert,0.15,43,0,empirical,0,500,0,0,0,0.0,5,0.0012380819626239,0.0003295956104831,0.0018152066289457,0.0,0.0,0,0
R_43_barabasi_albert_0.15_0_emp,DETERMINISTIC_EMPIRICAL_ABM,barabasi_albert,0.15,43,0,empirical,1,500,0,0,0,0.0,0,0.0012380819626239,0.0003295956104831,0.0018152066289457,0.0,0.0,0,0
R_43_barabasi_albert_0.15_0_emp,DETERMINISTIC_EMPIRICAL_ABM,barabasi_albert,0.15,43,0,empirical,2,500,0,0,0,0.0,0,0.0012380819626239,0.0003295956104831,0.0018152066289457,0.0,0.0,0,0
R_43_barabasi_albert_0.15_0_emp,DETERMINISTIC_EMPIRICAL_ABM,barabasi_albert,0.15,43,0,empirical,3,500,0,0,0,0.0,0,0.0012380819626239,0.0003295956104831,0.0018152066289457,0.0,0.0,0,0
R_43_barabasi_albert_0.15_0_emp,DETERMINISTIC_EMPIRICAL_ABM,barabasi_albert,0.15,43,0,empirical,4,500,0,0,0,0.0,0,0.0012380819626239,0.0003295956104831,0.0018152066289457,0.0,0.0,0,0
R_43_barabasi_albert_0.15_0_emp,DETERMINISTIC_EMPIRICAL_ABM,barabasi_albert,0.15,43,0,empirical,5,500,0,0,0,0.0,0,0.0012380819626239,0.0003295956104831,0.0018152066289457,0.0,0.0,0,0
R_43_barabasi_albert_0.15_0_emp,DETERMINISTIC_EMPIRICAL_ABM,barabasi_albert,0.15,43,0,empirical,6,500,0,0,0,0.0,0,0.0012380819626239,0.0003295956104831,0.0018152066289457,0.0,0.0,0,0
R_43_barabasi_albert_0.15_0_emp,DETERMINISTIC_EMPIRICAL_ABM,barabasi_albert,0.15,43,0,empirical,7,500,0,0,0,0.0,0,0.0012380819626239,0.0003295956104831,0.0018152066289457,0.0,0.0,0,0
R_43_barabasi_albert_0.15_0_emp,DETERMINISTIC_EMPIRICAL_ABM,barabasi_albert,0.15,43,0,empirical,8,500,0,0,0,0.0,0,0.0012380819626239,0.0003295956104831,0.0018152066289457,0.0,0.0,0,0
R_43_barabasi_albert_0.15_0_emp,DETERMINISTIC_EMPIRICAL_ABM,barabasi_albert,0.15,43,0,empirical,9,500,0,0,0,0.0,0,0.0012380819626239,0.0003295956104831,0.0018152066289457,0.0,0.0,0,0
R_43_barabasi_albert_0.15_0_emp,DETERMINISTIC_EMPIRICAL_ABM,barabasi_albert,0.15,43,0,empirical,10,500,0,0,0,0.0,0,0.0012380819626239,0.0003295956104831,0.0018152066289457,0.0,0.0,0,0
R_43_barabasi_albert_0.15_0_emp,DETERMINISTIC_EMPIRICAL_ABM,barabasi_albert,0.15,43,0,empirical,11,500,0,0,0,0.0,0,0.0012380819626239,0.0003295956104831,0.0018152066289457,0.0,0.0,0,0
R_43_barabasi_albert_0.15_0_emp,DETERMINISTIC_EMPIRICAL_ABM,barabasi_albert,0.15,43,0,empirical,12,500,0,0,0,0.0,0,0.0012380819626239,0.0003295956104831,0.0018152066289457,0.0,0.0,0,0
R_43_barabasi_albert_0.15_0_emp,DETERMINISTIC_EMPIRICAL_ABM,barabasi_albert,0.15,43,0,empirical,13,500,0,0,0,0.0,0,0.0012380819626239,0.0003295956104831,0.0018152066289457,0.0,0.0,0,0
R_43_barabasi_albert_0.15_0_emp,DETERMINISTIC_EMPIRICAL_ABM,barabasi_albert,0.15,43,0,empirical,14,500,0,0,0,0.0,0,0.0012380819626239,0.0003295956104831,0.0018152066289457,0.0,0.0,0,0
R_43_barabasi_albert_0.15_0_emp,DETERMINISTIC_EMPIRICAL_ABM,barabasi_albert,0.15,43,0,empirical,15,500,0,0,0,0.0,0,0.0012380819626239,0.0003295956104831,0.0018152066289457,0.0,0.0,0,0
R_43_barabasi_albert_0.15_0_emp,DETERMINISTIC_EMPIRICAL_ABM,barabasi_albert,0.15,43,0,empirical,16,500,0,0,0,0.0,0,0.0012380819626239,0.0003295956104831,0.0018152066289457,0.0,0.0,0,0
R_43_barabasi_albert_0.15_0_emp,DETERMINISTIC_EMPIRICAL_ABM,barabasi_albert,0.15,43,0,empirical,17,500,0,0,0,0.0,0,0.0012380819626239,0.0003295956104831,0.0018152066289457,0.0,0.0,0,0
R_43_barabasi_albert_0.15_0_emp,DETERMINISTIC_EMPIRICAL_ABM,barabasi_albert,0.15,43,0,empirical,18,500,0,0,0,0.0,0,0.0012380819626239,0.0003295956104831,0.0018152066289457,0.0,0.0,0,0
R_43_barabasi_albert_0.15_0_emp,DETERMINISTIC_EMPIRICAL_ABM,barabasi_albert,0.15,43,0,empirical,19,500,0,0,0,0.0,0,0.0012380819626239,0.0003295956104831,0.0018152066289457,0.0,0.0,0,0
R_43_barabasi_albert_0.15_0_emp,DETERMINISTIC_EMPIRICAL_ABM,barabasi_albert,0.15,43,0,empirical,20,500,0,0,0,0.0,0,0.0012380819626239,0.0003295956104831,0.0018152066289457,0.0,0.0,0,0
R_43_barabasi_albert_0.15_0_emp,DETERMINISTIC_EMPIRICAL_ABM,barabasi_albert,0.15,43,0,empirical,21,500,0,0,0,0.0,0,0.0012380819626239,0.0003295956104831,0.0018152066289457,0.0,0.0,0,0
R_43_barabasi_albert_0.15_0_emp,DETERMINISTIC_EMPIRICAL_ABM,barabasi_albert,0.15,43,0,empirical,22,500,0,0,0,0.0,0,0.0012380819626239,0.0003295956104831,0.0018152066289457,0.0,0.0,0,0
R_43_barabasi_albert_0.15_0_emp,DETERMINISTIC_EMPIRICAL_ABM,barabasi_albert,0.15,43,0,empirical,23,500,0,0,0,0.0,0,0.0012380819626239,0.0003295956104831,0.0018152066289457,0.0,0.0,0,0
R_43_barabasi_albert_0.15_0_emp,DETERMINISTIC_EMPIRICAL_ABM,barabasi_albert,0.15,43,0,empirical,24,500,0,0,0,0.0,0,0.0012380819626239,0.0003295956104831,0.0018152066289457,0.0,0.0,0,0
R_43_barabasi_albert_0.3_0_const,DETERMINISTIC_EMPIRICAL_ABM,barabasi_albert,0.3,43,0,constant,0,500,0,0,0,0.0,5,0.0012380819626239,0.0012380819626239,0.0012380819626239,0.0,0.0,0,0
R_43_barabasi_albert_0.3_0_const,DETERMINISTIC_EMPIRICAL_ABM,barabasi_albert,0.3,43,0,constant,1,500,0,0,0,0.0,0,0.0012380819626239,0.0012380819626239,0.0012380819626239,0.0,0.0,0,0
R_43_barabasi_albert_0.3_0_const,DETERMINISTIC_EMPIRICAL_ABM,barabasi_albert,0.3,43,0,constant,2,500,0,0,0,0.0,0,0.0012380819626239,0.0012380819626239,0.0012380819626239,0.0,0.0,0,0
R_43_barabasi_albert_0.3_0_const,DETERMINISTIC_EMPIRICAL_ABM,barabasi_albert,0.3,43,0,constant,3,500,0,0,0,0.0,0,0.0012380819626239,0.0012380819626239,0.0012380819626239,0.0,0.0,0,0
R_43_barabasi_albert_0.3_0_const,DETERMINISTIC_EMPIRICAL_ABM,barabasi_albert,0.3,43,0,constant,4,500,0,0,0,0.0,0,0.0012380819626239,0.0012380819626239,0.0012380819626239,0.0,0.0,0,0
R_43_barabasi_albert_0.3_0_const,DETERMINISTIC_EMPIRICAL_ABM,barabasi_albert,0.3,43,0,constant,5,500,0,0,0,0.0,0,0.0012380819626239,0.0012380819626239,0.0012380819626239,0.0,0.0,0,0
R_43_barabasi_albert_0.3_0_const,DETERMINISTIC_EMPIRICAL_ABM,barabasi_albert,0.3,43,0,constant,6,500,0,0,0,0.0,0,0.0012380819626239,0.0012380819626239,0.0012380819626239,0.0,0.0,0,0
R_43_barabasi_albert_0.3_0_const,DETERMINISTIC_EMPIRICAL_ABM,barabasi_albert,0.3,43,0,constant,7,500,0,0,0,0.0,0,0.0012380819626239,0.0012380819626239,0.0012380819626239,0.0,0.0,0,0
R_43_barabasi_albert_0.3_0_const,DETERMINISTIC_EMPIRICAL_ABM,barabasi_albert,0.3,43,0,constant,8,500,0,0,0,0.0,0,0.0012380819626239,0.0012380819626239,0.0012380819626239,0.0,0.0,0,0
R_43_barabasi_albert_0.3_0_const,DETERMINISTIC_EMPIRICAL_ABM,barabasi_albert,0.3,43,0,constant,9,500,0,0,0,0.0,0,0.0012380819626239,0.0012380819626239,0.0012380819626239,0.0,0.0,0,0
R_43_barabasi_albert_0.3_0_const,DETERMINISTIC_EMPIRICAL_ABM,barabasi_albert,0.3,43,0,constant,10,500,0,0,0,0.0,0,0.0012380819626239,0.0012380819626239,0.0012380819626239,0.0,0.0,0,0
R_43_barabasi_albert_0.3_0_const,DETERMINISTIC_EMPIRICAL_ABM,barabasi_albert,0.3,43,0,constant,11,500,0,0,0,0.0,0,0.0012380819626239,0.0012380819626239,0.0012380819626239,0.0,0.0,0,0
R_43_barabasi_albert_0.3_0_const,DETERMINISTIC_EMPIRICAL_ABM,barabasi_albert,0.3,43,0,constant,12,500,0,0,0,0.0,0,0.0012380819626239,0.0012380819626239,0.0012380819626239,0.0,0.0,0,0
R_43_barabasi_albert_0.3_0_const,DETERMINISTIC_EMPIRICAL_ABM,barabasi_albert,0.3,43,0,constant,13,500,0,0,0,0.0,0,0.0012380819626239,0.0012380819626239,0.0012380819626239,0.0,0.0,0,0
R_43_barabasi_albert_0.3_0_const,DETERMINISTIC_EMPIRICAL_ABM,barabasi_albert,0.3,43,0,constant,14,500,0,0,0,0.0,0,0.0012380819626239,0.0012380819626239,0.0012380819626239,0.0,0.0,0,0
R_43_barabasi_albert_0.3_0_const,DETERMINISTIC_EMPIRICAL_ABM,barabasi_albert,0.3,43,0,constant,15,500,0,0,0,0.0,0,0.0012380819626239,0.0012380819626239,0.0012380819626239,0.0,0.0,0,0
R_43_barabasi_albert_0.3_0_const,DETERMINISTIC_EMPIRICAL_ABM,barabasi_albert,0.3,43,0,constant,16,500,0,0,0,0.0,0,0.0012380819626239,0.0012380819626239,0.0012380819626239,0.0,0.0,0,0
R_43_barabasi_albert_0.3_0_const,DETERMINISTIC_EMPIRICAL_ABM,barabasi_albert,0.3,43,0,constant,17,500,0,0,0,0.0,0,0.0012380819626239,0.0012380819626239,0.0012380819626239,0.0,0.0,0,0
R_43_barabasi_albert_0.3_0_const,DETERMINISTIC_EMPIRICAL_ABM,barabasi_albert,0.3,43,0,constant,18,500,0,0,0,0.0,0,0.0012380819626239,0.0012380819626239,0.0012380819626239,0.0,0.0,0,0
R_43_barabasi_albert_0.3_0_const,DETERMINISTIC_EMPIRICAL_ABM,barabasi_albert,0.3,43,0,constant,19,500,0,0,0,0.0,0,0.0012380819626239,0.0012380819626239,0.0012380819626239,0.0,0.0,0,0
R_43_barabasi_albert_0.3_0_const,DETERMINISTIC_EMPIRICAL_ABM,barabasi_albert,0.3,43,0,constant,20,500,0,0,0,0.0,0,0.0012380819626239,0.0012380819626239,0.0012380819626239,0.0,0.0,0,0
R_43_barabasi_albert_0.3_0_const,DETERMINISTIC_EMPIRICAL_ABM,barabasi_albert,0.3,43,0,constant,21,500,0,0,0,0.0,0,0.0012380819626239,0.0012380819626239,0.0012380819626239,0.0,0.0,0,0
R_43_barabasi_albert_0.3_0_const,DETERMINISTIC_EMPIRICAL_ABM,barabasi_albert,0.3,43,0,constant,22,500,0,0,0,0.0,0,0.0012380819626239,0.0012380819626239,0.0012380819626239,0.0,0.0,0,0
R_43_barabasi_albert_0.3_0_const,DETERMINISTIC_EMPIRICAL_ABM,barabasi_albert,0.3,43,0,constant,23,500,0,0,0,0.0,0,0.0012380819626239,0.0012380819626239,0.0012380819626239,0.0,0.0,0,0
R_43_barabasi_albert_0.3_0_const,DETERMINISTIC_EMPIRICAL_ABM,barabasi_albert,0.3,43,0,constant,24,500,0,0,0,0.0,0,0.0012380819626239,0.0012380819626239,0.0012380819626239,0.0,0.0,0,0
R_43_barabasi_albert_0.3_0_emp,DETERMINISTIC_EMPIRICAL_ABM,barabasi_albert,0.3,43,0,empirical,0,500,0,0,0,0.0,5,0.0012380819626239,0.0003295956104831,0.0018152066289457,0.0,0.0,0,0
R_43_barabasi_albert_0.3_0_emp,DETERMINISTIC_EMPIRICAL_ABM,barabasi_albert,0.3,43,0,empirical,1,500,0,0,0,0.0,0,0.0012380819626239,0.0003295956104831,0.0018152066289457,0.0,0.0,0,0
R_43_barabasi_albert_0.3_0_emp,DETERMINISTIC_EMPIRICAL_ABM,barabasi_albert,0.3,43,0,empirical,2,500,0,0,0,0.0,0,0.0012380819626239,0.0003295956104831,0.0018152066289457,0.0,0.0,0,0
R_43_barabasi_albert_0.3_0_emp,DETERMINISTIC_EMPIRICAL_ABM,barabasi_albert,0.3,43,0,empirical,3,500,0,0,0,0.0,0,0.0012380819626239,0.0003295956104831,0.0018152066289457,0.0,0.0,0,0
R_43_barabasi_albert_0.3_0_emp,DETERMINISTIC_EMPIRICAL_ABM,barabasi_albert,0.3,43,0,empirical,4,500,0,0,0,0.0,0,0.0012380819626239,0.0003295956104831,0.0018152066289457,0.0,0.0,0,0
R_43_barabasi_albert_0.3_0_emp,DETERMINISTIC_EMPIRICAL_ABM,barabasi_albert,0.3,43,0,empirical,5,500,0,0,0,0.0,0,0.0012380819626239,0.0003295956104831,0.0018152066289457,0.0,0.0,0,0
R_43_barabasi_albert_0.3_0_emp,DETERMINISTIC_EMPIRICAL_ABM,barabasi_albert,0.3,43,0,empirical,6,500,0,0,0,0.0,0,0.0012380819626239,0.0003295956104831,0.0018152066289457,0.0,0.0,0,0
R_43_barabasi_albert_0.3_0_emp,DETERMINISTIC_EMPIRICAL_ABM,barabasi_albert,0.3,43,0,empirical,7,500,0,0,0,0.0,0,0.0012380819626239,0.0003295956104831,0.0018152066289457,0.0,0.0,0,0
R_43_barabasi_albert_0.3_0_emp,DETERMINISTIC_EMPIRICAL_ABM,barabasi_albert,0.3,43,0,empirical,8,500,0,0,0,0.0,0,0.0012380819626239,0.0003295956104831,0.0018152066289457,0.0,0.0,0,0
R_43_barabasi_albert_0.3_0_emp,DETERMINISTIC_EMPIRICAL_ABM,barabasi_albert,0.3,43,0,empirical,9,500,0,0,0,0.0,0,0.0012380819626239,0.0003295956104831,0.0018152066289457,0.0,0.0,0,0
R_43_barabasi_albert_0.3_0_emp,DETERMINISTIC_EMPIRICAL_ABM,barabasi_albert,0.3,43,0,empirical,10,500,0,0,0,0.0,0,0.0012380819626239,0.0003295956104831,0.0018152066289457,0.0,0.0,0,0
R_43_barabasi_albert_0.3_0_emp,DETERMINISTIC_EMPIRICAL_ABM,barabasi_albert,0.3,43,0,empirical,11,500,0,0,0,0.0,0,0.0012380819626239,0.0003295956104831,0.0018152066289457,0.0,0.0,0,0
R_43_barabasi_albert_0.3_0_emp,DETERMINISTIC_EMPIRICAL_ABM,barabasi_albert,0.3,43,0,empirical,12,500,0,0,0,0.0,0,0.0012380819626239,0.0003295956104831,0.0018152066289457,0.0,0.0,0,0
R_43_barabasi_albert_0.3_0_emp,DETERMINISTIC_EMPIRICAL_ABM,barabasi_albert,0.3,43,0,empirical,13,500,0,0,0,0.0,0,0.0012380819626239,0.0003295956104831,0.0018152066289457,0.0,0.0,0,0
R_43_barabasi_albert_0.3_0_emp,DETERMINISTIC_EMPIRICAL_ABM,barabasi_albert,0.3,43,0,empirical,14,500,0,0,0,0.0,0,0.0012380819626239,0.0003295956104831,0.0018152066289457,0.0,0.0,0,0
R_43_barabasi_albert_0.3_0_emp,DETERMINISTIC_EMPIRICAL_ABM,barabasi_albert,0.3,43,0,empirical,15,500,0,0,0,0.0,0,0.0012380819626239,0.0003295956104831,0.0018152066289457,0.0,0.0,0,0
R_43_barabasi_albert_0.3_0_emp,DETERMINISTIC_EMPIRICAL_ABM,barabasi_albert,0.3,43,0,empirical,16,500,0,0,0,0.0,0,0.0012380819626239,0.0003295956104831,0.0018152066289457,0.0,0.0,0,0
R_43_barabasi_albert_0.3_0_emp,DETERMINISTIC_EMPIRICAL_ABM,barabasi_albert,0.3,43,0,empirical,17,500,0,0,0,0.0,0,0.0012380819626239,0.0003295956104831,0.0018152066289457,0.0,0.0,0,0
R_43_barabasi_albert_0.3_0_emp,DETERMINISTIC_EMPIRICAL_ABM,barabasi_albert,0.3,43,0,empirical,18,500,0,0,0,0.0,0,0.0012380819626239,0.0003295956104831,0.0018152066289457,0.0,0.0,0,0
R_43_barabasi_albert_0.3_0_emp,DETERMINISTIC_EMPIRICAL_ABM,barabasi_albert,0.3,43,0,empirical,19,500,0,0,0,0.0,0,0.0012380819626239,0.0003295956104831,0.0018152066289457,0.0,0.0,0,0
R_43_barabasi_albert_0.3_0_emp,DETERMINISTIC_EMPIRICAL_ABM,barabasi_albert,0.3,43,0,empirical,20,500,0,0,0,0.0,0,0.0012380819626239,0.0003295956104831,0.0018152066289457,0.0,0.0,0,0
R_43_barabasi_albert_0.3_0_emp,DETERMINISTIC_EMPIRICAL_ABM,barabasi_albert,0.3,43,0,empirical,21,500,0,0,0,0.0,0,0.0012380819626239,0.0003295956104831,0.0018152066289457,0.0,0.0,0,0
R_43_barabasi_albert_0.3_0_emp,DETERMINISTIC_EMPIRICAL_ABM,barabasi_albert,0.3,43,0,empirical,22,500,0,0,0,0.0,0,0.0012380819626239,0.0003295956104831,0.0018152066289457,0.0,0.0,0,0
R_43_barabasi_albert_0.3_0_emp,DETERMINISTIC_EMPIRICAL_ABM,barabasi_albert,0.3,43,0,empirical,23,500,0,0,0,0.0,0,0.0012380819626239,0.0003295956104831,0.0018152066289457,0.0,0.0,0,0
R_43_barabasi_albert_0.3_0_emp,DETERMINISTIC_EMPIRICAL_ABM,barabasi_albert,0.3,43,0,empirical,24,500,0,0,0,0.0,0,0.0012380819626239,0.0003295956104831,0.0018152066289457,0.0,0.0,0,0
R_43_STATIC_0_emp,STATIC_BASELINE,,,43,0,empirical,0,500,0,0,0,0.0,5,0.0012380819626239,0.0003295956104831,0.0018152066289457,0.0,0.0,0,0
R_43_STATIC_0_emp,STATIC_BASELINE,,,43,0,empirical,1,500,0,0,0,0.0,0,0.0012380819626239,0.0003295956104831,0.0018152066289457,0.0,0.0,0,0
R_43_STATIC_0_emp,STATIC_BASELINE,,,43,0,empirical,2,500,0,0,0,0.0,0,0.0012380819626239,0.0003295956104831,0.0018152066289457,0.0,0.0,0,0
R_43_STATIC_0_emp,STATIC_BASELINE,,,43,0,empirical,3,500,0,0,0,0.0,0,0.0012380819626239,0.0003295956104831,0.0018152066289457,0.0,0.0,0,0
R_43_STATIC_0_emp,STATIC_BASELINE,,,43,0,empirical,4,500,0,0,0,0.0,0,0.0012380819626239,0.0003295956104831,0.0018152066289457,0.0,0.0,0,0
R_43_STATIC_0_emp,STATIC_BASELINE,,,43,0,empirical,5,500,0,0,0,0.0,0,0.0012380819626239,0.0003295956104831,0.0018152066289457,0.0,0.0,0,0
R_43_STATIC_0_emp,STATIC_BASELINE,,,43,0,empirical,6,500,0,0,0,0.0,0,0.0012380819626239,0.0003295956104831,0.0018152066289457,0.0,0.0,0,0
R_43_STATIC_0_emp,STATIC_BASELINE,,,43,0,empirical,7,500,0,0,0,0.0,0,0.0012380819626239,0.0003295956104831,0.0018152066289457,0.0,0.0,0,0
R_43_STATIC_0_emp,STATIC_BASELINE,,,43,0,empirical,8,500,0,0,0,0.0,0,0.0012380819626239,0.0003295956104831,0.0018152066289457,0.0,0.0,0,0
R_43_STATIC_0_emp,STATIC_BASELINE,,,43,0,empirical,9,500,0,0,0,0.0,0,0.0012380819626239,0.0003295956104831,0.0018152066289457,0.0,0.0,0,0
R_43_STATIC_0_emp,STATIC_BASELINE,,,43,0,empirical,10,500,0,0,0,0.0,0,0.0012380819626239,0.0003295956104831,0.0018152066289457,0.0,0.0,0,0
R_43_STATIC_0_emp,STATIC_BASELINE,,,43,0,empirical,11,500,0,0,0,0.0,0,0.0012380819626239,0.0003295956104831,0.0018152066289457,0.0,0.0,0,0
R_43_STATIC_0_emp,STATIC_BASELINE,,,43,0,empirical,12,500,0,0,0,0.0,0,0.0012380819626239,0.0003295956104831,0.0018152066289457,0.0,0.0,0,0
R_43_STATIC_0_emp,STATIC_BASELINE,,,43,0,empirical,13,500,0,0,0,0.0,0,0.0012380819626239,0.0003295956104831,0.0018152066289457,0.0,0.0,0,0
R_43_STATIC_0_emp,STATIC_BASELINE,,,43,0,empirical,14,500,0,0,0,0.0,0,0.0012380819626239,0.0003295956104831,0.0018152066289457,0.0,0.0,0,0
R_43_STATIC_0_emp,STATIC_BASELINE,,,43,0,empirical,15,500,0,0,0,0.0,0,0.0012380819626239,0.0003295956104831,0.0018152066289457,0.0,0.0,0,0
R_43_STATIC_0_emp,STATIC_BASELINE,,,43,0,empirical,16,500,0,0,0,0.0,0,0.0012380819626239,0.0003295956104831,0.0018152066289457,0.0,0.0,0,0
R_43_STATIC_0_emp,STATIC_BASELINE,,,43,0,empirical,17,500,0,0,0,0.0,0,0.0012380819626239,0.0003295956104831,0.0018152066289457,0.0,0.0,0,0
R_43_STATIC_0_emp,STATIC_BASELINE,,,43,0,empirical,18,500,0,0,0,0.0,0,0.0012380819626239,0.0003295956104831,0.0018152066289457,0.0,0.0,0,0
R_43_STATIC_0_emp,STATIC_BASELINE,,,43,0,empirical,19,500,0,0,0,0.0,0,0.0012380819626239,0.0003295956104831,0.0018152066289457,0.0,0.0,0,0
R_43_STATIC_0_emp,STATIC_BASELINE,,,43,0,empirical,20,500,0,0,0,0.0,0,0.0012380819626239,0.0003295956104831,0.0018152066289457,0.0,0.0,0,0
R_43_STATIC_0_emp,STATIC_BASELINE,,,43,0,empirical,21,500,0,0,0,0.0,0,0.0012380819626239,0.0003295956104831,0.0018152066289457,0.0,0.0,0,0
R_43_STATIC_0_emp,STATIC_BASELINE,,,43,0,empirical,22,500,0,0,0,0.0,0,0.0012380819626239,0.0003295956104831,0.0018152066289457,0.0,0.0,0,0
R_43_STATIC_0_emp,STATIC_BASELINE,,,43,0,empirical,23,500,0,0,0,0.0,0,0.0012380819626239,0.0003295956104831,0.0018152066289457,0.0,0.0,0,0
R_43_STATIC_0_emp,STATIC_BASELINE,,,43,0,empirical,24,500,0,0,0,0.0,0,0.0012380819626239,0.0003295956104831,0.0018152066289457,0.0,0.0,0,0
R_43_watts_strogatz_0.05_0_const,DETERMINISTIC_EMPIRICAL_ABM,watts_strogatz,0.05,43,0,constant,0,500,0,0,0,0.0,5,0.0012380819626239,0.0012380819626239,0.0012380819626239,0.0,0.0,0,0
R_43_watts_strogatz_0.05_0_const,DETERMINISTIC_EMPIRICAL_ABM,watts_strogatz,0.05,43,0,constant,1,500,0,0,0,0.0,0,0.0012380819626239,0.0012380819626239,0.0012380819626239,0.0,0.0,0,0
R_43_watts_strogatz_0.05_0_const,DETERMINISTIC_EMPIRICAL_ABM,watts_strogatz,0.05,43,0,constant,2,500,0,0,0,0.0,0,0.0012380819626239,0.0012380819626239,0.0012380819626239,0.0,0.0,0,0
R_43_watts_strogatz_0.05_0_const,DETERMINISTIC_EMPIRICAL_ABM,watts_strogatz,0.05,43,0,constant,3,500,0,0,0,0.0,0,0.0012380819626239,0.0012380819626239,0.0012380819626239,0.0,0.0,0,0
R_43_watts_strogatz_0.05_0_const,DETERMINISTIC_EMPIRICAL_ABM,watts_strogatz,0.05,43,0,constant,4,500,0,0,0,0.0,0,0.0012380819626239,0.0012380819626239,0.0012380819626239,0.0,0.0,0,0
R_43_watts_strogatz_0.05_0_const,DETERMINISTIC_EMPIRICAL_ABM,watts_strogatz,0.05,43,0,constant,5,500,0,0,0,0.0,0,0.0012380819626239,0.0012380819626239,0.0012380819626239,0.0,0.0,0,0
R_43_watts_strogatz_0.05_0_const,DETERMINISTIC_EMPIRICAL_ABM,watts_strogatz,0.05,43,0,constant,6,500,0,0,0,0.0,0,0.0012380819626239,0.0012380819626239,0.0012380819626239,0.0,0.0,0,0
R_43_watts_strogatz_0.05_0_const,DETERMINISTIC_EMPIRICAL_ABM,watts_strogatz,0.05,43,0,constant,7,500,0,0,0,0.0,0,0.0012380819626239,0.0012380819626239,0.0012380819626239,0.0,0.0,0,0
R_43_watts_strogatz_0.05_0_const,DETERMINISTIC_EMPIRICAL_ABM,watts_strogatz,0.05,43,0,constant,8,500,0,0,0,0.0,0,0.0012380819626239,0.0012380819626239,0.0012380819626239,0.0,0.0,0,0
R_43_watts_strogatz_0.05_0_const,DETERMINISTIC_EMPIRICAL_ABM,watts_strogatz,0.05,43,0,constant,9,500,0,0,0,0.0,0,0.0012380819626239,0.0012380819626239,0.0012380819626239,0.0,0.0,0,0
R_43_watts_strogatz_0.05_0_const,DETERMINISTIC_EMPIRICAL_ABM,watts_strogatz,0.05,43,0,constant,10,500,0,0,0,0.0,0,0.0012380819626239,0.0012380819626239,0.0012380819626239,0.0,0.0,0,0
R_43_watts_strogatz_0.05_0_const,DETERMINISTIC_EMPIRICAL_ABM,watts_strogatz,0.05,43,0,constant,11,500,0,0,0,0.0,0,0.0012380819626239,0.0012380819626239,0.0012380819626239,0.0,0.0,0,0
R_43_watts_strogatz_0.05_0_const,DETERMINISTIC_EMPIRICAL_ABM,watts_strogatz,0.05,43,0,constant,12,500,0,0,0,0.0,0,0.0012380819626239,0.0012380819626239,0.0012380819626239,0.0,0.0,0,0
R_43_watts_strogatz_0.05_0_const,DETERMINISTIC_EMPIRICAL_ABM,watts_strogatz,0.05,43,0,constant,13,500,0,0,0,0.0,0,0.0012380819626239,0.0012380819626239,0.0012380819626239,0.0,0.0,0,0
R_43_watts_strogatz_0.05_0_const,DETERMINISTIC_EMPIRICAL_ABM,watts_strogatz,0.05,43,0,constant,14,500,0,0,0,0.0,0,0.0012380819626239,0.0012380819626239,0.0012380819626239,0.0,0.0,0,0
R_43_watts_strogatz_0.05_0_const,DETERMINISTIC_EMPIRICAL_ABM,watts_strogatz,0.05,43,0,constant,15,500,0,0,0,0.0,0,0.0012380819626239,0.0012380819626239,0.0012380819626239,0.0,0.0,0,0
R_43_watts_strogatz_0.05_0_const,DETERMINISTIC_EMPIRICAL_ABM,watts_strogatz,0.05,43,0,constant,16,500,0,0,0,0.0,0,0.0012380819626239,0.0012380819626239,0.0012380819626239,0.0,0.0,0,0
R_43_watts_strogatz_0.05_0_const,DETERMINISTIC_EMPIRICAL_ABM,watts_strogatz,0.05,43,0,constant,17,500,0,0,0,0.0,0,0.0012380819626239,0.0012380819626239,0.0012380819626239,0.0,0.0,0,0
R_43_watts_strogatz_0.05_0_const,DETERMINISTIC_EMPIRICAL_ABM,watts_strogatz,0.05,43,0,constant,18,500,0,0,0,0.0,0,0.0012380819626239,0.0012380819626239,0.0012380819626239,0.0,0.0,0,0
R_43_watts_strogatz_0.05_0_const,DETERMINISTIC_EMPIRICAL_ABM,watts_strogatz,0.05,43,0,constant,19,500,0,0,0,0.0,0,0.0012380819626239,0.0012380819626239,0.0012380819626239,0.0,0.0,0,0
R_43_watts_strogatz_0.05_0_const,DETERMINISTIC_EMPIRICAL_ABM,watts_strogatz,0.05,43,0,constant,20,500,0,0,0,0.0,0,0.0012380819626239,0.0012380819626239,0.0012380819626239,0.0,0.0,0,0
R_43_watts_strogatz_0.05_0_const,DETERMINISTIC_EMPIRICAL_ABM,watts_strogatz,0.05,43,0,constant,21,500,0,0,0,0.0,0,0.0012380819626239,0.0012380819626239,0.0012380819626239,0.0,0.0,0,0
R_43_watts_strogatz_0.05_0_const,DETERMINISTIC_EMPIRICAL_ABM,watts_strogatz,0.05,43,0,constant,22,500,0,0,0,0.0,0,0.0012380819626239,0.0012380819626239,0.0012380819626239,0.0,0.0,0,0
R_43_watts_strogatz_0.05_0_const,DETERMINISTIC_EMPIRICAL_ABM,watts_strogatz,0.05,43,0,constant,23,500,0,0,0,0.0,0,0.0012380819626239,0.0012380819626239,0.0012380819626239,0.0,0.0,0,0
R_43_watts_strogatz_0.05_0_const,DETERMINISTIC_EMPIRICAL_ABM,watts_strogatz,0.05,43,0,constant,24,500,0,0,0,0.0,0,0.0012380819626239,0.0012380819626239,0.0012380819626239,0.0,0.0,0,0
R_43_watts_strogatz_0.05_0_emp,DETERMINISTIC_EMPIRICAL_ABM,watts_strogatz,0.05,43,0,empirical,0,500,0,0,0,0.0,5,0.0012380819626239,0.0003295956104831,0.0018152066289457,0.0,0.0,0,0
R_43_watts_strogatz_0.05_0_emp,DETERMINISTIC_EMPIRICAL_ABM,watts_strogatz,0.05,43,0,empirical,1,500,0,0,0,0.0,0,0.0012380819626239,0.0003295956104831,0.0018152066289457,0.0,0.0,0,0
R_43_watts_strogatz_0.05_0_emp,DETERMINISTIC_EMPIRICAL_ABM,watts_strogatz,0.05,43,0,empirical,2,500,0,0,0,0.0,0,0.0012380819626239,0.0003295956104831,0.0018152066289457,0.0,0.0,0,0
R_43_watts_strogatz_0.05_0_emp,DETERMINISTIC_EMPIRICAL_ABM,watts_strogatz,0.05,43,0,empirical,3,500,0,0,0,0.0,0,0.0012380819626239,0.0003295956104831,0.0018152066289457,0.0,0.0,0,0
R_43_watts_strogatz_0.05_0_emp,DETERMINISTIC_EMPIRICAL_ABM,watts_strogatz,0.05,43,0,empirical,4,500,0,0,0,0.0,0,0.0012380819626239,0.0003295956104831,0.0018152066289457,0.0,0.0,0,0
R_43_watts_strogatz_0.05_0_emp,DETERMINISTIC_EMPIRICAL_ABM,watts_strogatz,0.05,43,0,empirical,5,500,0,0,0,0.0,0,0.0012380819626239,0.0003295956104831,0.0018152066289457,0.0,0.0,0,0
R_43_watts_strogatz_0.05_0_emp,DETERMINISTIC_EMPIRICAL_ABM,watts_strogatz,0.05,43,0,empirical,6,500,0,0,0,0.0,0,0.0012380819626239,0.0003295956104831,0.0018152066289457,0.0,0.0,0,0
R_43_watts_strogatz_0.05_0_emp,DETERMINISTIC_EMPIRICAL_ABM,watts_strogatz,0.05,43,0,empirical,7,500,0,0,0,0.0,0,0.0012380819626239,0.0003295956104831,0.0018152066289457,0.0,0.0,0,0
R_43_watts_strogatz_0.05_0_emp,DETERMINISTIC_EMPIRICAL_ABM,watts_strogatz,0.05,43,0,empirical,8,500,0,0,0,0.0,0,0.0012380819626239,0.0003295956104831,0.0018152066289457,0.0,0.0,0,0
R_43_watts_strogatz_0.05_0_emp,DETERMINISTIC_EMPIRICAL_ABM,watts_strogatz,0.05,43,0,empirical,9,500,0,0,0,0.0,0,0.0012380819626239,0.0003295956104831,0.0018152066289457,0.0,0.0,0,0
R_43_watts_strogatz_0.05_0_emp,DETERMINISTIC_EMPIRICAL_ABM,watts_strogatz,0.05,43,0,empirical,10,500,0,0,0,0.0,0,0.0012380819626239,0.0003295956104831,0.0018152066289457,0.0,0.0,0,0
R_43_watts_strogatz_0.05_0_emp,DETERMINISTIC_EMPIRICAL_ABM,watts_strogatz,0.05,43,0,empirical,11,500,0,0,0,0.0,0,0.0012380819626239,0.0003295956104831,0.0018152066289457,0.0,0.0,0,0
R_43_watts_strogatz_0.05_0_emp,DETERMINISTIC_EMPIRICAL_ABM,watts_strogatz,0.05,43,0,empirical,12,500,0,0,0,0.0,0,0.0012380819626239,0.0003295956104831,0.0018152066289457,0.0,0.0,0,0
R_43_watts_strogatz_0.05_0_emp,DETERMINISTIC_EMPIRICAL_ABM,watts_strogatz,0.05,43,0,empirical,13,500,0,0,0,0.0,0,0.0012380819626239,0.0003295956104831,0.0018152066289457,0.0,0.0,0,0
R_43_watts_strogatz_0.05_0_emp,DETERMINISTIC_EMPIRICAL_ABM,watts_strogatz,0.05,43,0,empirical,14,500,0,0,0,0.0,0,0.0012380819626239,0.0003295956104831,0.0018152066289457,0.0,0.0,0,0
R_43_watts_strogatz_0.05_0_emp,DETERMINISTIC_EMPIRICAL_ABM,watts_strogatz,0.05,43,0,empirical,15,500,0,0,0,0.0,0,0.0012380819626239,0.0003295956104831,0.0018152066289457,0.0,0.0,0,0
R_43_watts_strogatz_0.05_0_emp,DETERMINISTIC_EMPIRICAL_ABM,watts_strogatz,0.05,43,0,empirical,16,500,0,0,0,0.0,0,0.0012380819626239,0.0003295956104831,0.0018152066289457,0.0,0.0,0,0
R_43_watts_strogatz_0.05_0_emp,DETERMINISTIC_EMPIRICAL_ABM,watts_strogatz,0.05,43,0,empirical,17,500,0,0,0,0.0,0,0.0012380819626239,0.0003295956104831,0.0018152066289457,0.0,0.0,0,0
R_43_watts_strogatz_0.05_0_emp,DETERMINISTIC_EMPIRICAL_ABM,watts_strogatz,0.05,43,0,empirical,18,500,0,0,0,0.0,0,0.0012380819626239,0.0003295956104831,0.0018152066289457,0.0,0.0,0,0
R_43_watts_strogatz_0.05_0_emp,DETERMINISTIC_EMPIRICAL_ABM,watts_strogatz,0.05,43,0,empirical,19,500,0,0,0,0.0,0,0.0012380819626239,0.0003295956104831,0.0018152066289457,0.0,0.0,0,0
R_43_watts_strogatz_0.05_0_emp,DETERMINISTIC_EMPIRICAL_ABM,watts_strogatz,0.05,43,0,empirical,20,500,0,0,0,0.0,0,0.0012380819626239,0.0003295956104831,0.0018152066289457,0.0,0.0,0,0
R_43_watts_strogatz_0.05_0_emp,DETERMINISTIC_EMPIRICAL_ABM,watts_strogatz,0.05,43,0,empirical,21,500,0,0,0,0.0,0,0.0012380819626239,0.0003295956104831,0.0018152066289457,0.0,0.0,0,0
R_43_watts_strogatz_0.05_0_emp,DETERMINISTIC_EMPIRICAL_ABM,watts_strogatz,0.05,43,0,empirical,22,500,0,0,0,0.0,0,0.0012380819626239,0.0003295956104831,0.0018152066289457,0.0,0.0,0,0
R_43_watts_strogatz_0.05_0_emp,DETERMINISTIC_EMPIRICAL_ABM,watts_strogatz,0.05,43,0,empirical,23,500,0,0,0,0.0,0,0.0012380819626239,0.0003295956104831,0.0018152066289457,0.0,0.0,0,0
R_43_watts_strogatz_0.05_0_emp,DETERMINISTIC_EMPIRICAL_ABM,watts_strogatz,0.05,43,0,empirical,24,500,0,0,0,0.0,0,0.0012380819626239,0.0003295956104831,0.0018152066289457,0.0,0.0,0,0
R_43_watts_strogatz_0.15_0_const,DETERMINISTIC_EMPIRICAL_ABM,watts_strogatz,0.15,43,0,constant,0,500,0,0,0,0.0,5,0.0012380819626239,0.0012380819626239,0.0012380819626239,0.0,0.0,0,0
R_43_watts_strogatz_0.15_0_const,DETERMINISTIC_EMPIRICAL_ABM,watts_strogatz,0.15,43,0,constant,1,500,0,0,0,0.0,0,0.0012380819626239,0.0012380819626239,0.0012380819626239,0.0,0.0,0,0
R_43_watts_strogatz_0.15_0_const,DETERMINISTIC_EMPIRICAL_ABM,watts_strogatz,0.15,43,0,constant,2,500,0,0,0,0.0,0,0.0012380819626239,0.0012380819626239,0.0012380819626239,0.0,0.0,0,0
R_43_watts_strogatz_0.15_0_const,DETERMINISTIC_EMPIRICAL_ABM,watts_strogatz,0.15,43,0,constant,3,500,0,0,0,0.0,0,0.0012380819626239,0.0012380819626239,0.0012380819626239,0.0,0.0,0,0
R_43_watts_strogatz_0.15_0_const,DETERMINISTIC_EMPIRICAL_ABM,watts_strogatz,0.15,43,0,constant,4,500,0,0,0,0.0,0,0.0012380819626239,0.0012380819626239,0.0012380819626239,0.0,0.0,0,0
R_43_watts_strogatz_0.15_0_const,DETERMINISTIC_EMPIRICAL_ABM,watts_strogatz,0.15,43,0,constant,5,500,0,0,0,0.0,0,0.0012380819626239,0.0012380819626239,0.0012380819626239,0.0,0.0,0,0
R_43_watts_strogatz_0.15_0_const,DETERMINISTIC_EMPIRICAL_ABM,watts_strogatz,0.15,43,0,constant,6,500,0,0,0,0.0,0,0.0012380819626239,0.0012380819626239,0.0012380819626239,0.0,0.0,0,0
R_43_watts_strogatz_0.15_0_const,DETERMINISTIC_EMPIRICAL_ABM,watts_strogatz,0.15,43,0,constant,7,500,0,0,0,0.0,0,0.0012380819626239,0.0012380819626239,0.0012380819626239,0.0,0.0,0,0
R_43_watts_strogatz_0.15_0_const,DETERMINISTIC_EMPIRICAL_ABM,watts_strogatz,0.15,43,0,constant,8,500,0,0,0,0.0,0,0.0012380819626239,0.0012380819626239,0.0012380819626239,0.0,0.0,0,0
R_43_watts_strogatz_0.15_0_const,DETERMINISTIC_EMPIRICAL_ABM,watts_strogatz,0.15,43,0,constant,9,500,0,0,0,0.0,0,0.0012380819626239,0.0012380819626239,0.0012380819626239,0.0,0.0,0,0
R_43_watts_strogatz_0.15_0_const,DETERMINISTIC_EMPIRICAL_ABM,watts_strogatz,0.15,43,0,constant,10,500,0,0,0,0.0,0,0.0012380819626239,0.0012380819626239,0.0012380819626239,0.0,0.0,0,0
R_43_watts_strogatz_0.15_0_const,DETERMINISTIC_EMPIRICAL_ABM,watts_strogatz,0.15,43,0,constant,11,500,0,0,0,0.0,0,0.0012380819626239,0.0012380819626239,0.0012380819626239,0.0,0.0,0,0
R_43_watts_strogatz_0.15_0_const,DETERMINISTIC_EMPIRICAL_ABM,watts_strogatz,0.15,43,0,constant,12,500,0,0,0,0.0,0,0.0012380819626239,0.0012380819626239,0.0012380819626239,0.0,0.0,0,0
R_43_watts_strogatz_0.15_0_const,DETERMINISTIC_EMPIRICAL_ABM,watts_strogatz,0.15,43,0,constant,13,500,0,0,0,0.0,0,0.0012380819626239,0.0012380819626239,0.0012380819626239,0.0,0.0,0,0
R_43_watts_strogatz_0.15_0_const,DETERMINISTIC_EMPIRICAL_ABM,watts_strogatz,0.15,43,0,constant,14,500,0,0,0,0.0,0,0.0012380819626239,0.0012380819626239,0.0012380819626239,0.0,0.0,0,0
R_43_watts_strogatz_0.15_0_const,DETERMINISTIC_EMPIRICAL_ABM,watts_strogatz,0.15,43,0,constant,15,500,0,0,0,0.0,0,0.0012380819626239,0.0012380819626239,0.0012380819626239,0.0,0.0,0,0
R_43_watts_strogatz_0.15_0_const,DETERMINISTIC_EMPIRICAL_ABM,watts_strogatz,0.15,43,0,constant,16,500,0,0,0,0.0,0,0.0012380819626239,0.0012380819626239,0.0012380819626239,0.0,0.0,0,0
R_43_watts_strogatz_0.15_0_const,DETERMINISTIC_EMPIRICAL_ABM,watts_strogatz,0.15,43,0,constant,17,500,0,0,0,0.0,0,0.0012380819626239,0.0012380819626239,0.0012380819626239,0.0,0.0,0,0
R_43_watts_strogatz_0.15_0_const,DETERMINISTIC_EMPIRICAL_ABM,watts_strogatz,0.15,43,0,constant,18,500,0,0,0,0.0,0,0.0012380819626239,0.0012380819626239,0.0012380819626239,0.0,0.0,0,0
R_43_watts_strogatz_0.15_0_const,DETERMINISTIC_EMPIRICAL_ABM,watts_strogatz,0.15,43,0,constant,19,500,0,0,0,0.0,0,0.0012380819626239,0.0012380819626239,0.0012380819626239,0.0,0.0,0,0
R_43_watts_strogatz_0.15_0_const,DETERMINISTIC_EMPIRICAL_ABM,watts_strogatz,0.15,43,0,constant,20,500,0,0,0,0.0,0,0.0012380819626239,0.0012380819626239,0.0012380819626239,0.0,0.0,0,0
R_43_watts_strogatz_0.15_0_const,DETERMINISTIC_EMPIRICAL_ABM,watts_strogatz,0.15,43,0,constant,21,500,0,0,0,0.0,0,0.0012380819626239,0.0012380819626239,0.0012380819626239,0.0,0.0,0,0
R_43_watts_strogatz_0.15_0_const,DETERMINISTIC_EMPIRICAL_ABM,watts_strogatz,0.15,43,0,constant,22,500,0,0,0,0.0,0,0.0012380819626239,0.0012380819626239,0.0012380819626239,0.0,0.0,0,0
R_43_watts_strogatz_0.15_0_const,DETERMINISTIC_EMPIRICAL_ABM,watts_strogatz,0.15,43,0,constant,23,500,0,0,0,0.0,0,0.0012380819626239,0.0012380819626239,0.0012380819626239,0.0,0.0,0,0
R_43_watts_strogatz_0.15_0_const,DETERMINISTIC_EMPIRICAL_ABM,watts_strogatz,0.15,43,0,constant,24,500,0,0,0,0.0,0,0.0012380819626239,0.0012380819626239,0.0012380819626239,0.0,0.0,0,0
R_43_watts_strogatz_0.15_0_emp,DETERMINISTIC_EMPIRICAL_ABM,watts_strogatz,0.15,43,0,empirical,0,500,0,0,0,0.0,5,0.0012380819626239,0.0003295956104831,0.0018152066289457,0.0,0.0,0,0
R_43_watts_strogatz_0.15_0_emp,DETERMINISTIC_EMPIRICAL_ABM,watts_strogatz,0.15,43,0,empirical,1,500,0,0,0,0.0,0,0.0012380819626239,0.0003295956104831,0.0018152066289457,0.0,0.0,0,0
R_43_watts_strogatz_0.15_0_emp,DETERMINISTIC_EMPIRICAL_ABM,watts_strogatz,0.15,43,0,empirical,2,500,0,0,0,0.0,0,0.0012380819626239,0.0003295956104831,0.0018152066289457,0.0,0.0,0,0
R_43_watts_strogatz_0.15_0_emp,DETERMINISTIC_EMPIRICAL_ABM,watts_strogatz,0.15,43,0,empirical,3,500,0,0,0,0.0,0,0.0012380819626239,0.0003295956104831,0.0018152066289457,0.0,0.0,0,0
R_43_watts_strogatz_0.15_0_emp,DETERMINISTIC_EMPIRICAL_ABM,watts_strogatz,0.15,43,0,empirical,4,500,0,0,0,0.0,0,0.0012380819626239,0.0003295956104831,0.0018152066289457,0.0,0.0,0,0
R_43_watts_strogatz_0.15_0_emp,DETERMINISTIC_EMPIRICAL_ABM,watts_strogatz,0.15,43,0,empirical,5,500,0,0,0,0.0,0,0.0012380819626239,0.0003295956104831,0.0018152066289457,0.0,0.0,0,0
R_43_watts_strogatz_0.15_0_emp,DETERMINISTIC_EMPIRICAL_ABM,watts_strogatz,0.15,43,0,empirical,6,500,0,0,0,0.0,0,0.0012380819626239,0.0003295956104831,0.0018152066289457,0.0,0.0,0,0
R_43_watts_strogatz_0.15_0_emp,DETERMINISTIC_EMPIRICAL_ABM,watts_strogatz,0.15,43,0,empirical,7,500,0,0,0,0.0,0,0.0012380819626239,0.0003295956104831,0.0018152066289457,0.0,0.0,0,0
R_43_watts_strogatz_0.15_0_emp,DETERMINISTIC_EMPIRICAL_ABM,watts_strogatz,0.15,43,0,empirical,8,500,0,0,0,0.0,0,0.0012380819626239,0.0003295956104831,0.0018152066289457,0.0,0.0,0,0
R_43_watts_strogatz_0.15_0_emp,DETERMINISTIC_EMPIRICAL_ABM,watts_strogatz,0.15,43,0,empirical,9,500,0,0,0,0.0,0,0.0012380819626239,0.0003295956104831,0.0018152066289457,0.0,0.0,0,0
R_43_watts_strogatz_0.15_0_emp,DETERMINISTIC_EMPIRICAL_ABM,watts_strogatz,0.15,43,0,empirical,10,500,0,0,0,0.0,0,0.0012380819626239,0.0003295956104831,0.0018152066289457,0.0,0.0,0,0
R_43_watts_strogatz_0.15_0_emp,DETERMINISTIC_EMPIRICAL_ABM,watts_strogatz,0.15,43,0,empirical,11,500,0,0,0,0.0,0,0.0012380819626239,0.0003295956104831,0.0018152066289457,0.0,0.0,0,0
R_43_watts_strogatz_0.15_0_emp,DETERMINISTIC_EMPIRICAL_ABM,watts_strogatz,0.15,43,0,empirical,12,500,0,0,0,0.0,0,0.0012380819626239,0.0003295956104831,0.0018152066289457,0.0,0.0,0,0
R_43_watts_strogatz_0.15_0_emp,DETERMINISTIC_EMPIRICAL_ABM,watts_strogatz,0.15,43,0,empirical,13,500,0,0,0,0.0,0,0.0012380819626239,0.0003295956104831,0.0018152066289457,0.0,0.0,0,0
R_43_watts_strogatz_0.15_0_emp,DETERMINISTIC_EMPIRICAL_ABM,watts_strogatz,0.15,43,0,empirical,14,500,0,0,0,0.0,0,0.0012380819626239,0.0003295956104831,0.0018152066289457,0.0,0.0,0,0
R_43_watts_strogatz_0.15_0_emp,DETERMINISTIC_EMPIRICAL_ABM,watts_strogatz,0.15,43,0,empirical,15,500,0,0,0,0.0,0,0.0012380819626239,0.0003295956104831,0.0018152066289457,0.0,0.0,0,0
R_43_watts_strogatz_0.15_0_emp,DETERMINISTIC_EMPIRICAL_ABM,watts_strogatz,0.15,43,0,empirical,16,500,0,0,0,0.0,0,0.0012380819626239,0.0003295956104831,0.0018152066289457,0.0,0.0,0,0
R_43_watts_strogatz_0.15_0_emp,DETERMINISTIC_EMPIRICAL_ABM,watts_strogatz,0.15,43,0,empirical,17,500,0,0,0,0.0,0,0.0012380819626239,0.0003295956104831,0.0018152066289457,0.0,0.0,0,0
R_43_watts_strogatz_0.15_0_emp,DETERMINISTIC_EMPIRICAL_ABM,watts_strogatz,0.15,43,0,empirical,18,500,0,0,0,0.0,0,0.0012380819626239,0.0003295956104831,0.0018152066289457,0.0,0.0,0,0
R_43_watts_strogatz_0.15_0_emp,DETERMINISTIC_EMPIRICAL_ABM,watts_strogatz,0.15,43,0,empirical,19,500,0,0,0,0.0,0,0.0012380819626239,0.0003295956104831,0.0018152066289457,0.0,0.0,0,0
R_43_watts_strogatz_0.15_0_emp,DETERMINISTIC_EMPIRICAL_ABM,watts_strogatz,0.15,43,0,empirical,20,500,0,0,0,0.0,0,0.0012380819626239,0.0003295956104831,0.0018152066289457,0.0,0.0,0,0
R_43_watts_strogatz_0.15_0_emp,DETERMINISTIC_EMPIRICAL_ABM,watts_strogatz,0.15,43,0,empirical,21,500,0,0,0,0.0,0,0.0012380819626239,0.0003295956104831,0.0018152066289457,0.0,0.0,0,0
R_43_watts_strogatz_0.15_0_emp,DETERMINISTIC_EMPIRICAL_ABM,watts_strogatz,0.15,43,0,empirical,22,500,0,0,0,0.0,0,0.0012380819626239,0.0003295956104831,0.0018152066289457,0.0,0.0,0,0
R_43_watts_strogatz_0.15_0_emp,DETERMINISTIC_EMPIRICAL_ABM,watts_strogatz,0.15,43,0,empirical,23,500,0,0,0,0.0,0,0.0012380819626239,0.0003295956104831,0.0018152066289457,0.0,0.0,0,0
R_43_watts_strogatz_0.15_0_emp,DETERMINISTIC_EMPIRICAL_ABM,watts_strogatz,0.15,43,0,empirical,24,500,0,0,0,0.0,0,0.0012380819626239,0.0003295956104831,0.0018152066289457,0.0,0.0,0,0
R_43_watts_strogatz_0.3_0_const,DETERMINISTIC_EMPIRICAL_ABM,watts_strogatz,0.3,43,0,constant,0,500,0,0,0,0.0,5,0.0012380819626239,0.0012380819626239,0.0012380819626239,0.0,0.0,0,0
R_43_watts_strogatz_0.3_0_const,DETERMINISTIC_EMPIRICAL_ABM,watts_strogatz,0.3,43,0,constant,1,500,0,0,0,0.0,0,0.0012380819626239,0.0012380819626239,0.0012380819626239,0.0,0.0,0,0
R_43_watts_strogatz_0.3_0_const,DETERMINISTIC_EMPIRICAL_ABM,watts_strogatz,0.3,43,0,constant,2,500,0,0,0,0.0,0,0.0012380819626239,0.0012380819626239,0.0012380819626239,0.0,0.0,0,0
R_43_watts_strogatz_0.3_0_const,DETERMINISTIC_EMPIRICAL_ABM,watts_strogatz,0.3,43,0,constant,3,500,0,0,0,0.0,0,0.0012380819626239,0.0012380819626239,0.0012380819626239,0.0,0.0,0,0
R_43_watts_strogatz_0.3_0_const,DETERMINISTIC_EMPIRICAL_ABM,watts_strogatz,0.3,43,0,constant,4,500,0,0,0,0.0,0,0.0012380819626239,0.0012380819626239,0.0012380819626239,0.0,0.0,0,0
R_43_watts_strogatz_0.3_0_const,DETERMINISTIC_EMPIRICAL_ABM,watts_strogatz,0.3,43,0,constant,5,500,0,0,0,0.0,0,0.0012380819626239,0.0012380819626239,0.0012380819626239,0.0,0.0,0,0
R_43_watts_strogatz_0.3_0_const,DETERMINISTIC_EMPIRICAL_ABM,watts_strogatz,0.3,43,0,constant,6,500,0,0,0,0.0,0,0.0012380819626239,0.0012380819626239,0.0012380819626239,0.0,0.0,0,0
R_43_watts_strogatz_0.3_0_const,DETERMINISTIC_EMPIRICAL_ABM,watts_strogatz,0.3,43,0,constant,7,500,0,0,0,0.0,0,0.0012380819626239,0.0012380819626239,0.0012380819626239,0.0,0.0,0,0
R_43_watts_strogatz_0.3_0_const,DETERMINISTIC_EMPIRICAL_ABM,watts_strogatz,0.3,43,0,constant,8,500,0,0,0,0.0,0,0.0012380819626239,0.0012380819626239,0.0012380819626239,0.0,0.0,0,0
R_43_watts_strogatz_0.3_0_const,DETERMINISTIC_EMPIRICAL_ABM,watts_strogatz,0.3,43,0,constant,9,500,0,0,0,0.0,0,0.0012380819626239,0.0012380819626239,0.0012380819626239,0.0,0.0,0,0
R_43_watts_strogatz_0.3_0_const,DETERMINISTIC_EMPIRICAL_ABM,watts_strogatz,0.3,43,0,constant,10,500,0,0,0,0.0,0,0.0012380819626239,0.0012380819626239,0.0012380819626239,0.0,0.0,0,0
R_43_watts_strogatz_0.3_0_const,DETERMINISTIC_EMPIRICAL_ABM,watts_strogatz,0.3,43,0,constant,11,500,0,0,0,0.0,0,0.0012380819626239,0.0012380819626239,0.0012380819626239,0.0,0.0,0,0
R_43_watts_strogatz_0.3_0_const,DETERMINISTIC_EMPIRICAL_ABM,watts_strogatz,0.3,43,0,constant,12,500,0,0,0,0.0,0,0.0012380819626239,0.0012380819626239,0.0012380819626239,0.0,0.0,0,0
R_43_watts_strogatz_0.3_0_const,DETERMINISTIC_EMPIRICAL_ABM,watts_strogatz,0.3,43,0,constant,13,500,0,0,0,0.0,0,0.0012380819626239,0.0012380819626239,0.0012380819626239,0.0,0.0,0,0
R_43_watts_strogatz_0.3_0_const,DETERMINISTIC_EMPIRICAL_ABM,watts_strogatz,0.3,43,0,constant,14,500,0,0,0,0.0,0,0.0012380819626239,0.0012380819626239,0.0012380819626239,0.0,0.0,0,0
R_43_watts_strogatz_0.3_0_const,DETERMINISTIC_EMPIRICAL_ABM,watts_strogatz,0.3,43,0,constant,15,500,0,0,0,0.0,0,0.0012380819626239,0.0012380819626239,0.0012380819626239,0.0,0.0,0,0
R_43_watts_strogatz_0.3_0_const,DETERMINISTIC_EMPIRICAL_ABM,watts_strogatz,0.3,43,0,constant,16,500,0,0,0,0.0,0,0.0012380819626239,0.0012380819626239,0.0012380819626239,0.0,0.0,0,0
R_43_watts_strogatz_0.3_0_const,DETERMINISTIC_EMPIRICAL_ABM,watts_strogatz,0.3,43,0,constant,17,500,0,0,0,0.0,0,0.0012380819626239,0.0012380819626239,0.0012380819626239,0.0,0.0,0,0
R_43_watts_strogatz_0.3_0_const,DETERMINISTIC_EMPIRICAL_ABM,watts_strogatz,0.3,43,0,constant,18,500,0,0,0,0.0,0,0.0012380819626239,0.0012380819626239,0.0012380819626239,0.0,0.0,0,0
R_43_watts_strogatz_0.3_0_const,DETERMINISTIC_EMPIRICAL_ABM,watts_strogatz,0.3,43,0,constant,19,500,0,0,0,0.0,0,0.0012380819626239,0.0012380819626239,0.0012380819626239,0.0,0.0,0,0
R_43_watts_strogatz_0.3_0_const,DETERMINISTIC_EMPIRICAL_ABM,watts_strogatz,0.3,43,0,constant,20,500,0,0,0,0.0,0,0.0012380819626239,0.0012380819626239,0.0012380819626239,0.0,0.0,0,0
R_43_watts_strogatz_0.3_0_const,DETERMINISTIC_EMPIRICAL_ABM,watts_strogatz,0.3,43,0,constant,21,500,0,0,0,0.0,0,0.0012380819626239,0.0012380819626239,0.0012380819626239,0.0,0.0,0,0
R_43_watts_strogatz_0.3_0_const,DETERMINISTIC_EMPIRICAL_ABM,watts_strogatz,0.3,43,0,constant,22,500,0,0,0,0.0,0,0.0012380819626239,0.0012380819626239,0.0012380819626239,0.0,0.0,0,0
R_43_watts_strogatz_0.3_0_const,DETERMINISTIC_EMPIRICAL_ABM,watts_strogatz,0.3,43,0,constant,23,500,0,0,0,0.0,0,0.0012380819626239,0.0012380819626239,0.0012380819626239,0.0,0.0,0,0
R_43_watts_strogatz_0.3_0_const,DETERMINISTIC_EMPIRICAL_ABM,watts_strogatz,0.3,43,0,constant,24,500,0,0,0,0.0,0,0.0012380819626239,0.0012380819626239,0.0012380819626239,0.0,0.0,0,0
R_43_watts_strogatz_0.3_0_emp,DETERMINISTIC_EMPIRICAL_ABM,watts_strogatz,0.3,43,0,empirical,0,500,0,0,0,0.0,5,0.0012380819626239,0.0003295956104831,0.0018152066289457,0.0,0.0,0,0
R_43_watts_strogatz_0.3_0_emp,DETERMINISTIC_EMPIRICAL_ABM,watts_strogatz,0.3,43,0,empirical,1,500,0,0,0,0.0,0,0.0012380819626239,0.0003295956104831,0.0018152066289457,0.0,0.0,0,0
R_43_watts_strogatz_0.3_0_emp,DETERMINISTIC_EMPIRICAL_ABM,watts_strogatz,0.3,43,0,empirical,2,500,0,0,0,0.0,0,0.0012380819626239,0.0003295956104831,0.0018152066289457,0.0,0.0,0,0
R_43_watts_strogatz_0.3_0_emp,DETERMINISTIC_EMPIRICAL_ABM,watts_strogatz,0.3,43,0,empirical,3,500,0,0,0,0.0,0,0.0012380819626239,0.0003295956104831,0.0018152066289457,0.0,0.0,0,0
R_43_watts_strogatz_0.3_0_emp,DETERMINISTIC_EMPIRICAL_ABM,watts_strogatz,0.3,43,0,empirical,4,500,0,0,0,0.0,0,0.0012380819626239,0.0003295956104831,0.0018152066289457,0.0,0.0,0,0
R_43_watts_strogatz_0.3_0_emp,DETERMINISTIC_EMPIRICAL_ABM,watts_strogatz,0.3,43,0,empirical,5,500,0,0,0,0.0,0,0.0012380819626239,0.0003295956104831,0.0018152066289457,0.0,0.0,0,0
R_43_watts_strogatz_0.3_0_emp,DETERMINISTIC_EMPIRICAL_ABM,watts_strogatz,0.3,43,0,empirical,6,500,0,0,0,0.0,0,0.0012380819626239,0.0003295956104831,0.0018152066289457,0.0,0.0,0,0
R_43_watts_strogatz_0.3_0_emp,DETERMINISTIC_EMPIRICAL_ABM,watts_strogatz,0.3,43,0,empirical,7,500,0,0,0,0.0,0,0.0012380819626239,0.0003295956104831,0.0018152066289457,0.0,0.0,0,0
R_43_watts_strogatz_0.3_0_emp,DETERMINISTIC_EMPIRICAL_ABM,watts_strogatz,0.3,43,0,empirical,8,500,0,0,0,0.0,0,0.0012380819626239,0.0003295956104831,0.0018152066289457,0.0,0.0,0,0
R_43_watts_strogatz_0.3_0_emp,DETERMINISTIC_EMPIRICAL_ABM,watts_strogatz,0.3,43,0,empirical,9,500,0,0,0,0.0,0,0.0012380819626239,0.0003295956104831,0.0018152066289457,0.0,0.0,0,0
R_43_watts_strogatz_0.3_0_emp,DETERMINISTIC_EMPIRICAL_ABM,watts_strogatz,0.3,43,0,empirical,10,500,0,0,0,0.0,0,0.0012380819626239,0.0003295956104831,0.0018152066289457,0.0,0.0,0,0
R_43_watts_strogatz_0.3_0_emp,DETERMINISTIC_EMPIRICAL_ABM,watts_strogatz,0.3,43,0,empirical,11,500,0,0,0,0.0,0,0.0012380819626239,0.0003295956104831,0.0018152066289457,0.0,0.0,0,0
R_43_watts_strogatz_0.3_0_emp,DETERMINISTIC_EMPIRICAL_ABM,watts_strogatz,0.3,43,0,empirical,12,500,0,0,0,0.0,0,0.0012380819626239,0.0003295956104831,0.0018152066289457,0.0,0.0,0,0
R_43_watts_strogatz_0.3_0_emp,DETERMINISTIC_EMPIRICAL_ABM,watts_strogatz,0.3,43,0,empirical,13,500,0,0,0,0.0,0,0.0012380819626239,0.0003295956104831,0.0018152066289457,0.0,0.0,0,0
R_43_watts_strogatz_0.3_0_emp,DETERMINISTIC_EMPIRICAL_ABM,watts_strogatz,0.3,43,0,empirical,14,500,0,0,0,0.0,0,0.0012380819626239,0.0003295956104831,0.0018152066289457,0.0,0.0,0,0
R_43_watts_strogatz_0.3_0_emp,DETERMINISTIC_EMPIRICAL_ABM,watts_strogatz,0.3,43,0,empirical,15,500,0,0,0,0.0,0,0.0012380819626239,0.0003295956104831,0.0018152066289457,0.0,0.0,0,0
R_43_watts_strogatz_0.3_0_emp,DETERMINISTIC_EMPIRICAL_ABM,watts_strogatz,0.3,43,0,empirical,16,500,0,0,0,0.0,0,0.0012380819626239,0.0003295956104831,0.0018152066289457,0.0,0.0,0,0
R_43_watts_strogatz_0.3_0_emp,DETERMINISTIC_EMPIRICAL_ABM,watts_strogatz,0.3,43,0,empirical,17,500,0,0,0,0.0,0,0.0012380819626239,0.0003295956104831,0.0018152066289457,0.0,0.0,0,0
R_43_watts_strogatz_0.3_0_emp,DETERMINISTIC_EMPIRICAL_ABM,watts_strogatz,0.3,43,0,empirical,18,500,0,0,0,0.0,0,0.0012380819626239,0.0003295956104831,0.0018152066289457,0.0,0.0,0,0
R_43_watts_strogatz_0.3_0_emp,DETERMINISTIC_EMPIRICAL_ABM,watts_strogatz,0.3,43,0,empirical,19,500,0,0,0,0.0,0,0.0012380819626239,0.0003295956104831,0.0018152066289457,0.0,0.0,0,0
R_43_watts_strogatz_0.3_0_emp,DETERMINISTIC_EMPIRICAL_ABM,watts_strogatz,0.3,43,0,empirical,20,500,0,0,0,0.0,0,0.0012380819626239,0.0003295956104831,0.0018152066289457,0.0,0.0,0,0
R_43_watts_strogatz_0.3_0_emp,DETERMINISTIC_EMPIRICAL_ABM,watts_strogatz,0.3,43,0,empirical,21,500,0,0,0,0.0,0,0.0012380819626239,0.0003295956104831,0.0018152066289457,0.0,0.0,0,0
R_43_watts_strogatz_0.3_0_emp,DETERMINISTIC_EMPIRICAL_ABM,watts_strogatz,0.3,43,0,empirical,22,500,0,0,0,0.0,0,0.0012380819626239,0.0003295956104831,0.0018152066289457,0.0,0.0,0,0
R_43_watts_strogatz_0.3_0_emp,DETERMINISTIC_EMPIRICAL_ABM,watts_strogatz,0.3,43,0,empirical,23,500,0,0,0,0.0,0,0.0012380819626239,0.0003295956104831,0.0018152066289457,0.0,0.0,0,0
R_43_watts_strogatz_0.3_0_emp,DETERMINISTIC_EMPIRICAL_ABM,watts_strogatz,0.3,43,0,empirical,24,500,0,0,0,0.0,0,0.0012380819626239,0.0003295956104831,0.0018152066289457,0.0,0.0,0,0
R_44_barabasi_albert_0.05_0_const,DETERMINISTIC_EMPIRICAL_ABM,barabasi_albert,0.05,44,0,constant,0,499,1,0,1,0.002,5,0.0012380819626239,0.0012380819626239,0.0012380819626239,0.0002,0.0,0,0
R_44_barabasi_albert_0.05_0_const,DETERMINISTIC_EMPIRICAL_ABM,barabasi_albert,0.05,44,0,constant,1,499,1,0,1,0.002,0,0.0012380819626239,0.0012380819626239,0.0012380819626239,0.0002,0.0,0,0
R_44_barabasi_albert_0.05_0_const,DETERMINISTIC_EMPIRICAL_ABM,barabasi_albert,0.05,44,0,constant,2,499,0,1,1,0.002,0,0.0012380819626239,0.0012380819626239,0.0012380819626239,0.0,0.0,0,0
R_44_barabasi_albert_0.05_0_const,DETERMINISTIC_EMPIRICAL_ABM,barabasi_albert,0.05,44,0,constant,3,499,0,1,1,0.002,0,0.0012380819626239,0.0012380819626239,0.0012380819626239,0.0,0.0,0,0
R_44_barabasi_albert_0.05_0_const,DETERMINISTIC_EMPIRICAL_ABM,barabasi_albert,0.05,44,0,constant,4,499,0,1,1,0.002,0,0.0012380819626239,0.0012380819626239,0.0012380819626239,0.0,0.0,0,0
R_44_barabasi_albert_0.05_0_const,DETERMINISTIC_EMPIRICAL_ABM,barabasi_albert,0.05,44,0,constant,5,499,0,1,1,0.002,0,0.0012380819626239,0.0012380819626239,0.0012380819626239,0.0,0.0,0,0
R_44_barabasi_albert_0.05_0_const,DETERMINISTIC_EMPIRICAL_ABM,barabasi_albert,0.05,44,0,constant,6,499,0,1,1,0.002,0,0.0012380819626239,0.0012380819626239,0.0012380819626239,0.0,0.0,0,0
R_44_barabasi_albert_0.05_0_const,DETERMINISTIC_EMPIRICAL_ABM,barabasi_albert,0.05,44,0,constant,7,499,0,1,1,0.002,0,0.0012380819626239,0.0012380819626239,0.0012380819626239,0.0,0.0,0,0
R_44_barabasi_albert_0.05_0_const,DETERMINISTIC_EMPIRICAL_ABM,barabasi_albert,0.05,44,0,constant,8,499,0,1,1,0.002,0,0.0012380819626239,0.0012380819626239,0.0012380819626239,0.0,0.0,0,0
R_44_barabasi_albert_0.05_0_const,DETERMINISTIC_EMPIRICAL_ABM,barabasi_albert,0.05,44,0,constant,9,499,0,1,1,0.002,0,0.0012380819626239,0.0012380819626239,0.0012380819626239,0.0,0.0,0,0
R_44_barabasi_albert_0.05_0_const,DETERMINISTIC_EMPIRICAL_ABM,barabasi_albert,0.05,44,0,constant,10,499,0,1,1,0.002,0,0.0012380819626239,0.0012380819626239,0.0012380819626239,0.0,0.0,0,0
R_44_barabasi_albert_0.05_0_const,DETERMINISTIC_EMPIRICAL_ABM,barabasi_albert,0.05,44,0,constant,11,499,0,1,1,0.002,0,0.0012380819626239,0.0012380819626239,0.0012380819626239,0.0,0.0,0,0
R_44_barabasi_albert_0.05_0_const,DETERMINISTIC_EMPIRICAL_ABM,barabasi_albert,0.05,44,0,constant,12,499,0,1,1,0.002,0,0.0012380819626239,0.0012380819626239,0.0012380819626239,0.0,0.0,0,0
R_44_barabasi_albert_0.05_0_const,DETERMINISTIC_EMPIRICAL_ABM,barabasi_albert,0.05,44,0,constant,13,499,0,1,1,0.002,0,0.0012380819626239,0.0012380819626239,0.0012380819626239,0.0,0.0,0,0
R_44_barabasi_albert_0.05_0_const,DETERMINISTIC_EMPIRICAL_ABM,barabasi_albert,0.05,44,0,constant,14,499,0,1,1,0.002,0,0.0012380819626239,0.0012380819626239,0.0012380819626239,0.0,0.0,0,0
R_44_barabasi_albert_0.05_0_const,DETERMINISTIC_EMPIRICAL_ABM,barabasi_albert,0.05,44,0,constant,15,499,0,1,1,0.002,0,0.0012380819626239,0.0012380819626239,0.0012380819626239,0.0,0.0,0,0
R_44_barabasi_albert_0.05_0_const,DETERMINISTIC_EMPIRICAL_ABM,barabasi_albert,0.05,44,0,constant,16,499,0,1,1,0.002,0,0.0012380819626239,0.0012380819626239,0.0012380819626239,0.0,0.0,0,0
R_44_barabasi_albert_0.05_0_const,DETERMINISTIC_EMPIRICAL_ABM,barabasi_albert,0.05,44,0,constant,17,499,0,1,1,0.002,0,0.0012380819626239,0.0012380819626239,0.0012380819626239,0.0,0.0,0,0
R_44_barabasi_albert_0.05_0_const,DETERMINISTIC_EMPIRICAL_ABM,barabasi_albert,0.05,44,0,constant,18,499,0,1,1,0.002,0,0.0012380819626239,0.0012380819626239,0.0012380819626239,0.0,0.0,0,0
R_44_barabasi_albert_0.05_0_const,DETERMINISTIC_EMPIRICAL_ABM,barabasi_albert,0.05,44,0,constant,19,499,0,1,1,0.002,0,0.0012380819626239,0.0012380819626239,0.0012380819626239,0.0,0.0,0,0
R_44_barabasi_albert_0.05_0_const,DETERMINISTIC_EMPIRICAL_ABM,barabasi_albert,0.05,44,0,constant,20,499,0,1,1,0.002,0,0.0012380819626239,0.0012380819626239,0.0012380819626239,0.0,0.0,0,0
R_44_barabasi_albert_0.05_0_const,DETERMINISTIC_EMPIRICAL_ABM,barabasi_albert,0.05,44,0,constant,21,499,0,1,1,0.002,0,0.0012380819626239,0.0012380819626239,0.0012380819626239,0.0,0.0,0,0
R_44_barabasi_albert_0.05_0_const,DETERMINISTIC_EMPIRICAL_ABM,barabasi_albert,0.05,44,0,constant,22,499,0,1,1,0.002,0,0.0012380819626239,0.0012380819626239,0.0012380819626239,0.0,0.0,0,0
R_44_barabasi_albert_0.05_0_const,DETERMINISTIC_EMPIRICAL_ABM,barabasi_albert,0.05,44,0,constant,23,499,0,1,1,0.002,0,0.0012380819626239,0.0012380819626239,0.0012380819626239,0.0,0.0,0,0
R_44_barabasi_albert_0.05_0_const,DETERMINISTIC_EMPIRICAL_ABM,barabasi_albert,0.05,44,0,constant,24,499,0,1,1,0.002,0,0.0012380819626239,0.0012380819626239,0.0012380819626239,0.0,0.0,0,0
R_44_barabasi_albert_0.05_0_emp,DETERMINISTIC_EMPIRICAL_ABM,barabasi_albert,0.05,44,0,empirical,0,499,1,0,1,0.002,5,0.0012380819626239,0.0003295956104831,0.0018152066289457,0.0002,0.0,0,0
R_44_barabasi_albert_0.05_0_emp,DETERMINISTIC_EMPIRICAL_ABM,barabasi_albert,0.05,44,0,empirical,1,499,1,0,1,0.002,0,0.0012380819626239,0.0003295956104831,0.0018152066289457,0.0002,0.0,0,0
R_44_barabasi_albert_0.05_0_emp,DETERMINISTIC_EMPIRICAL_ABM,barabasi_albert,0.05,44,0,empirical,2,499,0,1,1,0.002,0,0.0012380819626239,0.0003295956104831,0.0018152066289457,0.0,0.0,0,0
R_44_barabasi_albert_0.05_0_emp,DETERMINISTIC_EMPIRICAL_ABM,barabasi_albert,0.05,44,0,empirical,3,499,0,1,1,0.002,0,0.0012380819626239,0.0003295956104831,0.0018152066289457,0.0,0.0,0,0
R_44_barabasi_albert_0.05_0_emp,DETERMINISTIC_EMPIRICAL_ABM,barabasi_albert,0.05,44,0,empirical,4,499,0,1,1,0.002,0,0.0012380819626239,0.0003295956104831,0.0018152066289457,0.0,0.0,0,0
R_44_barabasi_albert_0.05_0_emp,DETERMINISTIC_EMPIRICAL_ABM,barabasi_albert,0.05,44,0,empirical,5,499,0,1,1,0.002,0,0.0012380819626239,0.0003295956104831,0.0018152066289457,0.0,0.0,0,0
R_44_barabasi_albert_0.05_0_emp,DETERMINISTIC_EMPIRICAL_ABM,barabasi_albert,0.05,44,0,empirical,6,499,0,1,1,0.002,0,0.0012380819626239,0.0003295956104831,0.0018152066289457,0.0,0.0,0,0
R_44_barabasi_albert_0.05_0_emp,DETERMINISTIC_EMPIRICAL_ABM,barabasi_albert,0.05,44,0,empirical,7,499,0,1,1,0.002,0,0.0012380819626239,0.0003295956104831,0.0018152066289457,0.0,0.0,0,0
R_44_barabasi_albert_0.05_0_emp,DETERMINISTIC_EMPIRICAL_ABM,barabasi_albert,0.05,44,0,empirical,8,499,0,1,1,0.002,0,0.0012380819626239,0.0003295956104831,0.0018152066289457,0.0,0.0,0,0
R_44_barabasi_albert_0.05_0_emp,DETERMINISTIC_EMPIRICAL_ABM,barabasi_albert,0.05,44,0,empirical,9,499,0,1,1,0.002,0,0.0012380819626239,0.0003295956104831,0.0018152066289457,0.0,0.0,0,0
R_44_barabasi_albert_0.05_0_emp,DETERMINISTIC_EMPIRICAL_ABM,barabasi_albert,0.05,44,0,empirical,10,499,0,1,1,0.002,0,0.0012380819626239,0.0003295956104831,0.0018152066289457,0.0,0.0,0,0
R_44_barabasi_albert_0.05_0_emp,DETERMINISTIC_EMPIRICAL_ABM,barabasi_albert,0.05,44,0,empirical,11,499,0,1,1,0.002,0,0.0012380819626239,0.0003295956104831,0.0018152066289457,0.0,0.0,0,0
R_44_barabasi_albert_0.05_0_emp,DETERMINISTIC_EMPIRICAL_ABM,barabasi_albert,0.05,44,0,empirical,12,499,0,1,1,0.002,0,0.0012380819626239,0.0003295956104831,0.0018152066289457,0.0,0.0,0,0
R_44_barabasi_albert_0.05_0_emp,DETERMINISTIC_EMPIRICAL_ABM,barabasi_albert,0.05,44,0,empirical,13,499,0,1,1,0.002,0,0.0012380819626239,0.0003295956104831,0.0018152066289457,0.0,0.0,0,0
R_44_barabasi_albert_0.05_0_emp,DETERMINISTIC_EMPIRICAL_ABM,barabasi_albert,0.05,44,0,empirical,14,499,0,1,1,0.002,0,0.0012380819626239,0.0003295956104831,0.0018152066289457,0.0,0.0,0,0
R_44_barabasi_albert_0.05_0_emp,DETERMINISTIC_EMPIRICAL_ABM,barabasi_albert,0.05,44,0,empirical,15,499,0,1,1,0.002,0,0.0012380819626239,0.0003295956104831,0.0018152066289457,0.0,0.0,0,0
R_44_barabasi_albert_0.05_0_emp,DETERMINISTIC_EMPIRICAL_ABM,barabasi_albert,0.05,44,0,empirical,16,499,0,1,1,0.002,0,0.0012380819626239,0.0003295956104831,0.0018152066289457,0.0,0.0,0,0
R_44_barabasi_albert_0.05_0_emp,DETERMINISTIC_EMPIRICAL_ABM,barabasi_albert,0.05,44,0,empirical,17,499,0,1,1,0.002,0,0.0012380819626239,0.0003295956104831,0.0018152066289457,0.0,0.0,0,0
R_44_barabasi_albert_0.05_0_emp,DETERMINISTIC_EMPIRICAL_ABM,barabasi_albert,0.05,44,0,empirical,18,499,0,1,1,0.002,0,0.0012380819626239,0.0003295956104831,0.0018152066289457,0.0,0.0,0,0
R_44_barabasi_albert_0.05_0_emp,DETERMINISTIC_EMPIRICAL_ABM,barabasi_albert,0.05,44,0,empirical,19,499,0,1,1,0.002,0,0.0012380819626239,0.0003295956104831,0.0018152066289457,0.0,0.0,0,0
R_44_barabasi_albert_0.05_0_emp,DETERMINISTIC_EMPIRICAL_ABM,barabasi_albert,0.05,44,0,empirical,20,499,0,1,1,0.002,0,0.0012380819626239,0.0003295956104831,0.0018152066289457,0.0,0.0,0,0
R_44_barabasi_albert_0.05_0_emp,DETERMINISTIC_EMPIRICAL_ABM,barabasi_albert,0.05,44,0,empirical,21,499,0,1,1,0.002,0,0.0012380819626239,0.0003295956104831,0.0018152066289457,0.0,0.0,0,0
R_44_barabasi_albert_0.05_0_emp,DETERMINISTIC_EMPIRICAL_ABM,barabasi_albert,0.05,44,0,empirical,22,499,0,1,1,0.002,0,0.0012380819626239,0.0003295956104831,0.0018152066289457,0.0,0.0,0,0
R_44_barabasi_albert_0.05_0_emp,DETERMINISTIC_EMPIRICAL_ABM,barabasi_albert,0.05,44,0,empirical,23,499,0,1,1,0.002,0,0.0012380819626239,0.0003295956104831,0.0018152066289457,0.0,0.0,0,0
R_44_barabasi_albert_0.05_0_emp,DETERMINISTIC_EMPIRICAL_ABM,barabasi_albert,0.05,44,0,empirical,24,499,0,1,1,0.002,0,0.0012380819626239,0.0003295956104831,0.0018152066289457,0.0,0.0,0,0
R_44_barabasi_albert_0.15_0_const,DETERMINISTIC_EMPIRICAL_ABM,barabasi_albert,0.15,44,0,constant,0,499,1,0,1,0.002,5,0.0012380819626239,0.0012380819626239,0.0012380819626239,0.0006,0.0,0,0
R_44_barabasi_albert_0.15_0_const,DETERMINISTIC_EMPIRICAL_ABM,barabasi_albert,0.15,44,0,constant,1,499,1,0,1,0.002,0,0.0012380819626239,0.0012380819626239,0.0012380819626239,0.0006,0.0,2,0
R_44_barabasi_albert_0.15_0_const,DETERMINISTIC_EMPIRICAL_ABM,barabasi_albert,0.15,44,0,constant,2,499,0,1,1,0.002,0,0.0012380819626239,0.0012380819626239,0.0012380819626239,0.0,0.0,4,0
R_44_barabasi_albert_0.15_0_const,DETERMINISTIC_EMPIRICAL_ABM,barabasi_albert,0.15,44,0,constant,3,499,0,1,1,0.002,0,0.0012380819626239,0.0012380819626239,0.0012380819626239,0.0,0.0,4,0
R_44_barabasi_albert_0.15_0_const,DETERMINISTIC_EMPIRICAL_ABM,barabasi_albert,0.15,44,0,constant,4,499,0,1,1,0.002,0,0.0012380819626239,0.0012380819626239,0.0012380819626239,0.0,0.0,4,0
R_44_barabasi_albert_0.15_0_const,DETERMINISTIC_EMPIRICAL_ABM,barabasi_albert,0.15,44,0,constant,5,499,0,1,1,0.002,0,0.0012380819626239,0.0012380819626239,0.0012380819626239,0.0,0.0,4,0
R_44_barabasi_albert_0.15_0_const,DETERMINISTIC_EMPIRICAL_ABM,barabasi_albert,0.15,44,0,constant,6,499,0,1,1,0.002,0,0.0012380819626239,0.0012380819626239,0.0012380819626239,0.0,0.0,4,0
R_44_barabasi_albert_0.15_0_const,DETERMINISTIC_EMPIRICAL_ABM,barabasi_albert,0.15,44,0,constant,7,499,0,1,1,0.002,0,0.0012380819626239,0.0012380819626239,0.0012380819626239,0.0,0.0,4,0
R_44_barabasi_albert_0.15_0_const,DETERMINISTIC_EMPIRICAL_ABM,barabasi_albert,0.15,44,0,constant,8,499,0,1,1,0.002,0,0.0012380819626239,0.0012380819626239,0.0012380819626239,0.0,0.0,4,0
R_44_barabasi_albert_0.15_0_const,DETERMINISTIC_EMPIRICAL_ABM,barabasi_albert,0.15,44,0,constant,9,499,0,1,1,0.002,0,0.0012380819626239,0.0012380819626239,0.0012380819626239,0.0,0.0,4,0
R_44_barabasi_albert_0.15_0_const,DETERMINISTIC_EMPIRICAL_ABM,barabasi_albert,0.15,44,0,constant,10,499,0,1,1,0.002,0,0.0012380819626239,0.0012380819626239,0.0012380819626239,0.0,0.0,4,0
R_44_barabasi_albert_0.15_0_const,DETERMINISTIC_EMPIRICAL_ABM,barabasi_albert,0.15,44,0,constant,11,499,0,1,1,0.002,0,0.0012380819626239,0.0012380819626239,0.0012380819626239,0.0,0.0,4,0
R_44_barabasi_albert_0.15_0_const,DETERMINISTIC_EMPIRICAL_ABM,barabasi_albert,0.15,44,0,constant,12,499,0,1,1,0.002,0,0.0012380819626239,0.0012380819626239,0.0012380819626239,0.0,0.0,4,0
R_44_barabasi_albert_0.15_0_const,DETERMINISTIC_EMPIRICAL_ABM,barabasi_albert,0.15,44,0,constant,13,499,0,1,1,0.002,0,0.0012380819626239,0.0012380819626239,0.0012380819626239,0.0,0.0,4,0
R_44_barabasi_albert_0.15_0_const,DETERMINISTIC_EMPIRICAL_ABM,barabasi_albert,0.15,44,0,constant,14,499,0,1,1,0.002,0,0.0012380819626239,0.0012380819626239,0.0012380819626239,0.0,0.0,4,0
R_44_barabasi_albert_0.15_0_const,DETERMINISTIC_EMPIRICAL_ABM,barabasi_albert,0.15,44,0,constant,15,499,0,1,1,0.002,0,0.0012380819626239,0.0012380819626239,0.0012380819626239,0.0,0.0,4,0
R_44_barabasi_albert_0.15_0_const,DETERMINISTIC_EMPIRICAL_ABM,barabasi_albert,0.15,44,0,constant,16,499,0,1,1,0.002,0,0.0012380819626239,0.0012380819626239,0.0012380819626239,0.0,0.0,4,0
R_44_barabasi_albert_0.15_0_const,DETERMINISTIC_EMPIRICAL_ABM,barabasi_albert,0.15,44,0,constant,17,499,0,1,1,0.002,0,0.0012380819626239,0.0012380819626239,0.0012380819626239,0.0,0.0,4,0
R_44_barabasi_albert_0.15_0_const,DETERMINISTIC_EMPIRICAL_ABM,barabasi_albert,0.15,44,0,constant,18,499,0,1,1,0.002,0,0.0012380819626239,0.0012380819626239,0.0012380819626239,0.0,0.0,4,0
R_44_barabasi_albert_0.15_0_const,DETERMINISTIC_EMPIRICAL_ABM,barabasi_albert,0.15,44,0,constant,19,499,0,1,1,0.002,0,0.0012380819626239,0.0012380819626239,0.0012380819626239,0.0,0.0,4,0
R_44_barabasi_albert_0.15_0_const,DETERMINISTIC_EMPIRICAL_ABM,barabasi_albert,0.15,44,0,constant,20,499,0,1,1,0.002,0,0.0012380819626239,0.0012380819626239,0.0012380819626239,0.0,0.0,4,0
R_44_barabasi_albert_0.15_0_const,DETERMINISTIC_EMPIRICAL_ABM,barabasi_albert,0.15,44,0,constant,21,499,0,1,1,0.002,0,0.0012380819626239,0.0012380819626239,0.0012380819626239,0.0,0.0,4,0
R_44_barabasi_albert_0.15_0_const,DETERMINISTIC_EMPIRICAL_ABM,barabasi_albert,0.15,44,0,constant,22,499,0,1,1,0.002,0,0.0012380819626239,0.0012380819626239,0.0012380819626239,0.0,0.0,4,0
R_44_barabasi_albert_0.15_0_const,DETERMINISTIC_EMPIRICAL_ABM,barabasi_albert,0.15,44,0,constant,23,499,0,1,1,0.002,0,0.0012380819626239,0.0012380819626239,0.0012380819626239,0.0,0.0,4,0
R_44_barabasi_albert_0.15_0_const,DETERMINISTIC_EMPIRICAL_ABM,barabasi_albert,0.15,44,0,constant,24,499,0,1,1,0.002,0,0.0012380819626239,0.0012380819626239,0.0012380819626239,0.0,0.0,4,0
R_44_barabasi_albert_0.15_0_emp,DETERMINISTIC_EMPIRICAL_ABM,barabasi_albert,0.15,44,0,empirical,0,499,1,0,1,0.002,5,0.0012380819626239,0.0003295956104831,0.0018152066289457,0.0006,0.0,0,0
R_44_barabasi_albert_0.15_0_emp,DETERMINISTIC_EMPIRICAL_ABM,barabasi_albert,0.15,44,0,empirical,1,499,1,0,1,0.002,0,0.0012380819626239,0.0003295956104831,0.0018152066289457,0.0006,0.0,2,0
R_44_barabasi_albert_0.15_0_emp,DETERMINISTIC_EMPIRICAL_ABM,barabasi_albert,0.15,44,0,empirical,2,499,0,1,1,0.002,0,0.0012380819626239,0.0003295956104831,0.0018152066289457,0.0,0.0,4,0
R_44_barabasi_albert_0.15_0_emp,DETERMINISTIC_EMPIRICAL_ABM,barabasi_albert,0.15,44,0,empirical,3,499,0,1,1,0.002,0,0.0012380819626239,0.0003295956104831,0.0018152066289457,0.0,0.0,4,0
R_44_barabasi_albert_0.15_0_emp,DETERMINISTIC_EMPIRICAL_ABM,barabasi_albert,0.15,44,0,empirical,4,499,0,1,1,0.002,0,0.0012380819626239,0.0003295956104831,0.0018152066289457,0.0,0.0,4,0
R_44_barabasi_albert_0.15_0_emp,DETERMINISTIC_EMPIRICAL_ABM,barabasi_albert,0.15,44,0,empirical,5,499,0,1,1,0.002,0,0.0012380819626239,0.0003295956104831,0.0018152066289457,0.0,0.0,4,0
R_44_barabasi_albert_0.15_0_emp,DETERMINISTIC_EMPIRICAL_ABM,barabasi_albert,0.15,44,0,empirical,6,499,0,1,1,0.002,0,0.0012380819626239,0.0003295956104831,0.0018152066289457,0.0,0.0,4,0
R_44_barabasi_albert_0.15_0_emp,DETERMINISTIC_EMPIRICAL_ABM,barabasi_albert,0.15,44,0,empirical,7,499,0,1,1,0.002,0,0.0012380819626239,0.0003295956104831,0.0018152066289457,0.0,0.0,4,0
R_44_barabasi_albert_0.15_0_emp,DETERMINISTIC_EMPIRICAL_ABM,barabasi_albert,0.15,44,0,empirical,8,499,0,1,1,0.002,0,0.0012380819626239,0.0003295956104831,0.0018152066289457,0.0,0.0,4,0
R_44_barabasi_albert_0.15_0_emp,DETERMINISTIC_EMPIRICAL_ABM,barabasi_albert,0.15,44,0,empirical,9,499,0,1,1,0.002,0,0.0012380819626239,0.0003295956104831,0.0018152066289457,0.0,0.0,4,0
R_44_barabasi_albert_0.15_0_emp,DETERMINISTIC_EMPIRICAL_ABM,barabasi_albert,0.15,44,0,empirical,10,499,0,1,1,0.002,0,0.0012380819626239,0.0003295956104831,0.0018152066289457,0.0,0.0,4,0
R_44_barabasi_albert_0.15_0_emp,DETERMINISTIC_EMPIRICAL_ABM,barabasi_albert,0.15,44,0,empirical,11,499,0,1,1,0.002,0,0.0012380819626239,0.0003295956104831,0.0018152066289457,0.0,0.0,4,0
R_44_barabasi_albert_0.15_0_emp,DETERMINISTIC_EMPIRICAL_ABM,barabasi_albert,0.15,44,0,empirical,12,499,0,1,1,0.002,0,0.0012380819626239,0.0003295956104831,0.0018152066289457,0.0,0.0,4,0
R_44_barabasi_albert_0.15_0_emp,DETERMINISTIC_EMPIRICAL_ABM,barabasi_albert,0.15,44,0,empirical,13,499,0,1,1,0.002,0,0.0012380819626239,0.0003295956104831,0.0018152066289457,0.0,0.0,4,0
R_44_barabasi_albert_0.15_0_emp,DETERMINISTIC_EMPIRICAL_ABM,barabasi_albert,0.15,44,0,empirical,14,499,0,1,1,0.002,0,0.0012380819626239,0.0003295956104831,0.0018152066289457,0.0,0.0,4,0
R_44_barabasi_albert_0.15_0_emp,DETERMINISTIC_EMPIRICAL_ABM,barabasi_albert,0.15,44,0,empirical,15,499,0,1,1,0.002,0,0.0012380819626239,0.0003295956104831,0.0018152066289457,0.0,0.0,4,0
R_44_barabasi_albert_0.15_0_emp,DETERMINISTIC_EMPIRICAL_ABM,barabasi_albert,0.15,44,0,empirical,16,499,0,1,1,0.002,0,0.0012380819626239,0.0003295956104831,0.0018152066289457,0.0,0.0,4,0
R_44_barabasi_albert_0.15_0_emp,DETERMINISTIC_EMPIRICAL_ABM,barabasi_albert,0.15,44,0,empirical,17,499,0,1,1,0.002,0,0.0012380819626239,0.0003295956104831,0.0018152066289457,0.0,0.0,4,0
R_44_barabasi_albert_0.15_0_emp,DETERMINISTIC_EMPIRICAL_ABM,barabasi_albert,0.15,44,0,empirical,18,499,0,1,1,0.002,0,0.0012380819626239,0.0003295956104831,0.0018152066289457,0.0,0.0,4,0
R_44_barabasi_albert_0.15_0_emp,DETERMINISTIC_EMPIRICAL_ABM,barabasi_albert,0.15,44,0,empirical,19,499,0,1,1,0.002,0,0.0012380819626239,0.0003295956104831,0.0018152066289457,0.0,0.0,4,0
R_44_barabasi_albert_0.15_0_emp,DETERMINISTIC_EMPIRICAL_ABM,barabasi_albert,0.15,44,0,empirical,20,499,0,1,1,0.002,0,0.0012380819626239,0.0003295956104831,0.0018152066289457,0.0,0.0,4,0
R_44_barabasi_albert_0.15_0_emp,DETERMINISTIC_EMPIRICAL_ABM,barabasi_albert,0.15,44,0,empirical,21,499,0,1,1,0.002,0,0.0012380819626239,0.0003295956104831,0.0018152066289457,0.0,0.0,4,0
R_44_barabasi_albert_0.15_0_emp,DETERMINISTIC_EMPIRICAL_ABM,barabasi_albert,0.15,44,0,empirical,22,499,0,1,1,0.002,0,0.0012380819626239,0.0003295956104831,0.0018152066289457,0.0,0.0,4,0
R_44_barabasi_albert_0.15_0_emp,DETERMINISTIC_EMPIRICAL_ABM,barabasi_albert,0.15,44,0,empirical,23,499,0,1,1,0.002,0,0.0012380819626239,0.0003295956104831,0.0018152066289457,0.0,0.0,4,0
R_44_barabasi_albert_0.15_0_emp,DETERMINISTIC_EMPIRICAL_ABM,barabasi_albert,0.15,44,0,empirical,24,499,0,1,1,0.002,0,0.0012380819626239,0.0003295956104831,0.0018152066289457,0.0,0.0,4,0
R_44_barabasi_albert_0.3_0_const,DETERMINISTIC_EMPIRICAL_ABM,barabasi_albert,0.3,44,0,constant,0,499,1,0,1,0.002,5,0.0012380819626239,0.0012380819626239,0.0012380819626239,0.0012,0.0,0,0
R_44_barabasi_albert_0.3_0_const,DETERMINISTIC_EMPIRICAL_ABM,barabasi_albert,0.3,44,0,constant,1,499,1,0,1,0.002,0,0.0012380819626239,0.0012380819626239,0.0012380819626239,0.0012,0.0,2,0
R_44_barabasi_albert_0.3_0_const,DETERMINISTIC_EMPIRICAL_ABM,barabasi_albert,0.3,44,0,constant,2,499,0,1,1,0.002,0,0.0012380819626239,0.0012380819626239,0.0012380819626239,0.0,0.0,4,0
R_44_barabasi_albert_0.3_0_const,DETERMINISTIC_EMPIRICAL_ABM,barabasi_albert,0.3,44,0,constant,3,499,0,1,1,0.002,0,0.0012380819626239,0.0012380819626239,0.0012380819626239,0.0,0.0,4,0
R_44_barabasi_albert_0.3_0_const,DETERMINISTIC_EMPIRICAL_ABM,barabasi_albert,0.3,44,0,constant,4,499,0,1,1,0.002,0,0.0012380819626239,0.0012380819626239,0.0012380819626239,0.0,0.0,4,0
R_44_barabasi_albert_0.3_0_const,DETERMINISTIC_EMPIRICAL_ABM,barabasi_albert,0.3,44,0,constant,5,499,0,1,1,0.002,0,0.0012380819626239,0.0012380819626239,0.0012380819626239,0.0,0.0,4,0
R_44_barabasi_albert_0.3_0_const,DETERMINISTIC_EMPIRICAL_ABM,barabasi_albert,0.3,44,0,constant,6,499,0,1,1,0.002,0,0.0012380819626239,0.0012380819626239,0.0012380819626239,0.0,0.0,4,0
R_44_barabasi_albert_0.3_0_const,DETERMINISTIC_EMPIRICAL_ABM,barabasi_albert,0.3,44,0,constant,7,499,0,1,1,0.002,0,0.0012380819626239,0.0012380819626239,0.0012380819626239,0.0,0.0,4,0
R_44_barabasi_albert_0.3_0_const,DETERMINISTIC_EMPIRICAL_ABM,barabasi_albert,0.3,44,0,constant,8,499,0,1,1,0.002,0,0.0012380819626239,0.0012380819626239,0.0012380819626239,0.0,0.0,4,0
R_44_barabasi_albert_0.3_0_const,DETERMINISTIC_EMPIRICAL_ABM,barabasi_albert,0.3,44,0,constant,9,499,0,1,1,0.002,0,0.0012380819626239,0.0012380819626239,0.0012380819626239,0.0,0.0,4,0
R_44_barabasi_albert_0.3_0_const,DETERMINISTIC_EMPIRICAL_ABM,barabasi_albert,0.3,44,0,constant,10,499,0,1,1,0.002,0,0.0012380819626239,0.0012380819626239,0.0012380819626239,0.0,0.0,4,0
R_44_barabasi_albert_0.3_0_const,DETERMINISTIC_EMPIRICAL_ABM,barabasi_albert,0.3,44,0,constant,11,499,0,1,1,0.002,0,0.0012380819626239,0.0012380819626239,0.0012380819626239,0.0,0.0,4,0
R_44_barabasi_albert_0.3_0_const,DETERMINISTIC_EMPIRICAL_ABM,barabasi_albert,0.3,44,0,constant,12,499,0,1,1,0.002,0,0.0012380819626239,0.0012380819626239,0.0012380819626239,0.0,0.0,4,0
R_44_barabasi_albert_0.3_0_const,DETERMINISTIC_EMPIRICAL_ABM,barabasi_albert,0.3,44,0,constant,13,499,0,1,1,0.002,0,0.0012380819626239,0.0012380819626239,0.0012380819626239,0.0,0.0,4,0
R_44_barabasi_albert_0.3_0_const,DETERMINISTIC_EMPIRICAL_ABM,barabasi_albert,0.3,44,0,constant,14,499,0,1,1,0.002,0,0.0012380819626239,0.0012380819626239,0.0012380819626239,0.0,0.0,4,0
R_44_barabasi_albert_0.3_0_const,DETERMINISTIC_EMPIRICAL_ABM,barabasi_albert,0.3,44,0,constant,15,499,0,1,1,0.002,0,0.0012380819626239,0.0012380819626239,0.0012380819626239,0.0,0.0,4,0
R_44_barabasi_albert_0.3_0_const,DETERMINISTIC_EMPIRICAL_ABM,barabasi_albert,0.3,44,0,constant,16,499,0,1,1,0.002,0,0.0012380819626239,0.0012380819626239,0.0012380819626239,0.0,0.0,4,0
R_44_barabasi_albert_0.3_0_const,DETERMINISTIC_EMPIRICAL_ABM,barabasi_albert,0.3,44,0,constant,17,499,0,1,1,0.002,0,0.0012380819626239,0.0012380819626239,0.0012380819626239,0.0,0.0,4,0
R_44_barabasi_albert_0.3_0_const,DETERMINISTIC_EMPIRICAL_ABM,barabasi_albert,0.3,44,0,constant,18,499,0,1,1,0.002,0,0.0012380819626239,0.0012380819626239,0.0012380819626239,0.0,0.0,4,0
R_44_barabasi_albert_0.3_0_const,DETERMINISTIC_EMPIRICAL_ABM,barabasi_albert,0.3,44,0,constant,19,499,0,1,1,0.002,0,0.0012380819626239,0.0012380819626239,0.0012380819626239,0.0,0.0,4,0
R_44_barabasi_albert_0.3_0_const,DETERMINISTIC_EMPIRICAL_ABM,barabasi_albert,0.3,44,0,constant,20,499,0,1,1,0.002,0,0.0012380819626239,0.0012380819626239,0.0012380819626239,0.0,0.0,4,0
R_44_barabasi_albert_0.3_0_const,DETERMINISTIC_EMPIRICAL_ABM,barabasi_albert,0.3,44,0,constant,21,499,0,1,1,0.002,0,0.0012380819626239,0.0012380819626239,0.0012380819626239,0.0,0.0,4,0
R_44_barabasi_albert_0.3_0_const,DETERMINISTIC_EMPIRICAL_ABM,barabasi_albert,0.3,44,0,constant,22,499,0,1,1,0.002,0,0.0012380819626239,0.0012380819626239,0.0012380819626239,0.0,0.0,4,0
R_44_barabasi_albert_0.3_0_const,DETERMINISTIC_EMPIRICAL_ABM,barabasi_albert,0.3,44,0,constant,23,499,0,1,1,0.002,0,0.0012380819626239,0.0012380819626239,0.0012380819626239,0.0,0.0,4,0
R_44_barabasi_albert_0.3_0_const,DETERMINISTIC_EMPIRICAL_ABM,barabasi_albert,0.3,44,0,constant,24,499,0,1,1,0.002,0,0.0012380819626239,0.0012380819626239,0.0012380819626239,0.0,0.0,4,0
R_44_barabasi_albert_0.3_0_emp,DETERMINISTIC_EMPIRICAL_ABM,barabasi_albert,0.3,44,0,empirical,0,499,1,0,1,0.002,5,0.0012380819626239,0.0003295956104831,0.0018152066289457,0.0012,0.0,0,0
R_44_barabasi_albert_0.3_0_emp,DETERMINISTIC_EMPIRICAL_ABM,barabasi_albert,0.3,44,0,empirical,1,499,1,0,1,0.002,0,0.0012380819626239,0.0003295956104831,0.0018152066289457,0.0012,0.0,2,0
R_44_barabasi_albert_0.3_0_emp,DETERMINISTIC_EMPIRICAL_ABM,barabasi_albert,0.3,44,0,empirical,2,499,0,1,1,0.002,0,0.0012380819626239,0.0003295956104831,0.0018152066289457,0.0,0.0,4,0
R_44_barabasi_albert_0.3_0_emp,DETERMINISTIC_EMPIRICAL_ABM,barabasi_albert,0.3,44,0,empirical,3,499,0,1,1,0.002,0,0.0012380819626239,0.0003295956104831,0.0018152066289457,0.0,0.0,4,0
R_44_barabasi_albert_0.3_0_emp,DETERMINISTIC_EMPIRICAL_ABM,barabasi_albert,0.3,44,0,empirical,4,499,0,1,1,0.002,0,0.0012380819626239,0.0003295956104831,0.0018152066289457,0.0,0.0,4,0
R_44_barabasi_albert_0.3_0_emp,DETERMINISTIC_EMPIRICAL_ABM,barabasi_albert,0.3,44,0,empirical,5,499,0,1,1,0.002,0,0.0012380819626239,0.0003295956104831,0.0018152066289457,0.0,0.0,4,0
R_44_barabasi_albert_0.3_0_emp,DETERMINISTIC_EMPIRICAL_ABM,barabasi_albert,0.3,44,0,empirical,6,499,0,1,1,0.002,0,0.0012380819626239,0.0003295956104831,0.0018152066289457,0.0,0.0,4,0
R_44_barabasi_albert_0.3_0_emp,DETERMINISTIC_EMPIRICAL_ABM,barabasi_albert,0.3,44,0,empirical,7,499,0,1,1,0.002,0,0.0012380819626239,0.0003295956104831,0.0018152066289457,0.0,0.0,4,0
R_44_barabasi_albert_0.3_0_emp,DETERMINISTIC_EMPIRICAL_ABM,barabasi_albert,0.3,44,0,empirical,8,499,0,1,1,0.002,0,0.0012380819626239,0.0003295956104831,0.0018152066289457,0.0,0.0,4,0
R_44_barabasi_albert_0.3_0_emp,DETERMINISTIC_EMPIRICAL_ABM,barabasi_albert,0.3,44,0,empirical,9,499,0,1,1,0.002,0,0.0012380819626239,0.0003295956104831,0.0018152066289457,0.0,0.0,4,0
R_44_barabasi_albert_0.3_0_emp,DETERMINISTIC_EMPIRICAL_ABM,barabasi_albert,0.3,44,0,empirical,10,499,0,1,1,0.002,0,0.0012380819626239,0.0003295956104831,0.0018152066289457,0.0,0.0,4,0
R_44_barabasi_albert_0.3_0_emp,DETERMINISTIC_EMPIRICAL_ABM,barabasi_albert,0.3,44,0,empirical,11,499,0,1,1,0.002,0,0.0012380819626239,0.0003295956104831,0.0018152066289457,0.0,0.0,4,0
R_44_barabasi_albert_0.3_0_emp,DETERMINISTIC_EMPIRICAL_ABM,barabasi_albert,0.3,44,0,empirical,12,499,0,1,1,0.002,0,0.0012380819626239,0.0003295956104831,0.0018152066289457,0.0,0.0,4,0
R_44_barabasi_albert_0.3_0_emp,DETERMINISTIC_EMPIRICAL_ABM,barabasi_albert,0.3,44,0,empirical,13,499,0,1,1,0.002,0,0.0012380819626239,0.0003295956104831,0.0018152066289457,0.0,0.0,4,0
R_44_barabasi_albert_0.3_0_emp,DETERMINISTIC_EMPIRICAL_ABM,barabasi_albert,0.3,44,0,empirical,14,499,0,1,1,0.002,0,0.0012380819626239,0.0003295956104831,0.0018152066289457,0.0,0.0,4,0
R_44_barabasi_albert_0.3_0_emp,DETERMINISTIC_EMPIRICAL_ABM,barabasi_albert,0.3,44,0,empirical,15,499,0,1,1,0.002,0,0.0012380819626239,0.0003295956104831,0.0018152066289457,0.0,0.0,4,0
R_44_barabasi_albert_0.3_0_emp,DETERMINISTIC_EMPIRICAL_ABM,barabasi_albert,0.3,44,0,empirical,16,499,0,1,1,0.002,0,0.0012380819626239,0.0003295956104831,0.0018152066289457,0.0,0.0,4,0
R_44_barabasi_albert_0.3_0_emp,DETERMINISTIC_EMPIRICAL_ABM,barabasi_albert,0.3,44,0,empirical,17,499,0,1,1,0.002,0,0.0012380819626239,0.0003295956104831,0.0018152066289457,0.0,0.0,4,0
R_44_barabasi_albert_0.3_0_emp,DETERMINISTIC_EMPIRICAL_ABM,barabasi_albert,0.3,44,0,empirical,18,499,0,1,1,0.002,0,0.0012380819626239,0.0003295956104831,0.0018152066289457,0.0,0.0,4,0
R_44_barabasi_albert_0.3_0_emp,DETERMINISTIC_EMPIRICAL_ABM,barabasi_albert,0.3,44,0,empirical,19,499,0,1,1,0.002,0,0.0012380819626239,0.0003295956104831,0.0018152066289457,0.0,0.0,4,0
R_44_barabasi_albert_0.3_0_emp,DETERMINISTIC_EMPIRICAL_ABM,barabasi_albert,0.3,44,0,empirical,20,499,0,1,1,0.002,0,0.0012380819626239,0.0003295956104831,0.0018152066289457,0.0,0.0,4,0
R_44_barabasi_albert_0.3_0_emp,DETERMINISTIC_EMPIRICAL_ABM,barabasi_albert,0.3,44,0,empirical,21,499,0,1,1,0.002,0,0.0012380819626239,0.0003295956104831,0.0018152066289457,0.0,0.0,4,0
R_44_barabasi_albert_0.3_0_emp,DETERMINISTIC_EMPIRICAL_ABM,barabasi_albert,0.3,44,0,empirical,22,499,0,1,1,0.002,0,0.0012380819626239,0.0003295956104831,0.0018152066289457,0.0,0.0,4,0
R_44_barabasi_albert_0.3_0_emp,DETERMINISTIC_EMPIRICAL_ABM,barabasi_albert,0.3,44,0,empirical,23,499,0,1,1,0.002,0,0.0012380819626239,0.0003295956104831,0.0018152066289457,0.0,0.0,4,0
R_44_barabasi_albert_0.3_0_emp,DETERMINISTIC_EMPIRICAL_ABM,barabasi_albert,0.3,44,0,empirical,24,499,0,1,1,0.002,0,0.0012380819626239,0.0003295956104831,0.0018152066289457,0.0,0.0,4,0
R_44_STATIC_0_emp,STATIC_BASELINE,,,44,0,empirical,0,499,1,0,1,0.002,5,0.0012380819626239,0.0003295956104831,0.0018152066289457,0.0,0.0,0,0
R_44_STATIC_0_emp,STATIC_BASELINE,,,44,0,empirical,1,499,1,0,1,0.002,0,0.0012380819626239,0.0003295956104831,0.0018152066289457,0.0,0.0,0,0
R_44_STATIC_0_emp,STATIC_BASELINE,,,44,0,empirical,2,499,0,1,1,0.002,0,0.0012380819626239,0.0003295956104831,0.0018152066289457,0.0,0.0,0,0
R_44_STATIC_0_emp,STATIC_BASELINE,,,44,0,empirical,3,499,0,1,1,0.002,0,0.0012380819626239,0.0003295956104831,0.0018152066289457,0.0,0.0,0,0
R_44_STATIC_0_emp,STATIC_BASELINE,,,44,0,empirical,4,499,0,1,1,0.002,0,0.0012380819626239,0.0003295956104831,0.0018152066289457,0.0,0.0,0,0
R_44_STATIC_0_emp,STATIC_BASELINE,,,44,0,empirical,5,499,0,1,1,0.002,0,0.0012380819626239,0.0003295956104831,0.0018152066289457,0.0,0.0,0,0
R_44_STATIC_0_emp,STATIC_BASELINE,,,44,0,empirical,6,499,0,1,1,0.002,0,0.0012380819626239,0.0003295956104831,0.0018152066289457,0.0,0.0,0,0
R_44_STATIC_0_emp,STATIC_BASELINE,,,44,0,empirical,7,499,0,1,1,0.002,0,0.0012380819626239,0.0003295956104831,0.0018152066289457,0.0,0.0,0,0
R_44_STATIC_0_emp,STATIC_BASELINE,,,44,0,empirical,8,499,0,1,1,0.002,0,0.0012380819626239,0.0003295956104831,0.0018152066289457,0.0,0.0,0,0
R_44_STATIC_0_emp,STATIC_BASELINE,,,44,0,empirical,9,499,0,1,1,0.002,0,0.0012380819626239,0.0003295956104831,0.0018152066289457,0.0,0.0,0,0
R_44_STATIC_0_emp,STATIC_BASELINE,,,44,0,empirical,10,499,0,1,1,0.002,0,0.0012380819626239,0.0003295956104831,0.0018152066289457,0.0,0.0,0,0
R_44_STATIC_0_emp,STATIC_BASELINE,,,44,0,empirical,11,499,0,1,1,0.002,0,0.0012380819626239,0.0003295956104831,0.0018152066289457,0.0,0.0,0,0
R_44_STATIC_0_emp,STATIC_BASELINE,,,44,0,empirical,12,499,0,1,1,0.002,0,0.0012380819626239,0.0003295956104831,0.0018152066289457,0.0,0.0,0,0
R_44_STATIC_0_emp,STATIC_BASELINE,,,44,0,empirical,13,499,0,1,1,0.002,0,0.0012380819626239,0.0003295956104831,0.0018152066289457,0.0,0.0,0,0
R_44_STATIC_0_emp,STATIC_BASELINE,,,44,0,empirical,14,499,0,1,1,0.002,0,0.0012380819626239,0.0003295956104831,0.0018152066289457,0.0,0.0,0,0
R_44_STATIC_0_emp,STATIC_BASELINE,,,44,0,empirical,15,499,0,1,1,0.002,0,0.0012380819626239,0.0003295956104831,0.0018152066289457,0.0,0.0,0,0
R_44_STATIC_0_emp,STATIC_BASELINE,,,44,0,empirical,16,499,0,1,1,0.002,0,0.0012380819626239,0.0003295956104831,0.0018152066289457,0.0,0.0,0,0
R_44_STATIC_0_emp,STATIC_BASELINE,,,44,0,empirical,17,499,0,1,1,0.002,0,0.0012380819626239,0.0003295956104831,0.0018152066289457,0.0,0.0,0,0
R_44_STATIC_0_emp,STATIC_BASELINE,,,44,0,empirical,18,499,0,1,1,0.002,0,0.0012380819626239,0.0003295956104831,0.0018152066289457,0.0,0.0,0,0
R_44_STATIC_0_emp,STATIC_BASELINE,,,44,0,empirical,19,499,0,1,1,0.002,0,0.0012380819626239,0.0003295956104831,0.0018152066289457,0.0,0.0,0,0
R_44_STATIC_0_emp,STATIC_BASELINE,,,44,0,empirical,20,499,0,1,1,0.002,0,0.0012380819626239,0.0003295956104831,0.0018152066289457,0.0,0.0,0,0
R_44_STATIC_0_emp,STATIC_BASELINE,,,44,0,empirical,21,499,0,1,1,0.002,0,0.0012380819626239,0.0003295956104831,0.0018152066289457,0.0,0.0,0,0
R_44_STATIC_0_emp,STATIC_BASELINE,,,44,0,empirical,22,499,0,1,1,0.002,0,0.0012380819626239,0.0003295956104831,0.0018152066289457,0.0,0.0,0,0
R_44_STATIC_0_emp,STATIC_BASELINE,,,44,0,empirical,23,499,0,1,1,0.002,0,0.0012380819626239,0.0003295956104831,0.0018152066289457,0.0,0.0,0,0
R_44_STATIC_0_emp,STATIC_BASELINE,,,44,0,empirical,24,499,0,1,1,0.002,0,0.0012380819626239,0.0003295956104831,0.0018152066289457,0.0,0.0,0,0
R_44_watts_strogatz_0.05_0_const,DETERMINISTIC_EMPIRICAL_ABM,watts_strogatz,0.05,44,0,constant,0,499,1,0,1,0.002,5,0.0012380819626239,0.0012380819626239,0.0012380819626239,0.0004,0.0,0,0
R_44_watts_strogatz_0.05_0_const,DETERMINISTIC_EMPIRICAL_ABM,watts_strogatz,0.05,44,0,constant,1,499,1,0,1,0.002,0,0.0012380819626239,0.0012380819626239,0.0012380819626239,0.0004,0.0,0,0
R_44_watts_strogatz_0.05_0_const,DETERMINISTIC_EMPIRICAL_ABM,watts_strogatz,0.05,44,0,constant,2,499,0,1,1,0.002,0,0.0012380819626239,0.0012380819626239,0.0012380819626239,0.0,0.0,0,0
R_44_watts_strogatz_0.05_0_const,DETERMINISTIC_EMPIRICAL_ABM,watts_strogatz,0.05,44,0,constant,3,499,0,1,1,0.002,0,0.0012380819626239,0.0012380819626239,0.0012380819626239,0.0,0.0,0,0
R_44_watts_strogatz_0.05_0_const,DETERMINISTIC_EMPIRICAL_ABM,watts_strogatz,0.05,44,0,constant,4,499,0,1,1,0.002,0,0.0012380819626239,0.0012380819626239,0.0012380819626239,0.0,0.0,0,0
R_44_watts_strogatz_0.05_0_const,DETERMINISTIC_EMPIRICAL_ABM,watts_strogatz,0.05,44,0,constant,5,499,0,1,1,0.002,0,0.0012380819626239,0.0012380819626239,0.0012380819626239,0.0,0.0,0,0
R_44_watts_strogatz_0.05_0_const,DETERMINISTIC_EMPIRICAL_ABM,watts_strogatz,0.05,44,0,constant,6,499,0,1,1,0.002,0,0.0012380819626239,0.0012380819626239,0.0012380819626239,0.0,0.0,0,0
R_44_watts_strogatz_0.05_0_const,DETERMINISTIC_EMPIRICAL_ABM,watts_strogatz,0.05,44,0,constant,7,499,0,1,1,0.002,0,0.0012380819626239,0.0012380819626239,0.0012380819626239,0.0,0.0,0,0
R_44_watts_strogatz_0.05_0_const,DETERMINISTIC_EMPIRICAL_ABM,watts_strogatz,0.05,44,0,constant,8,499,0,1,1,0.002,0,0.0012380819626239,0.0012380819626239,0.0012380819626239,0.0,0.0,0,0
R_44_watts_strogatz_0.05_0_const,DETERMINISTIC_EMPIRICAL_ABM,watts_strogatz,0.05,44,0,constant,9,499,0,1,1,0.002,0,0.0012380819626239,0.0012380819626239,0.0012380819626239,0.0,0.0,0,0
R_44_watts_strogatz_0.05_0_const,DETERMINISTIC_EMPIRICAL_ABM,watts_strogatz,0.05,44,0,constant,10,499,0,1,1,0.002,0,0.0012380819626239,0.0012380819626239,0.0012380819626239,0.0,0.0,0,0
R_44_watts_strogatz_0.05_0_const,DETERMINISTIC_EMPIRICAL_ABM,watts_strogatz,0.05,44,0,constant,11,499,0,1,1,0.002,0,0.0012380819626239,0.0012380819626239,0.0012380819626239,0.0,0.0,0,0
R_44_watts_strogatz_0.05_0_const,DETERMINISTIC_EMPIRICAL_ABM,watts_strogatz,0.05,44,0,constant,12,499,0,1,1,0.002,0,0.0012380819626239,0.0012380819626239,0.0012380819626239,0.0,0.0,0,0
R_44_watts_strogatz_0.05_0_const,DETERMINISTIC_EMPIRICAL_ABM,watts_strogatz,0.05,44,0,constant,13,499,0,1,1,0.002,0,0.0012380819626239,0.0012380819626239,0.0012380819626239,0.0,0.0,0,0
R_44_watts_strogatz_0.05_0_const,DETERMINISTIC_EMPIRICAL_ABM,watts_strogatz,0.05,44,0,constant,14,499,0,1,1,0.002,0,0.0012380819626239,0.0012380819626239,0.0012380819626239,0.0,0.0,0,0
R_44_watts_strogatz_0.05_0_const,DETERMINISTIC_EMPIRICAL_ABM,watts_strogatz,0.05,44,0,constant,15,499,0,1,1,0.002,0,0.0012380819626239,0.0012380819626239,0.0012380819626239,0.0,0.0,0,0
R_44_watts_strogatz_0.05_0_const,DETERMINISTIC_EMPIRICAL_ABM,watts_strogatz,0.05,44,0,constant,16,499,0,1,1,0.002,0,0.0012380819626239,0.0012380819626239,0.0012380819626239,0.0,0.0,0,0
R_44_watts_strogatz_0.05_0_const,DETERMINISTIC_EMPIRICAL_ABM,watts_strogatz,0.05,44,0,constant,17,499,0,1,1,0.002,0,0.0012380819626239,0.0012380819626239,0.0012380819626239,0.0,0.0,0,0
R_44_watts_strogatz_0.05_0_const,DETERMINISTIC_EMPIRICAL_ABM,watts_strogatz,0.05,44,0,constant,18,499,0,1,1,0.002,0,0.0012380819626239,0.0012380819626239,0.0012380819626239,0.0,0.0,0,0
R_44_watts_strogatz_0.05_0_const,DETERMINISTIC_EMPIRICAL_ABM,watts_strogatz,0.05,44,0,constant,19,499,0,1,1,0.002,0,0.0012380819626239,0.0012380819626239,0.0012380819626239,0.0,0.0,0,0
R_44_watts_strogatz_0.05_0_const,DETERMINISTIC_EMPIRICAL_ABM,watts_strogatz,0.05,44,0,constant,20,499,0,1,1,0.002,0,0.0012380819626239,0.0012380819626239,0.0012380819626239,0.0,0.0,0,0
R_44_watts_strogatz_0.05_0_const,DETERMINISTIC_EMPIRICAL_ABM,watts_strogatz,0.05,44,0,constant,21,499,0,1,1,0.002,0,0.0012380819626239,0.0012380819626239,0.0012380819626239,0.0,0.0,0,0
R_44_watts_strogatz_0.05_0_const,DETERMINISTIC_EMPIRICAL_ABM,watts_strogatz,0.05,44,0,constant,22,499,0,1,1,0.002,0,0.0012380819626239,0.0012380819626239,0.0012380819626239,0.0,0.0,0,0
R_44_watts_strogatz_0.05_0_const,DETERMINISTIC_EMPIRICAL_ABM,watts_strogatz,0.05,44,0,constant,23,499,0,1,1,0.002,0,0.0012380819626239,0.0012380819626239,0.0012380819626239,0.0,0.0,0,0
R_44_watts_strogatz_0.05_0_const,DETERMINISTIC_EMPIRICAL_ABM,watts_strogatz,0.05,44,0,constant,24,499,0,1,1,0.002,0,0.0012380819626239,0.0012380819626239,0.0012380819626239,0.0,0.0,0,0
R_44_watts_strogatz_0.05_0_emp,DETERMINISTIC_EMPIRICAL_ABM,watts_strogatz,0.05,44,0,empirical,0,499,1,0,1,0.002,5,0.0012380819626239,0.0003295956104831,0.0018152066289457,0.0004,0.0,0,0
R_44_watts_strogatz_0.05_0_emp,DETERMINISTIC_EMPIRICAL_ABM,watts_strogatz,0.05,44,0,empirical,1,499,1,0,1,0.002,0,0.0012380819626239,0.0003295956104831,0.0018152066289457,0.0004,0.0,0,0
R_44_watts_strogatz_0.05_0_emp,DETERMINISTIC_EMPIRICAL_ABM,watts_strogatz,0.05,44,0,empirical,2,499,0,1,1,0.002,0,0.0012380819626239,0.0003295956104831,0.0018152066289457,0.0,0.0,0,0
R_44_watts_strogatz_0.05_0_emp,DETERMINISTIC_EMPIRICAL_ABM,watts_strogatz,0.05,44,0,empirical,3,499,0,1,1,0.002,0,0.0012380819626239,0.0003295956104831,0.0018152066289457,0.0,0.0,0,0
R_44_watts_strogatz_0.05_0_emp,DETERMINISTIC_EMPIRICAL_ABM,watts_strogatz,0.05,44,0,empirical,4,499,0,1,1,0.002,0,0.0012380819626239,0.0003295956104831,0.0018152066289457,0.0,0.0,0,0
R_44_watts_strogatz_0.05_0_emp,DETERMINISTIC_EMPIRICAL_ABM,watts_strogatz,0.05,44,0,empirical,5,499,0,1,1,0.002,0,0.0012380819626239,0.0003295956104831,0.0018152066289457,0.0,0.0,0,0
R_44_watts_strogatz_0.05_0_emp,DETERMINISTIC_EMPIRICAL_ABM,watts_strogatz,0.05,44,0,empirical,6,499,0,1,1,0.002,0,0.0012380819626239,0.0003295956104831,0.0018152066289457,0.0,0.0,0,0
R_44_watts_strogatz_0.05_0_emp,DETERMINISTIC_EMPIRICAL_ABM,watts_strogatz,0.05,44,0,empirical,7,499,0,1,1,0.002,0,0.0012380819626239,0.0003295956104831,0.0018152066289457,0.0,0.0,0,0
R_44_watts_strogatz_0.05_0_emp,DETERMINISTIC_EMPIRICAL_ABM,watts_strogatz,0.05,44,0,empirical,8,499,0,1,1,0.002,0,0.0012380819626239,0.0003295956104831,0.0018152066289457,0.0,0.0,0,0
R_44_watts_strogatz_0.05_0_emp,DETERMINISTIC_EMPIRICAL_ABM,watts_strogatz,0.05,44,0,empirical,9,499,0,1,1,0.002,0,0.0012380819626239,0.0003295956104831,0.0018152066289457,0.0,0.0,0,0
R_44_watts_strogatz_0.05_0_emp,DETERMINISTIC_EMPIRICAL_ABM,watts_strogatz,0.05,44,0,empirical,10,499,0,1,1,0.002,0,0.0012380819626239,0.0003295956104831,0.0018152066289457,0.0,0.0,0,0
R_44_watts_strogatz_0.05_0_emp,DETERMINISTIC_EMPIRICAL_ABM,watts_strogatz,0.05,44,0,empirical,11,499,0,1,1,0.002,0,0.0012380819626239,0.0003295956104831,0.0018152066289457,0.0,0.0,0,0
R_44_watts_strogatz_0.05_0_emp,DETERMINISTIC_EMPIRICAL_ABM,watts_strogatz,0.05,44,0,empirical,12,499,0,1,1,0.002,0,0.0012380819626239,0.0003295956104831,0.0018152066289457,0.0,0.0,0,0
R_44_watts_strogatz_0.05_0_emp,DETERMINISTIC_EMPIRICAL_ABM,watts_strogatz,0.05,44,0,empirical,13,499,0,1,1,0.002,0,0.0012380819626239,0.0003295956104831,0.0018152066289457,0.0,0.0,0,0
R_44_watts_strogatz_0.05_0_emp,DETERMINISTIC_EMPIRICAL_ABM,watts_strogatz,0.05,44,0,empirical,14,499,0,1,1,0.002,0,0.0012380819626239,0.0003295956104831,0.0018152066289457,0.0,0.0,0,0
R_44_watts_strogatz_0.05_0_emp,DETERMINISTIC_EMPIRICAL_ABM,watts_strogatz,0.05,44,0,empirical,15,499,0,1,1,0.002,0,0.0012380819626239,0.0003295956104831,0.0018152066289457,0.0,0.0,0,0
R_44_watts_strogatz_0.05_0_emp,DETERMINISTIC_EMPIRICAL_ABM,watts_strogatz,0.05,44,0,empirical,16,499,0,1,1,0.002,0,0.0012380819626239,0.0003295956104831,0.0018152066289457,0.0,0.0,0,0
R_44_watts_strogatz_0.05_0_emp,DETERMINISTIC_EMPIRICAL_ABM,watts_strogatz,0.05,44,0,empirical,17,499,0,1,1,0.002,0,0.0012380819626239,0.0003295956104831,0.0018152066289457,0.0,0.0,0,0
R_44_watts_strogatz_0.05_0_emp,DETERMINISTIC_EMPIRICAL_ABM,watts_strogatz,0.05,44,0,empirical,18,499,0,1,1,0.002,0,0.0012380819626239,0.0003295956104831,0.0018152066289457,0.0,0.0,0,0
R_44_watts_strogatz_0.05_0_emp,DETERMINISTIC_EMPIRICAL_ABM,watts_strogatz,0.05,44,0,empirical,19,499,0,1,1,0.002,0,0.0012380819626239,0.0003295956104831,0.0018152066289457,0.0,0.0,0,0
R_44_watts_strogatz_0.05_0_emp,DETERMINISTIC_EMPIRICAL_ABM,watts_strogatz,0.05,44,0,empirical,20,499,0,1,1,0.002,0,0.0012380819626239,0.0003295956104831,0.0018152066289457,0.0,0.0,0,0
R_44_watts_strogatz_0.05_0_emp,DETERMINISTIC_EMPIRICAL_ABM,watts_strogatz,0.05,44,0,empirical,21,499,0,1,1,0.002,0,0.0012380819626239,0.0003295956104831,0.0018152066289457,0.0,0.0,0,0
R_44_watts_strogatz_0.05_0_emp,DETERMINISTIC_EMPIRICAL_ABM,watts_strogatz,0.05,44,0,empirical,22,499,0,1,1,0.002,0,0.0012380819626239,0.0003295956104831,0.0018152066289457,0.0,0.0,0,0
R_44_watts_strogatz_0.05_0_emp,DETERMINISTIC_EMPIRICAL_ABM,watts_strogatz,0.05,44,0,empirical,23,499,0,1,1,0.002,0,0.0012380819626239,0.0003295956104831,0.0018152066289457,0.0,0.0,0,0
R_44_watts_strogatz_0.05_0_emp,DETERMINISTIC_EMPIRICAL_ABM,watts_strogatz,0.05,44,0,empirical,24,499,0,1,1,0.002,0,0.0012380819626239,0.0003295956104831,0.0018152066289457,0.0,0.0,0,0
R_44_watts_strogatz_0.15_0_const,DETERMINISTIC_EMPIRICAL_ABM,watts_strogatz,0.15,44,0,constant,0,499,1,0,1,0.002,5,0.0012380819626239,0.0012380819626239,0.0012380819626239,0.0012,0.0,0,0
R_44_watts_strogatz_0.15_0_const,DETERMINISTIC_EMPIRICAL_ABM,watts_strogatz,0.15,44,0,constant,1,499,1,0,1,0.002,0,0.0012380819626239,0.0012380819626239,0.0012380819626239,0.0012,0.0,4,0
R_44_watts_strogatz_0.15_0_const,DETERMINISTIC_EMPIRICAL_ABM,watts_strogatz,0.15,44,0,constant,2,499,0,1,1,0.002,0,0.0012380819626239,0.0012380819626239,0.0012380819626239,0.0,0.0,6,0
R_44_watts_strogatz_0.15_0_const,DETERMINISTIC_EMPIRICAL_ABM,watts_strogatz,0.15,44,0,constant,3,499,0,1,1,0.002,0,0.0012380819626239,0.0012380819626239,0.0012380819626239,0.0,0.0,6,0
R_44_watts_strogatz_0.15_0_const,DETERMINISTIC_EMPIRICAL_ABM,watts_strogatz,0.15,44,0,constant,4,499,0,1,1,0.002,0,0.0012380819626239,0.0012380819626239,0.0012380819626239,0.0,0.0,6,0
R_44_watts_strogatz_0.15_0_const,DETERMINISTIC_EMPIRICAL_ABM,watts_strogatz,0.15,44,0,constant,5,499,0,1,1,0.002,0,0.0012380819626239,0.0012380819626239,0.0012380819626239,0.0,0.0,6,0
R_44_watts_strogatz_0.15_0_const,DETERMINISTIC_EMPIRICAL_ABM,watts_strogatz,0.15,44,0,constant,6,499,0,1,1,0.002,0,0.0012380819626239,0.0012380819626239,0.0012380819626239,0.0,0.0,6,0
R_44_watts_strogatz_0.15_0_const,DETERMINISTIC_EMPIRICAL_ABM,watts_strogatz,0.15,44,0,constant,7,499,0,1,1,0.002,0,0.0012380819626239,0.0012380819626239,0.0012380819626239,0.0,0.0,6,0
R_44_watts_strogatz_0.15_0_const,DETERMINISTIC_EMPIRICAL_ABM,watts_strogatz,0.15,44,0,constant,8,499,0,1,1,0.002,0,0.0012380819626239,0.0012380819626239,0.0012380819626239,0.0,0.0,6,0
R_44_watts_strogatz_0.15_0_const,DETERMINISTIC_EMPIRICAL_ABM,watts_strogatz,0.15,44,0,constant,9,499,0,1,1,0.002,0,0.0012380819626239,0.0012380819626239,0.0012380819626239,0.0,0.0,6,0
R_44_watts_strogatz_0.15_0_const,DETERMINISTIC_EMPIRICAL_ABM,watts_strogatz,0.15,44,0,constant,10,499,0,1,1,0.002,0,0.0012380819626239,0.0012380819626239,0.0012380819626239,0.0,0.0,6,0
R_44_watts_strogatz_0.15_0_const,DETERMINISTIC_EMPIRICAL_ABM,watts_strogatz,0.15,44,0,constant,11,499,0,1,1,0.002,0,0.0012380819626239,0.0012380819626239,0.0012380819626239,0.0,0.0,6,0
R_44_watts_strogatz_0.15_0_const,DETERMINISTIC_EMPIRICAL_ABM,watts_strogatz,0.15,44,0,constant,12,499,0,1,1,0.002,0,0.0012380819626239,0.0012380819626239,0.0012380819626239,0.0,0.0,6,0
R_44_watts_strogatz_0.15_0_const,DETERMINISTIC_EMPIRICAL_ABM,watts_strogatz,0.15,44,0,constant,13,499,0,1,1,0.002,0,0.0012380819626239,0.0012380819626239,0.0012380819626239,0.0,0.0,6,0
R_44_watts_strogatz_0.15_0_const,DETERMINISTIC_EMPIRICAL_ABM,watts_strogatz,0.15,44,0,constant,14,499,0,1,1,0.002,0,0.0012380819626239,0.0012380819626239,0.0012380819626239,0.0,0.0,6,0
R_44_watts_strogatz_0.15_0_const,DETERMINISTIC_EMPIRICAL_ABM,watts_strogatz,0.15,44,0,constant,15,499,0,1,1,0.002,0,0.0012380819626239,0.0012380819626239,0.0012380819626239,0.0,0.0,6,0
R_44_watts_strogatz_0.15_0_const,DETERMINISTIC_EMPIRICAL_ABM,watts_strogatz,0.15,44,0,constant,16,499,0,1,1,0.002,0,0.0012380819626239,0.0012380819626239,0.0012380819626239,0.0,0.0,6,0
R_44_watts_strogatz_0.15_0_const,DETERMINISTIC_EMPIRICAL_ABM,watts_strogatz,0.15,44,0,constant,17,499,0,1,1,0.002,0,0.0012380819626239,0.0012380819626239,0.0012380819626239,0.0,0.0,6,0
R_44_watts_strogatz_0.15_0_const,DETERMINISTIC_EMPIRICAL_ABM,watts_strogatz,0.15,44,0,constant,18,499,0,1,1,0.002,0,0.0012380819626239,0.0012380819626239,0.0012380819626239,0.0,0.0,6,0
R_44_watts_strogatz_0.15_0_const,DETERMINISTIC_EMPIRICAL_ABM,watts_strogatz,0.15,44,0,constant,19,499,0,1,1,0.002,0,0.0012380819626239,0.0012380819626239,0.0012380819626239,0.0,0.0,6,0
R_44_watts_strogatz_0.15_0_const,DETERMINISTIC_EMPIRICAL_ABM,watts_strogatz,0.15,44,0,constant,20,499,0,1,1,0.002,0,0.0012380819626239,0.0012380819626239,0.0012380819626239,0.0,0.0,6,0
R_44_watts_strogatz_0.15_0_const,DETERMINISTIC_EMPIRICAL_ABM,watts_strogatz,0.15,44,0,constant,21,499,0,1,1,0.002,0,0.0012380819626239,0.0012380819626239,0.0012380819626239,0.0,0.0,6,0
R_44_watts_strogatz_0.15_0_const,DETERMINISTIC_EMPIRICAL_ABM,watts_strogatz,0.15,44,0,constant,22,499,0,1,1,0.002,0,0.0012380819626239,0.0012380819626239,0.0012380819626239,0.0,0.0,6,0
R_44_watts_strogatz_0.15_0_const,DETERMINISTIC_EMPIRICAL_ABM,watts_strogatz,0.15,44,0,constant,23,499,0,1,1,0.002,0,0.0012380819626239,0.0012380819626239,0.0012380819626239,0.0,0.0,6,0
R_44_watts_strogatz_0.15_0_const,DETERMINISTIC_EMPIRICAL_ABM,watts_strogatz,0.15,44,0,constant,24,499,0,1,1,0.002,0,0.0012380819626239,0.0012380819626239,0.0012380819626239,0.0,0.0,6,0
R_44_watts_strogatz_0.15_0_emp,DETERMINISTIC_EMPIRICAL_ABM,watts_strogatz,0.15,44,0,empirical,0,499,1,0,1,0.002,5,0.0012380819626239,0.0003295956104831,0.0018152066289457,0.0012,0.0,0,0
R_44_watts_strogatz_0.15_0_emp,DETERMINISTIC_EMPIRICAL_ABM,watts_strogatz,0.15,44,0,empirical,1,499,1,0,1,0.002,0,0.0012380819626239,0.0003295956104831,0.0018152066289457,0.0012,0.0,4,0
R_44_watts_strogatz_0.15_0_emp,DETERMINISTIC_EMPIRICAL_ABM,watts_strogatz,0.15,44,0,empirical,2,499,0,1,1,0.002,0,0.0012380819626239,0.0003295956104831,0.0018152066289457,0.0,0.0,6,0
R_44_watts_strogatz_0.15_0_emp,DETERMINISTIC_EMPIRICAL_ABM,watts_strogatz,0.15,44,0,empirical,3,499,0,1,1,0.002,0,0.0012380819626239,0.0003295956104831,0.0018152066289457,0.0,0.0,6,0
R_44_watts_strogatz_0.15_0_emp,DETERMINISTIC_EMPIRICAL_ABM,watts_strogatz,0.15,44,0,empirical,4,499,0,1,1,0.002,0,0.0012380819626239,0.0003295956104831,0.0018152066289457,0.0,0.0,6,0
R_44_watts_strogatz_0.15_0_emp,DETERMINISTIC_EMPIRICAL_ABM,watts_strogatz,0.15,44,0,empirical,5,499,0,1,1,0.002,0,0.0012380819626239,0.0003295956104831,0.0018152066289457,0.0,0.0,6,0
R_44_watts_strogatz_0.15_0_emp,DETERMINISTIC_EMPIRICAL_ABM,watts_strogatz,0.15,44,0,empirical,6,499,0,1,1,0.002,0,0.0012380819626239,0.0003295956104831,0.0018152066289457,0.0,0.0,6,0
R_44_watts_strogatz_0.15_0_emp,DETERMINISTIC_EMPIRICAL_ABM,watts_strogatz,0.15,44,0,empirical,7,499,0,1,1,0.002,0,0.0012380819626239,0.0003295956104831,0.0018152066289457,0.0,0.0,6,0
R_44_watts_strogatz_0.15_0_emp,DETERMINISTIC_EMPIRICAL_ABM,watts_strogatz,0.15,44,0,empirical,8,499,0,1,1,0.002,0,0.0012380819626239,0.0003295956104831,0.0018152066289457,0.0,0.0,6,0
R_44_watts_strogatz_0.15_0_emp,DETERMINISTIC_EMPIRICAL_ABM,watts_strogatz,0.15,44,0,empirical,9,499,0,1,1,0.002,0,0.0012380819626239,0.0003295956104831,0.0018152066289457,0.0,0.0,6,0
R_44_watts_strogatz_0.15_0_emp,DETERMINISTIC_EMPIRICAL_ABM,watts_strogatz,0.15,44,0,empirical,10,499,0,1,1,0.002,0,0.0012380819626239,0.0003295956104831,0.0018152066289457,0.0,0.0,6,0
R_44_watts_strogatz_0.15_0_emp,DETERMINISTIC_EMPIRICAL_ABM,watts_strogatz,0.15,44,0,empirical,11,499,0,1,1,0.002,0,0.0012380819626239,0.0003295956104831,0.0018152066289457,0.0,0.0,6,0
R_44_watts_strogatz_0.15_0_emp,DETERMINISTIC_EMPIRICAL_ABM,watts_strogatz,0.15,44,0,empirical,12,499,0,1,1,0.002,0,0.0012380819626239,0.0003295956104831,0.0018152066289457,0.0,0.0,6,0
R_44_watts_strogatz_0.15_0_emp,DETERMINISTIC_EMPIRICAL_ABM,watts_strogatz,0.15,44,0,empirical,13,499,0,1,1,0.002,0,0.0012380819626239,0.0003295956104831,0.0018152066289457,0.0,0.0,6,0
R_44_watts_strogatz_0.15_0_emp,DETERMINISTIC_EMPIRICAL_ABM,watts_strogatz,0.15,44,0,empirical,14,499,0,1,1,0.002,0,0.0012380819626239,0.0003295956104831,0.0018152066289457,0.0,0.0,6,0
R_44_watts_strogatz_0.15_0_emp,DETERMINISTIC_EMPIRICAL_ABM,watts_strogatz,0.15,44,0,empirical,15,499,0,1,1,0.002,0,0.0012380819626239,0.0003295956104831,0.0018152066289457,0.0,0.0,6,0
R_44_watts_strogatz_0.15_0_emp,DETERMINISTIC_EMPIRICAL_ABM,watts_strogatz,0.15,44,0,empirical,16,499,0,1,1,0.002,0,0.0012380819626239,0.0003295956104831,0.0018152066289457,0.0,0.0,6,0
R_44_watts_strogatz_0.15_0_emp,DETERMINISTIC_EMPIRICAL_ABM,watts_strogatz,0.15,44,0,empirical,17,499,0,1,1,0.002,0,0.0012380819626239,0.0003295956104831,0.0018152066289457,0.0,0.0,6,0
R_44_watts_strogatz_0.15_0_emp,DETERMINISTIC_EMPIRICAL_ABM,watts_strogatz,0.15,44,0,empirical,18,499,0,1,1,0.002,0,0.0012380819626239,0.0003295956104831,0.0018152066289457,0.0,0.0,6,0
R_44_watts_strogatz_0.15_0_emp,DETERMINISTIC_EMPIRICAL_ABM,watts_strogatz,0.15,44,0,empirical,19,499,0,1,1,0.002,0,0.0012380819626239,0.0003295956104831,0.0018152066289457,0.0,0.0,6,0
R_44_watts_strogatz_0.15_0_emp,DETERMINISTIC_EMPIRICAL_ABM,watts_strogatz,0.15,44,0,empirical,20,499,0,1,1,0.002,0,0.0012380819626239,0.0003295956104831,0.0018152066289457,0.0,0.0,6,0
R_44_watts_strogatz_0.15_0_emp,DETERMINISTIC_EMPIRICAL_ABM,watts_strogatz,0.15,44,0,empirical,21,499,0,1,1,0.002,0,0.0012380819626239,0.0003295956104831,0.0018152066289457,0.0,0.0,6,0
R_44_watts_strogatz_0.15_0_emp,DETERMINISTIC_EMPIRICAL_ABM,watts_strogatz,0.15,44,0,empirical,22,499,0,1,1,0.002,0,0.0012380819626239,0.0003295956104831,0.0018152066289457,0.0,0.0,6,0
R_44_watts_strogatz_0.15_0_emp,DETERMINISTIC_EMPIRICAL_ABM,watts_strogatz,0.15,44,0,empirical,23,499,0,1,1,0.002,0,0.0012380819626239,0.0003295956104831,0.0018152066289457,0.0,0.0,6,0
R_44_watts_strogatz_0.15_0_emp,DETERMINISTIC_EMPIRICAL_ABM,watts_strogatz,0.15,44,0,empirical,24,499,0,1,1,0.002,0,0.0012380819626239,0.0003295956104831,0.0018152066289457,0.0,0.0,6,0
R_44_watts_strogatz_0.3_0_const,DETERMINISTIC_EMPIRICAL_ABM,watts_strogatz,0.3,44,0,constant,0,499,1,0,1,0.002,5,0.0012380819626239,0.0012380819626239,0.0012380819626239,0.0024,0.0,0,0
R_44_watts_strogatz_0.3_0_const,DETERMINISTIC_EMPIRICAL_ABM,watts_strogatz,0.3,44,0,constant,1,499,1,0,1,0.002,0,0.0012380819626239,0.0012380819626239,0.0012380819626239,0.0024,0.0,4,0
R_44_watts_strogatz_0.3_0_const,DETERMINISTIC_EMPIRICAL_ABM,watts_strogatz,0.3,44,0,constant,2,499,0,1,1,0.002,0,0.0012380819626239,0.0012380819626239,0.0012380819626239,0.0,0.0,6,0
R_44_watts_strogatz_0.3_0_const,DETERMINISTIC_EMPIRICAL_ABM,watts_strogatz,0.3,44,0,constant,3,499,0,1,1,0.002,0,0.0012380819626239,0.0012380819626239,0.0012380819626239,0.0,0.0,6,0
R_44_watts_strogatz_0.3_0_const,DETERMINISTIC_EMPIRICAL_ABM,watts_strogatz,0.3,44,0,constant,4,499,0,1,1,0.002,0,0.0012380819626239,0.0012380819626239,0.0012380819626239,0.0,0.0,6,0
R_44_watts_strogatz_0.3_0_const,DETERMINISTIC_EMPIRICAL_ABM,watts_strogatz,0.3,44,0,constant,5,499,0,1,1,0.002,0,0.0012380819626239,0.0012380819626239,0.0012380819626239,0.0,0.0,6,0
R_44_watts_strogatz_0.3_0_const,DETERMINISTIC_EMPIRICAL_ABM,watts_strogatz,0.3,44,0,constant,6,499,0,1,1,0.002,0,0.0012380819626239,0.0012380819626239,0.0012380819626239,0.0,0.0,6,0
R_44_watts_strogatz_0.3_0_const,DETERMINISTIC_EMPIRICAL_ABM,watts_strogatz,0.3,44,0,constant,7,499,0,1,1,0.002,0,0.0012380819626239,0.0012380819626239,0.0012380819626239,0.0,0.0,6,0
R_44_watts_strogatz_0.3_0_const,DETERMINISTIC_EMPIRICAL_ABM,watts_strogatz,0.3,44,0,constant,8,499,0,1,1,0.002,0,0.0012380819626239,0.0012380819626239,0.0012380819626239,0.0,0.0,6,0
R_44_watts_strogatz_0.3_0_const,DETERMINISTIC_EMPIRICAL_ABM,watts_strogatz,0.3,44,0,constant,9,499,0,1,1,0.002,0,0.0012380819626239,0.0012380819626239,0.0012380819626239,0.0,0.0,6,0
R_44_watts_strogatz_0.3_0_const,DETERMINISTIC_EMPIRICAL_ABM,watts_strogatz,0.3,44,0,constant,10,499,0,1,1,0.002,0,0.0012380819626239,0.0012380819626239,0.0012380819626239,0.0,0.0,6,0
R_44_watts_strogatz_0.3_0_const,DETERMINISTIC_EMPIRICAL_ABM,watts_strogatz,0.3,44,0,constant,11,499,0,1,1,0.002,0,0.0012380819626239,0.0012380819626239,0.0012380819626239,0.0,0.0,6,0
R_44_watts_strogatz_0.3_0_const,DETERMINISTIC_EMPIRICAL_ABM,watts_strogatz,0.3,44,0,constant,12,499,0,1,1,0.002,0,0.0012380819626239,0.0012380819626239,0.0012380819626239,0.0,0.0,6,0
R_44_watts_strogatz_0.3_0_const,DETERMINISTIC_EMPIRICAL_ABM,watts_strogatz,0.3,44,0,constant,13,499,0,1,1,0.002,0,0.0012380819626239,0.0012380819626239,0.0012380819626239,0.0,0.0,6,0
R_44_watts_strogatz_0.3_0_const,DETERMINISTIC_EMPIRICAL_ABM,watts_strogatz,0.3,44,0,constant,14,499,0,1,1,0.002,0,0.0012380819626239,0.0012380819626239,0.0012380819626239,0.0,0.0,6,0
R_44_watts_strogatz_0.3_0_const,DETERMINISTIC_EMPIRICAL_ABM,watts_strogatz,0.3,44,0,constant,15,499,0,1,1,0.002,0,0.0012380819626239,0.0012380819626239,0.0012380819626239,0.0,0.0,6,0
R_44_watts_strogatz_0.3_0_const,DETERMINISTIC_EMPIRICAL_ABM,watts_strogatz,0.3,44,0,constant,16,499,0,1,1,0.002,0,0.0012380819626239,0.0012380819626239,0.0012380819626239,0.0,0.0,6,0
R_44_watts_strogatz_0.3_0_const,DETERMINISTIC_EMPIRICAL_ABM,watts_strogatz,0.3,44,0,constant,17,499,0,1,1,0.002,0,0.0012380819626239,0.0012380819626239,0.0012380819626239,0.0,0.0,6,0
R_44_watts_strogatz_0.3_0_const,DETERMINISTIC_EMPIRICAL_ABM,watts_strogatz,0.3,44,0,constant,18,499,0,1,1,0.002,0,0.0012380819626239,0.0012380819626239,0.0012380819626239,0.0,0.0,6,0
R_44_watts_strogatz_0.3_0_const,DETERMINISTIC_EMPIRICAL_ABM,watts_strogatz,0.3,44,0,constant,19,499,0,1,1,0.002,0,0.0012380819626239,0.0012380819626239,0.0012380819626239,0.0,0.0,6,0
R_44_watts_strogatz_0.3_0_const,DETERMINISTIC_EMPIRICAL_ABM,watts_strogatz,0.3,44,0,constant,20,499,0,1,1,0.002,0,0.0012380819626239,0.0012380819626239,0.0012380819626239,0.0,0.0,6,0
R_44_watts_strogatz_0.3_0_const,DETERMINISTIC_EMPIRICAL_ABM,watts_strogatz,0.3,44,0,constant,21,499,0,1,1,0.002,0,0.0012380819626239,0.0012380819626239,0.0012380819626239,0.0,0.0,6,0
R_44_watts_strogatz_0.3_0_const,DETERMINISTIC_EMPIRICAL_ABM,watts_strogatz,0.3,44,0,constant,22,499,0,1,1,0.002,0,0.0012380819626239,0.0012380819626239,0.0012380819626239,0.0,0.0,6,0
R_44_watts_strogatz_0.3_0_const,DETERMINISTIC_EMPIRICAL_ABM,watts_strogatz,0.3,44,0,constant,23,499,0,1,1,0.002,0,0.0012380819626239,0.0012380819626239,0.0012380819626239,0.0,0.0,6,0
R_44_watts_strogatz_0.3_0_const,DETERMINISTIC_EMPIRICAL_ABM,watts_strogatz,0.3,44,0,constant,24,499,0,1,1,0.002,0,0.0012380819626239,0.0012380819626239,0.0012380819626239,0.0,0.0,6,0
R_44_watts_strogatz_0.3_0_emp,DETERMINISTIC_EMPIRICAL_ABM,watts_strogatz,0.3,44,0,empirical,0,499,1,0,1,0.002,5,0.0012380819626239,0.0003295956104831,0.0018152066289457,0.0024,0.0,0,0
R_44_watts_strogatz_0.3_0_emp,DETERMINISTIC_EMPIRICAL_ABM,watts_strogatz,0.3,44,0,empirical,1,499,1,0,1,0.002,0,0.0012380819626239,0.0003295956104831,0.0018152066289457,0.0024,0.0,4,0
R_44_watts_strogatz_0.3_0_emp,DETERMINISTIC_EMPIRICAL_ABM,watts_strogatz,0.3,44,0,empirical,2,499,0,1,1,0.002,0,0.0012380819626239,0.0003295956104831,0.0018152066289457,0.0,0.0,6,0
R_44_watts_strogatz_0.3_0_emp,DETERMINISTIC_EMPIRICAL_ABM,watts_strogatz,0.3,44,0,empirical,3,499,0,1,1,0.002,0,0.0012380819626239,0.0003295956104831,0.0018152066289457,0.0,0.0,6,0
R_44_watts_strogatz_0.3_0_emp,DETERMINISTIC_EMPIRICAL_ABM,watts_strogatz,0.3,44,0,empirical,4,499,0,1,1,0.002,0,0.0012380819626239,0.0003295956104831,0.0018152066289457,0.0,0.0,6,0
R_44_watts_strogatz_0.3_0_emp,DETERMINISTIC_EMPIRICAL_ABM,watts_strogatz,0.3,44,0,empirical,5,499,0,1,1,0.002,0,0.0012380819626239,0.0003295956104831,0.0018152066289457,0.0,0.0,6,0
R_44_watts_strogatz_0.3_0_emp,DETERMINISTIC_EMPIRICAL_ABM,watts_strogatz,0.3,44,0,empirical,6,499,0,1,1,0.002,0,0.0012380819626239,0.0003295956104831,0.0018152066289457,0.0,0.0,6,0
R_44_watts_strogatz_0.3_0_emp,DETERMINISTIC_EMPIRICAL_ABM,watts_strogatz,0.3,44,0,empirical,7,499,0,1,1,0.002,0,0.0012380819626239,0.0003295956104831,0.0018152066289457,0.0,0.0,6,0
R_44_watts_strogatz_0.3_0_emp,DETERMINISTIC_EMPIRICAL_ABM,watts_strogatz,0.3,44,0,empirical,8,499,0,1,1,0.002,0,0.0012380819626239,0.0003295956104831,0.0018152066289457,0.0,0.0,6,0
R_44_watts_strogatz_0.3_0_emp,DETERMINISTIC_EMPIRICAL_ABM,watts_strogatz,0.3,44,0,empirical,9,499,0,1,1,0.002,0,0.0012380819626239,0.0003295956104831,0.0018152066289457,0.0,0.0,6,0
R_44_watts_strogatz_0.3_0_emp,DETERMINISTIC_EMPIRICAL_ABM,watts_strogatz,0.3,44,0,empirical,10,499,0,1,1,0.002,0,0.0012380819626239,0.0003295956104831,0.0018152066289457,0.0,0.0,6,0
R_44_watts_strogatz_0.3_0_emp,DETERMINISTIC_EMPIRICAL_ABM,watts_strogatz,0.3,44,0,empirical,11,499,0,1,1,0.002,0,0.0012380819626239,0.0003295956104831,0.0018152066289457,0.0,0.0,6,0
R_44_watts_strogatz_0.3_0_emp,DETERMINISTIC_EMPIRICAL_ABM,watts_strogatz,0.3,44,0,empirical,12,499,0,1,1,0.002,0,0.0012380819626239,0.0003295956104831,0.0018152066289457,0.0,0.0,6,0
R_44_watts_strogatz_0.3_0_emp,DETERMINISTIC_EMPIRICAL_ABM,watts_strogatz,0.3,44,0,empirical,13,499,0,1,1,0.002,0,0.0012380819626239,0.0003295956104831,0.0018152066289457,0.0,0.0,6,0
R_44_watts_strogatz_0.3_0_emp,DETERMINISTIC_EMPIRICAL_ABM,watts_strogatz,0.3,44,0,empirical,14,499,0,1,1,0.002,0,0.0012380819626239,0.0003295956104831,0.0018152066289457,0.0,0.0,6,0
R_44_watts_strogatz_0.3_0_emp,DETERMINISTIC_EMPIRICAL_ABM,watts_strogatz,0.3,44,0,empirical,15,499,0,1,1,0.002,0,0.0012380819626239,0.0003295956104831,0.0018152066289457,0.0,0.0,6,0
R_44_watts_strogatz_0.3_0_emp,DETERMINISTIC_EMPIRICAL_ABM,watts_strogatz,0.3,44,0,empirical,16,499,0,1,1,0.002,0,0.0012380819626239,0.0003295956104831,0.0018152066289457,0.0,0.0,6,0
R_44_watts_strogatz_0.3_0_emp,DETERMINISTIC_EMPIRICAL_ABM,watts_strogatz,0.3,44,0,empirical,17,499,0,1,1,0.002,0,0.0012380819626239,0.0003295956104831,0.0018152066289457,0.0,0.0,6,0
R_44_watts_strogatz_0.3_0_emp,DETERMINISTIC_EMPIRICAL_ABM,watts_strogatz,0.3,44,0,empirical,18,499,0,1,1,0.002,0,0.0012380819626239,0.0003295956104831,0.0018152066289457,0.0,0.0,6,0
R_44_watts_strogatz_0.3_0_emp,DETERMINISTIC_EMPIRICAL_ABM,watts_strogatz,0.3,44,0,empirical,19,499,0,1,1,0.002,0,0.0012380819626239,0.0003295956104831,0.0018152066289457,0.0,0.0,6,0
R_44_watts_strogatz_0.3_0_emp,DETERMINISTIC_EMPIRICAL_ABM,watts_strogatz,0.3,44,0,empirical,20,499,0,1,1,0.002,0,0.0012380819626239,0.0003295956104831,0.0018152066289457,0.0,0.0,6,0
R_44_watts_strogatz_0.3_0_emp,DETERMINISTIC_EMPIRICAL_ABM,watts_strogatz,0.3,44,0,empirical,21,499,0,1,1,0.002,0,0.0012380819626239,0.0003295956104831,0.0018152066289457,0.0,0.0,6,0
R_44_watts_strogatz_0.3_0_emp,DETERMINISTIC_EMPIRICAL_ABM,watts_strogatz,0.3,44,0,empirical,22,499,0,1,1,0.002,0,0.0012380819626239,0.0003295956104831,0.0018152066289457,0.0,0.0,6,0
R_44_watts_strogatz_0.3_0_emp,DETERMINISTIC_EMPIRICAL_ABM,watts_strogatz,0.3,44,0,empirical,23,499,0,1,1,0.002,0,0.0012380819626239,0.0003295956104831,0.0018152066289457,0.0,0.0,6,0
R_44_watts_strogatz_0.3_0_emp,DETERMINISTIC_EMPIRICAL_ABM,watts_strogatz,0.3,44,0,empirical,24,499,0,1,1,0.002,0,0.0012380819626239,0.0003295956104831,0.0018152066289457,0.0,0.0,6,0
R_45_barabasi_albert_0.05_0_const,DETERMINISTIC_EMPIRICAL_ABM,barabasi_albert,0.05,45,0,constant,0,498,2,0,2,0.004,5,0.0012380819626239,0.0012380819626239,0.0012380819626239,0.0012,0.0,0,0
R_45_barabasi_albert_0.05_0_const,DETERMINISTIC_EMPIRICAL_ABM,barabasi_albert,0.05,45,0,constant,1,498,2,0,2,0.004,0,0.0012380819626239,0.0012380819626239,0.0012380819626239,0.0012,0.0,0,0
R_45_barabasi_albert_0.05_0_const,DETERMINISTIC_EMPIRICAL_ABM,barabasi_albert,0.05,45,0,constant,2,498,0,2,2,0.004,0,0.0012380819626239,0.0012380819626239,0.0012380819626239,0.0,0.0,0,0
R_45_barabasi_albert_0.05_0_const,DETERMINISTIC_EMPIRICAL_ABM,barabasi_albert,0.05,45,0,constant,3,498,0,2,2,0.004,0,0.0012380819626239,0.0012380819626239,0.0012380819626239,0.0,0.0,0,0
R_45_barabasi_albert_0.05_0_const,DETERMINISTIC_EMPIRICAL_ABM,barabasi_albert,0.05,45,0,constant,4,498,0,2,2,0.004,0,0.0012380819626239,0.0012380819626239,0.0012380819626239,0.0,0.0,0,0
R_45_barabasi_albert_0.05_0_const,DETERMINISTIC_EMPIRICAL_ABM,barabasi_albert,0.05,45,0,constant,5,498,0,2,2,0.004,0,0.0012380819626239,0.0012380819626239,0.0012380819626239,0.0,0.0,0,0
R_45_barabasi_albert_0.05_0_const,DETERMINISTIC_EMPIRICAL_ABM,barabasi_albert,0.05,45,0,constant,6,498,0,2,2,0.004,0,0.0012380819626239,0.0012380819626239,0.0012380819626239,0.0,0.0,0,0
R_45_barabasi_albert_0.05_0_const,DETERMINISTIC_EMPIRICAL_ABM,barabasi_albert,0.05,45,0,constant,7,498,0,2,2,0.004,0,0.0012380819626239,0.0012380819626239,0.0012380819626239,0.0,0.0,0,0
R_45_barabasi_albert_0.05_0_const,DETERMINISTIC_EMPIRICAL_ABM,barabasi_albert,0.05,45,0,constant,8,498,0,2,2,0.004,0,0.0012380819626239,0.0012380819626239,0.0012380819626239,0.0,0.0,0,0
R_45_barabasi_albert_0.05_0_const,DETERMINISTIC_EMPIRICAL_ABM,barabasi_albert,0.05,45,0,constant,9,498,0,2,2,0.004,0,0.0012380819626239,0.0012380819626239,0.0012380819626239,0.0,0.0,0,0
R_45_barabasi_albert_0.05_0_const,DETERMINISTIC_EMPIRICAL_ABM,barabasi_albert,0.05,45,0,constant,10,498,0,2,2,0.004,0,0.0012380819626239,0.0012380819626239,0.0012380819626239,0.0,0.0,0,0
R_45_barabasi_albert_0.05_0_const,DETERMINISTIC_EMPIRICAL_ABM,barabasi_albert,0.05,45,0,constant,11,498,0,2,2,0.004,0,0.0012380819626239,0.0012380819626239,0.0012380819626239,0.0,0.0,0,0
R_45_barabasi_albert_0.05_0_const,DETERMINISTIC_EMPIRICAL_ABM,barabasi_albert,0.05,45,0,constant,12,498,0,2,2,0.004,0,0.0012380819626239,0.0012380819626239,0.0012380819626239,0.0,0.0,0,0
R_45_barabasi_albert_0.05_0_const,DETERMINISTIC_EMPIRICAL_ABM,barabasi_albert,0.05,45,0,constant,13,498,0,2,2,0.004,0,0.0012380819626239,0.0012380819626239,0.0012380819626239,0.0,0.0,0,0
R_45_barabasi_albert_0.05_0_const,DETERMINISTIC_EMPIRICAL_ABM,barabasi_albert,0.05,45,0,constant,14,498,0,2,2,0.004,0,0.0012380819626239,0.0012380819626239,0.0012380819626239,0.0,0.0,0,0
R_45_barabasi_albert_0.05_0_const,DETERMINISTIC_EMPIRICAL_ABM,barabasi_albert,0.05,45,0,constant,15,498,0,2,2,0.004,0,0.0012380819626239,0.0012380819626239,0.0012380819626239,0.0,0.0,0,0
R_45_barabasi_albert_0.05_0_const,DETERMINISTIC_EMPIRICAL_ABM,barabasi_albert,0.05,45,0,constant,16,498,0,2,2,0.004,0,0.0012380819626239,0.0012380819626239,0.0012380819626239,0.0,0.0,0,0
R_45_barabasi_albert_0.05_0_const,DETERMINISTIC_EMPIRICAL_ABM,barabasi_albert,0.05,45,0,constant,17,498,0,2,2,0.004,0,0.0012380819626239,0.0012380819626239,0.0012380819626239,0.0,0.0,0,0
R_45_barabasi_albert_0.05_0_const,DETERMINISTIC_EMPIRICAL_ABM,barabasi_albert,0.05,45,0,constant,18,498,0,2,2,0.004,0,0.0012380819626239,0.0012380819626239,0.0012380819626239,0.0,0.0,0,0
R_45_barabasi_albert_0.05_0_const,DETERMINISTIC_EMPIRICAL_ABM,barabasi_albert,0.05,45,0,constant,19,498,0,2,2,0.004,0,0.0012380819626239,0.0012380819626239,0.0012380819626239,0.0,0.0,0,0
R_45_barabasi_albert_0.05_0_const,DETERMINISTIC_EMPIRICAL_ABM,barabasi_albert,0.05,45,0,constant,20,498,0,2,2,0.004,0,0.0012380819626239,0.0012380819626239,0.0012380819626239,0.0,0.0,0,0
R_45_barabasi_albert_0.05_0_const,DETERMINISTIC_EMPIRICAL_ABM,barabasi_albert,0.05,45,0,constant,21,498,0,2,2,0.004,0,0.0012380819626239,0.0012380819626239,0.0012380819626239,0.0,0.0,0,0
R_45_barabasi_albert_0.05_0_const,DETERMINISTIC_EMPIRICAL_ABM,barabasi_albert,0.05,45,0,constant,22,498,0,2,2,0.004,0,0.0012380819626239,0.0012380819626239,0.0012380819626239,0.0,0.0,0,0
R_45_barabasi_albert_0.05_0_const,DETERMINISTIC_EMPIRICAL_ABM,barabasi_albert,0.05,45,0,constant,23,498,0,2,2,0.004,0,0.0012380819626239,0.0012380819626239,0.0012380819626239,0.0,0.0,0,0
R_45_barabasi_albert_0.05_0_const,DETERMINISTIC_EMPIRICAL_ABM,barabasi_albert,0.05,45,0,constant,24,498,0,2,2,0.004,0,0.0012380819626239,0.0012380819626239,0.0012380819626239,0.0,0.0,0,0
R_45_barabasi_albert_0.05_0_emp,DETERMINISTIC_EMPIRICAL_ABM,barabasi_albert,0.05,45,0,empirical,0,498,2,0,2,0.004,5,0.0012380819626239,0.0003295956104831,0.0018152066289457,0.0012,0.0,0,0
R_45_barabasi_albert_0.05_0_emp,DETERMINISTIC_EMPIRICAL_ABM,barabasi_albert,0.05,45,0,empirical,1,498,2,0,2,0.004,0,0.0012380819626239,0.0003295956104831,0.0018152066289457,0.0012,0.0,0,0
R_45_barabasi_albert_0.05_0_emp,DETERMINISTIC_EMPIRICAL_ABM,barabasi_albert,0.05,45,0,empirical,2,498,0,2,2,0.004,0,0.0012380819626239,0.0003295956104831,0.0018152066289457,0.0,0.0,0,0
R_45_barabasi_albert_0.05_0_emp,DETERMINISTIC_EMPIRICAL_ABM,barabasi_albert,0.05,45,0,empirical,3,498,0,2,2,0.004,0,0.0012380819626239,0.0003295956104831,0.0018152066289457,0.0,0.0,0,0
R_45_barabasi_albert_0.05_0_emp,DETERMINISTIC_EMPIRICAL_ABM,barabasi_albert,0.05,45,0,empirical,4,498,0,2,2,0.004,0,0.0012380819626239,0.0003295956104831,0.0018152066289457,0.0,0.0,0,0
R_45_barabasi_albert_0.05_0_emp,DETERMINISTIC_EMPIRICAL_ABM,barabasi_albert,0.05,45,0,empirical,5,498,0,2,2,0.004,0,0.0012380819626239,0.0003295956104831,0.0018152066289457,0.0,0.0,0,0
R_45_barabasi_albert_0.05_0_emp,DETERMINISTIC_EMPIRICAL_ABM,barabasi_albert,0.05,45,0,empirical,6,498,0,2,2,0.004,0,0.0012380819626239,0.0003295956104831,0.0018152066289457,0.0,0.0,0,0
R_45_barabasi_albert_0.05_0_emp,DETERMINISTIC_EMPIRICAL_ABM,barabasi_albert,0.05,45,0,empirical,7,498,0,2,2,0.004,0,0.0012380819626239,0.0003295956104831,0.0018152066289457,0.0,0.0,0,0
R_45_barabasi_albert_0.05_0_emp,DETERMINISTIC_EMPIRICAL_ABM,barabasi_albert,0.05,45,0,empirical,8,498,0,2,2,0.004,0,0.0012380819626239,0.0003295956104831,0.0018152066289457,0.0,0.0,0,0
R_45_barabasi_albert_0.05_0_emp,DETERMINISTIC_EMPIRICAL_ABM,barabasi_albert,0.05,45,0,empirical,9,498,0,2,2,0.004,0,0.0012380819626239,0.0003295956104831,0.0018152066289457,0.0,0.0,0,0
R_45_barabasi_albert_0.05_0_emp,DETERMINISTIC_EMPIRICAL_ABM,barabasi_albert,0.05,45,0,empirical,10,498,0,2,2,0.004,0,0.0012380819626239,0.0003295956104831,0.0018152066289457,0.0,0.0,0,0
R_45_barabasi_albert_0.05_0_emp,DETERMINISTIC_EMPIRICAL_ABM,barabasi_albert,0.05,45,0,empirical,11,498,0,2,2,0.004,0,0.0012380819626239,0.0003295956104831,0.0018152066289457,0.0,0.0,0,0
R_45_barabasi_albert_0.05_0_emp,DETERMINISTIC_EMPIRICAL_ABM,barabasi_albert,0.05,45,0,empirical,12,498,0,2,2,0.004,0,0.0012380819626239,0.0003295956104831,0.0018152066289457,0.0,0.0,0,0
R_45_barabasi_albert_0.05_0_emp,DETERMINISTIC_EMPIRICAL_ABM,barabasi_albert,0.05,45,0,empirical,13,498,0,2,2,0.004,0,0.0012380819626239,0.0003295956104831,0.0018152066289457,0.0,0.0,0,0
R_45_barabasi_albert_0.05_0_emp,DETERMINISTIC_EMPIRICAL_ABM,barabasi_albert,0.05,45,0,empirical,14,498,0,2,2,0.004,0,0.0012380819626239,0.0003295956104831,0.0018152066289457,0.0,0.0,0,0
R_45_barabasi_albert_0.05_0_emp,DETERMINISTIC_EMPIRICAL_ABM,barabasi_albert,0.05,45,0,empirical,15,498,0,2,2,0.004,0,0.0012380819626239,0.0003295956104831,0.0018152066289457,0.0,0.0,0,0
R_45_barabasi_albert_0.05_0_emp,DETERMINISTIC_EMPIRICAL_ABM,barabasi_albert,0.05,45,0,empirical,16,498,0,2,2,0.004,0,0.0012380819626239,0.0003295956104831,0.0018152066289457,0.0,0.0,0,0
R_45_barabasi_albert_0.05_0_emp,DETERMINISTIC_EMPIRICAL_ABM,barabasi_albert,0.05,45,0,empirical,17,498,0,2,2,0.004,0,0.0012380819626239,0.0003295956104831,0.0018152066289457,0.0,0.0,0,0
R_45_barabasi_albert_0.05_0_emp,DETERMINISTIC_EMPIRICAL_ABM,barabasi_albert,0.05,45,0,empirical,18,498,0,2,2,0.004,0,0.0012380819626239,0.0003295956104831,0.0018152066289457,0.0,0.0,0,0
R_45_barabasi_albert_0.05_0_emp,DETERMINISTIC_EMPIRICAL_ABM,barabasi_albert,0.05,45,0,empirical,19,498,0,2,2,0.004,0,0.0012380819626239,0.0003295956104831,0.0018152066289457,0.0,0.0,0,0
R_45_barabasi_albert_0.05_0_emp,DETERMINISTIC_EMPIRICAL_ABM,barabasi_albert,0.05,45,0,empirical,20,498,0,2,2,0.004,0,0.0012380819626239,0.0003295956104831,0.0018152066289457,0.0,0.0,0,0
R_45_barabasi_albert_0.05_0_emp,DETERMINISTIC_EMPIRICAL_ABM,barabasi_albert,0.05,45,0,empirical,21,498,0,2,2,0.004,0,0.0012380819626239,0.0003295956104831,0.0018152066289457,0.0,0.0,0,0
R_45_barabasi_albert_0.05_0_emp,DETERMINISTIC_EMPIRICAL_ABM,barabasi_albert,0.05,45,0,empirical,22,498,0,2,2,0.004,0,0.0012380819626239,0.0003295956104831,0.0018152066289457,0.0,0.0,0,0
R_45_barabasi_albert_0.05_0_emp,DETERMINISTIC_EMPIRICAL_ABM,barabasi_albert,0.05,45,0,empirical,23,498,0,2,2,0.004,0,0.0012380819626239,0.0003295956104831,0.0018152066289457,0.0,0.0,0,0
R_45_barabasi_albert_0.05_0_emp,DETERMINISTIC_EMPIRICAL_ABM,barabasi_albert,0.05,45,0,empirical,24,498,0,2,2,0.004,0,0.0012380819626239,0.0003295956104831,0.0018152066289457,0.0,0.0,0,0
R_45_barabasi_albert_0.15_0_const,DETERMINISTIC_EMPIRICAL_ABM,barabasi_albert,0.15,45,0,constant,0,498,2,0,2,0.004,5,0.0012380819626239,0.0012380819626239,0.0012380819626239,0.0036,0.0,0,0
R_45_barabasi_albert_0.15_0_const,DETERMINISTIC_EMPIRICAL_ABM,barabasi_albert,0.15,45,0,constant,1,498,2,0,2,0.004,0,0.0012380819626239,0.0012380819626239,0.0012380819626239,0.0036,0.0,12,0
R_45_barabasi_albert_0.15_0_const,DETERMINISTIC_EMPIRICAL_ABM,barabasi_albert,0.15,45,0,constant,2,498,0,2,2,0.004,0,0.0012380819626239,0.0012380819626239,0.0012380819626239,0.0,0.0,16,0
R_45_barabasi_albert_0.15_0_const,DETERMINISTIC_EMPIRICAL_ABM,barabasi_albert,0.15,45,0,constant,3,498,0,2,2,0.004,0,0.0012380819626239,0.0012380819626239,0.0012380819626239,0.0,0.0,16,0
R_45_barabasi_albert_0.15_0_const,DETERMINISTIC_EMPIRICAL_ABM,barabasi_albert,0.15,45,0,constant,4,498,0,2,2,0.004,0,0.0012380819626239,0.0012380819626239,0.0012380819626239,0.0,0.0,16,0
R_45_barabasi_albert_0.15_0_const,DETERMINISTIC_EMPIRICAL_ABM,barabasi_albert,0.15,45,0,constant,5,498,0,2,2,0.004,0,0.0012380819626239,0.0012380819626239,0.0012380819626239,0.0,0.0,16,0
R_45_barabasi_albert_0.15_0_const,DETERMINISTIC_EMPIRICAL_ABM,barabasi_albert,0.15,45,0,constant,6,498,0,2,2,0.004,0,0.0012380819626239,0.0012380819626239,0.0012380819626239,0.0,0.0,16,0
R_45_barabasi_albert_0.15_0_const,DETERMINISTIC_EMPIRICAL_ABM,barabasi_albert,0.15,45,0,constant,7,498,0,2,2,0.004,0,0.0012380819626239,0.0012380819626239,0.0012380819626239,0.0,0.0,16,0
R_45_barabasi_albert_0.15_0_const,DETERMINISTIC_EMPIRICAL_ABM,barabasi_albert,0.15,45,0,constant,8,498,0,2,2,0.004,0,0.0012380819626239,0.0012380819626239,0.0012380819626239,0.0,0.0,16,0
R_45_barabasi_albert_0.15_0_const,DETERMINISTIC_EMPIRICAL_ABM,barabasi_albert,0.15,45,0,constant,9,498,0,2,2,0.004,0,0.0012380819626239,0.0012380819626239,0.0012380819626239,0.0,0.0,16,0
R_45_barabasi_albert_0.15_0_const,DETERMINISTIC_EMPIRICAL_ABM,barabasi_albert,0.15,45,0,constant,10,498,0,2,2,0.004,0,0.0012380819626239,0.0012380819626239,0.0012380819626239,0.0,0.0,16,0
R_45_barabasi_albert_0.15_0_const,DETERMINISTIC_EMPIRICAL_ABM,barabasi_albert,0.15,45,0,constant,11,498,0,2,2,0.004,0,0.0012380819626239,0.0012380819626239,0.0012380819626239,0.0,0.0,16,0
R_45_barabasi_albert_0.15_0_const,DETERMINISTIC_EMPIRICAL_ABM,barabasi_albert,0.15,45,0,constant,12,498,0,2,2,0.004,0,0.0012380819626239,0.0012380819626239,0.0012380819626239,0.0,0.0,16,0
R_45_barabasi_albert_0.15_0_const,DETERMINISTIC_EMPIRICAL_ABM,barabasi_albert,0.15,45,0,constant,13,498,0,2,2,0.004,0,0.0012380819626239,0.0012380819626239,0.0012380819626239,0.0,0.0,16,0
R_45_barabasi_albert_0.15_0_const,DETERMINISTIC_EMPIRICAL_ABM,barabasi_albert,0.15,45,0,constant,14,498,0,2,2,0.004,0,0.0012380819626239,0.0012380819626239,0.0012380819626239,0.0,0.0,16,0
R_45_barabasi_albert_0.15_0_const,DETERMINISTIC_EMPIRICAL_ABM,barabasi_albert,0.15,45,0,constant,15,498,0,2,2,0.004,0,0.0012380819626239,0.0012380819626239,0.0012380819626239,0.0,0.0,16,0
R_45_barabasi_albert_0.15_0_const,DETERMINISTIC_EMPIRICAL_ABM,barabasi_albert,0.15,45,0,constant,16,498,0,2,2,0.004,0,0.0012380819626239,0.0012380819626239,0.0012380819626239,0.0,0.0,16,0
R_45_barabasi_albert_0.15_0_const,DETERMINISTIC_EMPIRICAL_ABM,barabasi_albert,0.15,45,0,constant,17,498,0,2,2,0.004,0,0.0012380819626239,0.0012380819626239,0.0012380819626239,0.0,0.0,16,0
R_45_barabasi_albert_0.15_0_const,DETERMINISTIC_EMPIRICAL_ABM,barabasi_albert,0.15,45,0,constant,18,498,0,2,2,0.004,0,0.0012380819626239,0.0012380819626239,0.0012380819626239,0.0,0.0,16,0
R_45_barabasi_albert_0.15_0_const,DETERMINISTIC_EMPIRICAL_ABM,barabasi_albert,0.15,45,0,constant,19,498,0,2,2,0.004,0,0.0012380819626239,0.0012380819626239,0.0012380819626239,0.0,0.0,16,0
R_45_barabasi_albert_0.15_0_const,DETERMINISTIC_EMPIRICAL_ABM,barabasi_albert,0.15,45,0,constant,20,498,0,2,2,0.004,0,0.0012380819626239,0.0012380819626239,0.0012380819626239,0.0,0.0,16,0
R_45_barabasi_albert_0.15_0_const,DETERMINISTIC_EMPIRICAL_ABM,barabasi_albert,0.15,45,0,constant,21,498,0,2,2,0.004,0,0.0012380819626239,0.0012380819626239,0.0012380819626239,0.0,0.0,16,0
R_45_barabasi_albert_0.15_0_const,DETERMINISTIC_EMPIRICAL_ABM,barabasi_albert,0.15,45,0,constant,22,498,0,2,2,0.004,0,0.0012380819626239,0.0012380819626239,0.0012380819626239,0.0,0.0,16,0
R_45_barabasi_albert_0.15_0_const,DETERMINISTIC_EMPIRICAL_ABM,barabasi_albert,0.15,45,0,constant,23,498,0,2,2,0.004,0,0.0012380819626239,0.0012380819626239,0.0012380819626239,0.0,0.0,16,0
R_45_barabasi_albert_0.15_0_const,DETERMINISTIC_EMPIRICAL_ABM,barabasi_albert,0.15,45,0,constant,24,498,0,2,2,0.004,0,0.0012380819626239,0.0012380819626239,0.0012380819626239,0.0,0.0,16,0
R_45_barabasi_albert_0.15_0_emp,DETERMINISTIC_EMPIRICAL_ABM,barabasi_albert,0.15,45,0,empirical,0,498,2,0,2,0.004,5,0.0012380819626239,0.0003295956104831,0.0018152066289457,0.0036,0.0,0,0
R_45_barabasi_albert_0.15_0_emp,DETERMINISTIC_EMPIRICAL_ABM,barabasi_albert,0.15,45,0,empirical,1,498,2,0,2,0.004,0,0.0012380819626239,0.0003295956104831,0.0018152066289457,0.0036,0.0,12,0
R_45_barabasi_albert_0.15_0_emp,DETERMINISTIC_EMPIRICAL_ABM,barabasi_albert,0.15,45,0,empirical,2,498,0,2,2,0.004,0,0.0012380819626239,0.0003295956104831,0.0018152066289457,0.0,0.0,16,0
R_45_barabasi_albert_0.15_0_emp,DETERMINISTIC_EMPIRICAL_ABM,barabasi_albert,0.15,45,0,empirical,3,498,0,2,2,0.004,0,0.0012380819626239,0.0003295956104831,0.0018152066289457,0.0,0.0,16,0
R_45_barabasi_albert_0.15_0_emp,DETERMINISTIC_EMPIRICAL_ABM,barabasi_albert,0.15,45,0,empirical,4,498,0,2,2,0.004,0,0.0012380819626239,0.0003295956104831,0.0018152066289457,0.0,0.0,16,0
R_45_barabasi_albert_0.15_0_emp,DETERMINISTIC_EMPIRICAL_ABM,barabasi_albert,0.15,45,0,empirical,5,498,0,2,2,0.004,0,0.0012380819626239,0.0003295956104831,0.0018152066289457,0.0,0.0,16,0
R_45_barabasi_albert_0.15_0_emp,DETERMINISTIC_EMPIRICAL_ABM,barabasi_albert,0.15,45,0,empirical,6,498,0,2,2,0.004,0,0.0012380819626239,0.0003295956104831,0.0018152066289457,0.0,0.0,16,0
R_45_barabasi_albert_0.15_0_emp,DETERMINISTIC_EMPIRICAL_ABM,barabasi_albert,0.15,45,0,empirical,7,498,0,2,2,0.004,0,0.0012380819626239,0.0003295956104831,0.0018152066289457,0.0,0.0,16,0
R_45_barabasi_albert_0.15_0_emp,DETERMINISTIC_EMPIRICAL_ABM,barabasi_albert,0.15,45,0,empirical,8,498,0,2,2,0.004,0,0.0012380819626239,0.0003295956104831,0.0018152066289457,0.0,0.0,16,0
R_45_barabasi_albert_0.15_0_emp,DETERMINISTIC_EMPIRICAL_ABM,barabasi_albert,0.15,45,0,empirical,9,498,0,2,2,0.004,0,0.0012380819626239,0.0003295956104831,0.0018152066289457,0.0,0.0,16,0
R_45_barabasi_albert_0.15_0_emp,DETERMINISTIC_EMPIRICAL_ABM,barabasi_albert,0.15,45,0,empirical,10,498,0,2,2,0.004,0,0.0012380819626239,0.0003295956104831,0.0018152066289457,0.0,0.0,16,0
R_45_barabasi_albert_0.15_0_emp,DETERMINISTIC_EMPIRICAL_ABM,barabasi_albert,0.15,45,0,empirical,11,498,0,2,2,0.004,0,0.0012380819626239,0.0003295956104831,0.0018152066289457,0.0,0.0,16,0
R_45_barabasi_albert_0.15_0_emp,DETERMINISTIC_EMPIRICAL_ABM,barabasi_albert,0.15,45,0,empirical,12,498,0,2,2,0.004,0,0.0012380819626239,0.0003295956104831,0.0018152066289457,0.0,0.0,16,0
R_45_barabasi_albert_0.15_0_emp,DETERMINISTIC_EMPIRICAL_ABM,barabasi_albert,0.15,45,0,empirical,13,498,0,2,2,0.004,0,0.0012380819626239,0.0003295956104831,0.0018152066289457,0.0,0.0,16,0
R_45_barabasi_albert_0.15_0_emp,DETERMINISTIC_EMPIRICAL_ABM,barabasi_albert,0.15,45,0,empirical,14,498,0,2,2,0.004,0,0.0012380819626239,0.0003295956104831,0.0018152066289457,0.0,0.0,16,0
R_45_barabasi_albert_0.15_0_emp,DETERMINISTIC_EMPIRICAL_ABM,barabasi_albert,0.15,45,0,empirical,15,498,0,2,2,0.004,0,0.0012380819626239,0.0003295956104831,0.0018152066289457,0.0,0.0,16,0
R_45_barabasi_albert_0.15_0_emp,DETERMINISTIC_EMPIRICAL_ABM,barabasi_albert,0.15,45,0,empirical,16,498,0,2,2,0.004,0,0.0012380819626239,0.0003295956104831,0.0018152066289457,0.0,0.0,16,0
R_45_barabasi_albert_0.15_0_emp,DETERMINISTIC_EMPIRICAL_ABM,barabasi_albert,0.15,45,0,empirical,17,498,0,2,2,0.004,0,0.0012380819626239,0.0003295956104831,0.0018152066289457,0.0,0.0,16,0
R_45_barabasi_albert_0.15_0_emp,DETERMINISTIC_EMPIRICAL_ABM,barabasi_albert,0.15,45,0,empirical,18,498,0,2,2,0.004,0,0.0012380819626239,0.0003295956104831,0.0018152066289457,0.0,0.0,16,0
R_45_barabasi_albert_0.15_0_emp,DETERMINISTIC_EMPIRICAL_ABM,barabasi_albert,0.15,45,0,empirical,19,498,0,2,2,0.004,0,0.0012380819626239,0.0003295956104831,0.0018152066289457,0.0,0.0,16,0
R_45_barabasi_albert_0.15_0_emp,DETERMINISTIC_EMPIRICAL_ABM,barabasi_albert,0.15,45,0,empirical,20,498,0,2,2,0.004,0,0.0012380819626239,0.0003295956104831,0.0018152066289457,0.0,0.0,16,0
R_45_barabasi_albert_0.15_0_emp,DETERMINISTIC_EMPIRICAL_ABM,barabasi_albert,0.15,45,0,empirical,21,498,0,2,2,0.004,0,0.0012380819626239,0.0003295956104831,0.0018152066289457,0.0,0.0,16,0
R_45_barabasi_albert_0.15_0_emp,DETERMINISTIC_EMPIRICAL_ABM,barabasi_albert,0.15,45,0,empirical,22,498,0,2,2,0.004,0,0.0012380819626239,0.0003295956104831,0.0018152066289457,0.0,0.0,16,0
R_45_barabasi_albert_0.15_0_emp,DETERMINISTIC_EMPIRICAL_ABM,barabasi_albert,0.15,45,0,empirical,23,498,0,2,2,0.004,0,0.0012380819626239,0.0003295956104831,0.0018152066289457,0.0,0.0,16,0
R_45_barabasi_albert_0.15_0_emp,DETERMINISTIC_EMPIRICAL_ABM,barabasi_albert,0.15,45,0,empirical,24,498,0,2,2,0.004,0,0.0012380819626239,0.0003295956104831,0.0018152066289457,0.0,0.0,16,0
R_45_barabasi_albert_0.3_0_const,DETERMINISTIC_EMPIRICAL_ABM,barabasi_albert,0.3,45,0,constant,0,498,2,0,2,0.004,5,0.0012380819626239,0.0012380819626239,0.0012380819626239,0.0072,0.0,0,0
R_45_barabasi_albert_0.3_0_const,DETERMINISTIC_EMPIRICAL_ABM,barabasi_albert,0.3,45,0,constant,1,498,2,0,2,0.004,0,0.0012380819626239,0.0012380819626239,0.0012380819626239,0.0072,0.0,12,0
R_45_barabasi_albert_0.3_0_const,DETERMINISTIC_EMPIRICAL_ABM,barabasi_albert,0.3,45,0,constant,2,498,0,2,2,0.004,0,0.0012380819626239,0.0012380819626239,0.0012380819626239,0.0,0.0,16,0
R_45_barabasi_albert_0.3_0_const,DETERMINISTIC_EMPIRICAL_ABM,barabasi_albert,0.3,45,0,constant,3,498,0,2,2,0.004,0,0.0012380819626239,0.0012380819626239,0.0012380819626239,0.0,0.0,16,0
R_45_barabasi_albert_0.3_0_const,DETERMINISTIC_EMPIRICAL_ABM,barabasi_albert,0.3,45,0,constant,4,498,0,2,2,0.004,0,0.0012380819626239,0.0012380819626239,0.0012380819626239,0.0,0.0,16,0
R_45_barabasi_albert_0.3_0_const,DETERMINISTIC_EMPIRICAL_ABM,barabasi_albert,0.3,45,0,constant,5,498,0,2,2,0.004,0,0.0012380819626239,0.0012380819626239,0.0012380819626239,0.0,0.0,16,0
R_45_barabasi_albert_0.3_0_const,DETERMINISTIC_EMPIRICAL_ABM,barabasi_albert,0.3,45,0,constant,6,498,0,2,2,0.004,0,0.0012380819626239,0.0012380819626239,0.0012380819626239,0.0,0.0,16,0
R_45_barabasi_albert_0.3_0_const,DETERMINISTIC_EMPIRICAL_ABM,barabasi_albert,0.3,45,0,constant,7,498,0,2,2,0.004,0,0.0012380819626239,0.0012380819626239,0.0012380819626239,0.0,0.0,16,0
R_45_barabasi_albert_0.3_0_const,DETERMINISTIC_EMPIRICAL_ABM,barabasi_albert,0.3,45,0,constant,8,498,0,2,2,0.004,0,0.0012380819626239,0.0012380819626239,0.0012380819626239,0.0,0.0,16,0
R_45_barabasi_albert_0.3_0_const,DETERMINISTIC_EMPIRICAL_ABM,barabasi_albert,0.3,45,0,constant,9,498,0,2,2,0.004,0,0.0012380819626239,0.0012380819626239,0.0012380819626239,0.0,0.0,16,0
R_45_barabasi_albert_0.3_0_const,DETERMINISTIC_EMPIRICAL_ABM,barabasi_albert,0.3,45,0,constant,10,498,0,2,2,0.004,0,0.0012380819626239,0.0012380819626239,0.0012380819626239,0.0,0.0,16,0
R_45_barabasi_albert_0.3_0_const,DETERMINISTIC_EMPIRICAL_ABM,barabasi_albert,0.3,45,0,constant,11,498,0,2,2,0.004,0,0.0012380819626239,0.0012380819626239,0.0012380819626239,0.0,0.0,16,0
R_45_barabasi_albert_0.3_0_const,DETERMINISTIC_EMPIRICAL_ABM,barabasi_albert,0.3,45,0,constant,12,498,0,2,2,0.004,0,0.0012380819626239,0.0012380819626239,0.0012380819626239,0.0,0.0,16,0
R_45_barabasi_albert_0.3_0_const,DETERMINISTIC_EMPIRICAL_ABM,barabasi_albert,0.3,45,0,constant,13,498,0,2,2,0.004,0,0.0012380819626239,0.0012380819626239,0.0012380819626239,0.0,0.0,16,0
R_45_barabasi_albert_0.3_0_const,DETERMINISTIC_EMPIRICAL_ABM,barabasi_albert,0.3,45,0,constant,14,498,0,2,2,0.004,0,0.0012380819626239,0.0012380819626239,0.0012380819626239,0.0,0.0,16,0
R_45_barabasi_albert_0.3_0_const,DETERMINISTIC_EMPIRICAL_ABM,barabasi_albert,0.3,45,0,constant,15,498,0,2,2,0.004,0,0.0012380819626239,0.0012380819626239,0.0012380819626239,0.0,0.0,16,0
R_45_barabasi_albert_0.3_0_const,DETERMINISTIC_EMPIRICAL_ABM,barabasi_albert,0.3,45,0,constant,16,498,0,2,2,0.004,0,0.0012380819626239,0.0012380819626239,0.0012380819626239,0.0,0.0,16,0
R_45_barabasi_albert_0.3_0_const,DETERMINISTIC_EMPIRICAL_ABM,barabasi_albert,0.3,45,0,constant,17,498,0,2,2,0.004,0,0.0012380819626239,0.0012380819626239,0.0012380819626239,0.0,0.0,16,0
R_45_barabasi_albert_0.3_0_const,DETERMINISTIC_EMPIRICAL_ABM,barabasi_albert,0.3,45,0,constant,18,498,0,2,2,0.004,0,0.0012380819626239,0.0012380819626239,0.0012380819626239,0.0,0.0,16,0
R_45_barabasi_albert_0.3_0_const,DETERMINISTIC_EMPIRICAL_ABM,barabasi_albert,0.3,45,0,constant,19,498,0,2,2,0.004,0,0.0012380819626239,0.0012380819626239,0.0012380819626239,0.0,0.0,16,0
R_45_barabasi_albert_0.3_0_const,DETERMINISTIC_EMPIRICAL_ABM,barabasi_albert,0.3,45,0,constant,20,498,0,2,2,0.004,0,0.0012380819626239,0.0012380819626239,0.0012380819626239,0.0,0.0,16,0
R_45_barabasi_albert_0.3_0_const,DETERMINISTIC_EMPIRICAL_ABM,barabasi_albert,0.3,45,0,constant,21,498,0,2,2,0.004,0,0.0012380819626239,0.0012380819626239,0.0012380819626239,0.0,0.0,16,0
R_45_barabasi_albert_0.3_0_const,DETERMINISTIC_EMPIRICAL_ABM,barabasi_albert,0.3,45,0,constant,22,498,0,2,2,0.004,0,0.0012380819626239,0.0012380819626239,0.0012380819626239,0.0,0.0,16,0
R_45_barabasi_albert_0.3_0_const,DETERMINISTIC_EMPIRICAL_ABM,barabasi_albert,0.3,45,0,constant,23,498,0,2,2,0.004,0,0.0012380819626239,0.0012380819626239,0.0012380819626239,0.0,0.0,16,0
R_45_barabasi_albert_0.3_0_const,DETERMINISTIC_EMPIRICAL_ABM,barabasi_albert,0.3,45,0,constant,24,498,0,2,2,0.004,0,0.0012380819626239,0.0012380819626239,0.0012380819626239,0.0,0.0,16,0
R_45_barabasi_albert_0.3_0_emp,DETERMINISTIC_EMPIRICAL_ABM,barabasi_albert,0.3,45,0,empirical,0,498,2,0,2,0.004,5,0.0012380819626239,0.0003295956104831,0.0018152066289457,0.0072,0.0,0,0
R_45_barabasi_albert_0.3_0_emp,DETERMINISTIC_EMPIRICAL_ABM,barabasi_albert,0.3,45,0,empirical,1,498,2,0,2,0.004,0,0.0012380819626239,0.0003295956104831,0.0018152066289457,0.0072,0.0,12,0
R_45_barabasi_albert_0.3_0_emp,DETERMINISTIC_EMPIRICAL_ABM,barabasi_albert,0.3,45,0,empirical,2,498,0,2,2,0.004,0,0.0012380819626239,0.0003295956104831,0.0018152066289457,0.0,0.0,16,0
R_45_barabasi_albert_0.3_0_emp,DETERMINISTIC_EMPIRICAL_ABM,barabasi_albert,0.3,45,0,empirical,3,498,0,2,2,0.004,0,0.0012380819626239,0.0003295956104831,0.0018152066289457,0.0,0.0,16,0
R_45_barabasi_albert_0.3_0_emp,DETERMINISTIC_EMPIRICAL_ABM,barabasi_albert,0.3,45,0,empirical,4,498,0,2,2,0.004,0,0.0012380819626239,0.0003295956104831,0.0018152066289457,0.0,0.0,16,0
R_45_barabasi_albert_0.3_0_emp,DETERMINISTIC_EMPIRICAL_ABM,barabasi_albert,0.3,45,0,empirical,5,498,0,2,2,0.004,0,0.0012380819626239,0.0003295956104831,0.0018152066289457,0.0,0.0,16,0
R_45_barabasi_albert_0.3_0_emp,DETERMINISTIC_EMPIRICAL_ABM,barabasi_albert,0.3,45,0,empirical,6,498,0,2,2,0.004,0,0.0012380819626239,0.0003295956104831,0.0018152066289457,0.0,0.0,16,0
R_45_barabasi_albert_0.3_0_emp,DETERMINISTIC_EMPIRICAL_ABM,barabasi_albert,0.3,45,0,empirical,7,498,0,2,2,0.004,0,0.0012380819626239,0.0003295956104831,0.0018152066289457,0.0,0.0,16,0
R_45_barabasi_albert_0.3_0_emp,DETERMINISTIC_EMPIRICAL_ABM,barabasi_albert,0.3,45,0,empirical,8,498,0,2,2,0.004,0,0.0012380819626239,0.0003295956104831,0.0018152066289457,0.0,0.0,16,0
R_45_barabasi_albert_0.3_0_emp,DETERMINISTIC_EMPIRICAL_ABM,barabasi_albert,0.3,45,0,empirical,9,498,0,2,2,0.004,0,0.0012380819626239,0.0003295956104831,0.0018152066289457,0.0,0.0,16,0
R_45_barabasi_albert_0.3_0_emp,DETERMINISTIC_EMPIRICAL_ABM,barabasi_albert,0.3,45,0,empirical,10,498,0,2,2,0.004,0,0.0012380819626239,0.0003295956104831,0.0018152066289457,0.0,0.0,16,0
R_45_barabasi_albert_0.3_0_emp,DETERMINISTIC_EMPIRICAL_ABM,barabasi_albert,0.3,45,0,empirical,11,498,0,2,2,0.004,0,0.0012380819626239,0.0003295956104831,0.0018152066289457,0.0,0.0,16,0
R_45_barabasi_albert_0.3_0_emp,DETERMINISTIC_EMPIRICAL_ABM,barabasi_albert,0.3,45,0,empirical,12,498,0,2,2,0.004,0,0.0012380819626239,0.0003295956104831,0.0018152066289457,0.0,0.0,16,0
R_45_barabasi_albert_0.3_0_emp,DETERMINISTIC_EMPIRICAL_ABM,barabasi_albert,0.3,45,0,empirical,13,498,0,2,2,0.004,0,0.0012380819626239,0.0003295956104831,0.0018152066289457,0.0,0.0,16,0
R_45_barabasi_albert_0.3_0_emp,DETERMINISTIC_EMPIRICAL_ABM,barabasi_albert,0.3,45,0,empirical,14,498,0,2,2,0.004,0,0.0012380819626239,0.0003295956104831,0.0018152066289457,0.0,0.0,16,0
R_45_barabasi_albert_0.3_0_emp,DETERMINISTIC_EMPIRICAL_ABM,barabasi_albert,0.3,45,0,empirical,15,498,0,2,2,0.004,0,0.0012380819626239,0.0003295956104831,0.0018152066289457,0.0,0.0,16,0
R_45_barabasi_albert_0.3_0_emp,DETERMINISTIC_EMPIRICAL_ABM,barabasi_albert,0.3,45,0,empirical,16,498,0,2,2,0.004,0,0.0012380819626239,0.0003295956104831,0.0018152066289457,0.0,0.0,16,0
R_45_barabasi_albert_0.3_0_emp,DETERMINISTIC_EMPIRICAL_ABM,barabasi_albert,0.3,45,0,empirical,17,498,0,2,2,0.004,0,0.0012380819626239,0.0003295956104831,0.0018152066289457,0.0,0.0,16,0
R_45_barabasi_albert_0.3_0_emp,DETERMINISTIC_EMPIRICAL_ABM,barabasi_albert,0.3,45,0,empirical,18,498,0,2,2,0.004,0,0.0012380819626239,0.0003295956104831,0.0018152066289457,0.0,0.0,16,0
R_45_barabasi_albert_0.3_0_emp,DETERMINISTIC_EMPIRICAL_ABM,barabasi_albert,0.3,45,0,empirical,19,498,0,2,2,0.004,0,0.0012380819626239,0.0003295956104831,0.0018152066289457,0.0,0.0,16,0
R_45_barabasi_albert_0.3_0_emp,DETERMINISTIC_EMPIRICAL_ABM,barabasi_albert,0.3,45,0,empirical,20,498,0,2,2,0.004,0,0.0012380819626239,0.0003295956104831,0.0018152066289457,0.0,0.0,16,0
R_45_barabasi_albert_0.3_0_emp,DETERMINISTIC_EMPIRICAL_ABM,barabasi_albert,0.3,45,0,empirical,21,498,0,2,2,0.004,0,0.0012380819626239,0.0003295956104831,0.0018152066289457,0.0,0.0,16,0
R_45_barabasi_albert_0.3_0_emp,DETERMINISTIC_EMPIRICAL_ABM,barabasi_albert,0.3,45,0,empirical,22,498,0,2,2,0.004,0,0.0012380819626239,0.0003295956104831,0.0018152066289457,0.0,0.0,16,0
R_45_barabasi_albert_0.3_0_emp,DETERMINISTIC_EMPIRICAL_ABM,barabasi_albert,0.3,45,0,empirical,23,498,0,2,2,0.004,0,0.0012380819626239,0.0003295956104831,0.0018152066289457,0.0,0.0,16,0
R_45_barabasi_albert_0.3_0_emp,DETERMINISTIC_EMPIRICAL_ABM,barabasi_albert,0.3,45,0,empirical,24,498,0,2,2,0.004,0,0.0012380819626239,0.0003295956104831,0.0018152066289457,0.0,0.0,16,0
R_45_STATIC_0_emp,STATIC_BASELINE,,,45,0,empirical,0,498,2,0,2,0.004,5,0.0012380819626239,0.0003295956104831,0.0018152066289457,0.0,0.0,0,0
R_45_STATIC_0_emp,STATIC_BASELINE,,,45,0,empirical,1,498,2,0,2,0.004,0,0.0012380819626239,0.0003295956104831,0.0018152066289457,0.0,0.0,0,0
R_45_STATIC_0_emp,STATIC_BASELINE,,,45,0,empirical,2,498,0,2,2,0.004,0,0.0012380819626239,0.0003295956104831,0.0018152066289457,0.0,0.0,0,0
R_45_STATIC_0_emp,STATIC_BASELINE,,,45,0,empirical,3,498,0,2,2,0.004,0,0.0012380819626239,0.0003295956104831,0.0018152066289457,0.0,0.0,0,0
R_45_STATIC_0_emp,STATIC_BASELINE,,,45,0,empirical,4,498,0,2,2,0.004,0,0.0012380819626239,0.0003295956104831,0.0018152066289457,0.0,0.0,0,0
R_45_STATIC_0_emp,STATIC_BASELINE,,,45,0,empirical,5,498,0,2,2,0.004,0,0.0012380819626239,0.0003295956104831,0.0018152066289457,0.0,0.0,0,0
R_45_STATIC_0_emp,STATIC_BASELINE,,,45,0,empirical,6,498,0,2,2,0.004,0,0.0012380819626239,0.0003295956104831,0.0018152066289457,0.0,0.0,0,0
R_45_STATIC_0_emp,STATIC_BASELINE,,,45,0,empirical,7,498,0,2,2,0.004,0,0.0012380819626239,0.0003295956104831,0.0018152066289457,0.0,0.0,0,0
R_45_STATIC_0_emp,STATIC_BASELINE,,,45,0,empirical,8,498,0,2,2,0.004,0,0.0012380819626239,0.0003295956104831,0.0018152066289457,0.0,0.0,0,0
R_45_STATIC_0_emp,STATIC_BASELINE,,,45,0,empirical,9,498,0,2,2,0.004,0,0.0012380819626239,0.0003295956104831,0.0018152066289457,0.0,0.0,0,0
R_45_STATIC_0_emp,STATIC_BASELINE,,,45,0,empirical,10,498,0,2,2,0.004,0,0.0012380819626239,0.0003295956104831,0.0018152066289457,0.0,0.0,0,0
R_45_STATIC_0_emp,STATIC_BASELINE,,,45,0,empirical,11,498,0,2,2,0.004,0,0.0012380819626239,0.0003295956104831,0.0018152066289457,0.0,0.0,0,0
R_45_STATIC_0_emp,STATIC_BASELINE,,,45,0,empirical,12,498,0,2,2,0.004,0,0.0012380819626239,0.0003295956104831,0.0018152066289457,0.0,0.0,0,0
R_45_STATIC_0_emp,STATIC_BASELINE,,,45,0,empirical,13,498,0,2,2,0.004,0,0.0012380819626239,0.0003295956104831,0.0018152066289457,0.0,0.0,0,0
R_45_STATIC_0_emp,STATIC_BASELINE,,,45,0,empirical,14,498,0,2,2,0.004,0,0.0012380819626239,0.0003295956104831,0.0018152066289457,0.0,0.0,0,0
R_45_STATIC_0_emp,STATIC_BASELINE,,,45,0,empirical,15,498,0,2,2,0.004,0,0.0012380819626239,0.0003295956104831,0.0018152066289457,0.0,0.0,0,0
R_45_STATIC_0_emp,STATIC_BASELINE,,,45,0,empirical,16,498,0,2,2,0.004,0,0.0012380819626239,0.0003295956104831,0.0018152066289457,0.0,0.0,0,0
R_45_STATIC_0_emp,STATIC_BASELINE,,,45,0,empirical,17,498,0,2,2,0.004,0,0.0012380819626239,0.0003295956104831,0.0018152066289457,0.0,0.0,0,0
R_45_STATIC_0_emp,STATIC_BASELINE,,,45,0,empirical,18,498,0,2,2,0.004,0,0.0012380819626239,0.0003295956104831,0.0018152066289457,0.0,0.0,0,0
R_45_STATIC_0_emp,STATIC_BASELINE,,,45,0,empirical,19,498,0,2,2,0.004,0,0.0012380819626239,0.0003295956104831,0.0018152066289457,0.0,0.0,0,0
R_45_STATIC_0_emp,STATIC_BASELINE,,,45,0,empirical,20,498,0,2,2,0.004,0,0.0012380819626239,0.0003295956104831,0.0018152066289457,0.0,0.0,0,0
R_45_STATIC_0_emp,STATIC_BASELINE,,,45,0,empirical,21,498,0,2,2,0.004,0,0.0012380819626239,0.0003295956104831,0.0018152066289457,0.0,0.0,0,0
R_45_STATIC_0_emp,STATIC_BASELINE,,,45,0,empirical,22,498,0,2,2,0.004,0,0.0012380819626239,0.0003295956104831,0.0018152066289457,0.0,0.0,0,0
R_45_STATIC_0_emp,STATIC_BASELINE,,,45,0,empirical,23,498,0,2,2,0.004,0,0.0012380819626239,0.0003295956104831,0.0018152066289457,0.0,0.0,0,0
R_45_STATIC_0_emp,STATIC_BASELINE,,,45,0,empirical,24,498,0,2,2,0.004,0,0.0012380819626239,0.0003295956104831,0.0018152066289457,0.0,0.0,0,0
R_45_watts_strogatz_0.05_0_const,DETERMINISTIC_EMPIRICAL_ABM,watts_strogatz,0.05,45,0,constant,0,498,2,0,2,0.004,5,0.0012380819626239,0.0012380819626239,0.0012380819626239,0.0008,0.0,0,0
R_45_watts_strogatz_0.05_0_const,DETERMINISTIC_EMPIRICAL_ABM,watts_strogatz,0.05,45,0,constant,1,498,2,0,2,0.004,0,0.0012380819626239,0.0012380819626239,0.0012380819626239,0.0008,0.0,0,0
R_45_watts_strogatz_0.05_0_const,DETERMINISTIC_EMPIRICAL_ABM,watts_strogatz,0.05,45,0,constant,2,498,0,2,2,0.004,0,0.0012380819626239,0.0012380819626239,0.0012380819626239,0.0,0.0,0,0
R_45_watts_strogatz_0.05_0_const,DETERMINISTIC_EMPIRICAL_ABM,watts_strogatz,0.05,45,0,constant,3,498,0,2,2,0.004,0,0.0012380819626239,0.0012380819626239,0.0012380819626239,0.0,0.0,0,0
R_45_watts_strogatz_0.05_0_const,DETERMINISTIC_EMPIRICAL_ABM,watts_strogatz,0.05,45,0,constant,4,498,0,2,2,0.004,0,0.0012380819626239,0.0012380819626239,0.0012380819626239,0.0,0.0,0,0
R_45_watts_strogatz_0.05_0_const,DETERMINISTIC_EMPIRICAL_ABM,watts_strogatz,0.05,45,0,constant,5,498,0,2,2,0.004,0,0.0012380819626239,0.0012380819626239,0.0012380819626239,0.0,0.0,0,0
R_45_watts_strogatz_0.05_0_const,DETERMINISTIC_EMPIRICAL_ABM,watts_strogatz,0.05,45,0,constant,6,498,0,2,2,0.004,0,0.0012380819626239,0.0012380819626239,0.0012380819626239,0.0,0.0,0,0
R_45_watts_strogatz_0.05_0_const,DETERMINISTIC_EMPIRICAL_ABM,watts_strogatz,0.05,45,0,constant,7,498,0,2,2,0.004,0,0.0012380819626239,0.0012380819626239,0.0012380819626239,0.0,0.0,0,0
R_45_watts_strogatz_0.05_0_const,DETERMINISTIC_EMPIRICAL_ABM,watts_strogatz,0.05,45,0,constant,8,498,0,2,2,0.004,0,0.0012380819626239,0.0012380819626239,0.0012380819626239,0.0,0.0,0,0
R_45_watts_strogatz_0.05_0_const,DETERMINISTIC_EMPIRICAL_ABM,watts_strogatz,0.05,45,0,constant,9,498,0,2,2,0.004,0,0.0012380819626239,0.0012380819626239,0.0012380819626239,0.0,0.0,0,0
R_45_watts_strogatz_0.05_0_const,DETERMINISTIC_EMPIRICAL_ABM,watts_strogatz,0.05,45,0,constant,10,498,0,2,2,0.004,0,0.0012380819626239,0.0012380819626239,0.0012380819626239,0.0,0.0,0,0
R_45_watts_strogatz_0.05_0_const,DETERMINISTIC_EMPIRICAL_ABM,watts_strogatz,0.05,45,0,constant,11,498,0,2,2,0.004,0,0.0012380819626239,0.0012380819626239,0.0012380819626239,0.0,0.0,0,0
R_45_watts_strogatz_0.05_0_const,DETERMINISTIC_EMPIRICAL_ABM,watts_strogatz,0.05,45,0,constant,12,498,0,2,2,0.004,0,0.0012380819626239,0.0012380819626239,0.0012380819626239,0.0,0.0,0,0
R_45_watts_strogatz_0.05_0_const,DETERMINISTIC_EMPIRICAL_ABM,watts_strogatz,0.05,45,0,constant,13,498,0,2,2,0.004,0,0.0012380819626239,0.0012380819626239,0.0012380819626239,0.0,0.0,0,0
R_45_watts_strogatz_0.05_0_const,DETERMINISTIC_EMPIRICAL_ABM,watts_strogatz,0.05,45,0,constant,14,498,0,2,2,0.004,0,0.0012380819626239,0.0012380819626239,0.0012380819626239,0.0,0.0,0,0
R_45_watts_strogatz_0.05_0_const,DETERMINISTIC_EMPIRICAL_ABM,watts_strogatz,0.05,45,0,constant,15,498,0,2,2,0.004,0,0.0012380819626239,0.0012380819626239,0.0012380819626239,0.0,0.0,0,0
R_45_watts_strogatz_0.05_0_const,DETERMINISTIC_EMPIRICAL_ABM,watts_strogatz,0.05,45,0,constant,16,498,0,2,2,0.004,0,0.0012380819626239,0.0012380819626239,0.0012380819626239,0.0,0.0,0,0
R_45_watts_strogatz_0.05_0_const,DETERMINISTIC_EMPIRICAL_ABM,watts_strogatz,0.05,45,0,constant,17,498,0,2,2,0.004,0,0.0012380819626239,0.0012380819626239,0.0012380819626239,0.0,0.0,0,0
R_45_watts_strogatz_0.05_0_const,DETERMINISTIC_EMPIRICAL_ABM,watts_strogatz,0.05,45,0,constant,18,498,0,2,2,0.004,0,0.0012380819626239,0.0012380819626239,0.0012380819626239,0.0,0.0,0,0
R_45_watts_strogatz_0.05_0_const,DETERMINISTIC_EMPIRICAL_ABM,watts_strogatz,0.05,45,0,constant,19,498,0,2,2,0.004,0,0.0012380819626239,0.0012380819626239,0.0012380819626239,0.0,0.0,0,0
R_45_watts_strogatz_0.05_0_const,DETERMINISTIC_EMPIRICAL_ABM,watts_strogatz,0.05,45,0,constant,20,498,0,2,2,0.004,0,0.0012380819626239,0.0012380819626239,0.0012380819626239,0.0,0.0,0,0
R_45_watts_strogatz_0.05_0_const,DETERMINISTIC_EMPIRICAL_ABM,watts_strogatz,0.05,45,0,constant,21,498,0,2,2,0.004,0,0.0012380819626239,0.0012380819626239,0.0012380819626239,0.0,0.0,0,0
R_45_watts_strogatz_0.05_0_const,DETERMINISTIC_EMPIRICAL_ABM,watts_strogatz,0.05,45,0,constant,22,498,0,2,2,0.004,0,0.0012380819626239,0.0012380819626239,0.0012380819626239,0.0,0.0,0,0
R_45_watts_strogatz_0.05_0_const,DETERMINISTIC_EMPIRICAL_ABM,watts_strogatz,0.05,45,0,constant,23,498,0,2,2,0.004,0,0.0012380819626239,0.0012380819626239,0.0012380819626239,0.0,0.0,0,0
R_45_watts_strogatz_0.05_0_const,DETERMINISTIC_EMPIRICAL_ABM,watts_strogatz,0.05,45,0,constant,24,498,0,2,2,0.004,0,0.0012380819626239,0.0012380819626239,0.0012380819626239,0.0,0.0,0,0
R_45_watts_strogatz_0.05_0_emp,DETERMINISTIC_EMPIRICAL_ABM,watts_strogatz,0.05,45,0,empirical,0,498,2,0,2,0.004,5,0.0012380819626239,0.0003295956104831,0.0018152066289457,0.0008,0.0,0,0
R_45_watts_strogatz_0.05_0_emp,DETERMINISTIC_EMPIRICAL_ABM,watts_strogatz,0.05,45,0,empirical,1,498,2,0,2,0.004,0,0.0012380819626239,0.0003295956104831,0.0018152066289457,0.0008,0.0,0,0
R_45_watts_strogatz_0.05_0_emp,DETERMINISTIC_EMPIRICAL_ABM,watts_strogatz,0.05,45,0,empirical,2,498,0,2,2,0.004,0,0.0012380819626239,0.0003295956104831,0.0018152066289457,0.0,0.0,0,0
R_45_watts_strogatz_0.05_0_emp,DETERMINISTIC_EMPIRICAL_ABM,watts_strogatz,0.05,45,0,empirical,3,498,0,2,2,0.004,0,0.0012380819626239,0.0003295956104831,0.0018152066289457,0.0,0.0,0,0
R_45_watts_strogatz_0.05_0_emp,DETERMINISTIC_EMPIRICAL_ABM,watts_strogatz,0.05,45,0,empirical,4,498,0,2,2,0.004,0,0.0012380819626239,0.0003295956104831,0.0018152066289457,0.0,0.0,0,0
R_45_watts_strogatz_0.05_0_emp,DETERMINISTIC_EMPIRICAL_ABM,watts_strogatz,0.05,45,0,empirical,5,498,0,2,2,0.004,0,0.0012380819626239,0.0003295956104831,0.0018152066289457,0.0,0.0,0,0
R_45_watts_strogatz_0.05_0_emp,DETERMINISTIC_EMPIRICAL_ABM,watts_strogatz,0.05,45,0,empirical,6,498,0,2,2,0.004,0,0.0012380819626239,0.0003295956104831,0.0018152066289457,0.0,0.0,0,0
R_45_watts_strogatz_0.05_0_emp,DETERMINISTIC_EMPIRICAL_ABM,watts_strogatz,0.05,45,0,empirical,7,498,0,2,2,0.004,0,0.0012380819626239,0.0003295956104831,0.0018152066289457,0.0,0.0,0,0
R_45_watts_strogatz_0.05_0_emp,DETERMINISTIC_EMPIRICAL_ABM,watts_strogatz,0.05,45,0,empirical,8,498,0,2,2,0.004,0,0.0012380819626239,0.0003295956104831,0.0018152066289457,0.0,0.0,0,0
R_45_watts_strogatz_0.05_0_emp,DETERMINISTIC_EMPIRICAL_ABM,watts_strogatz,0.05,45,0,empirical,9,498,0,2,2,0.004,0,0.0012380819626239,0.0003295956104831,0.0018152066289457,0.0,0.0,0,0
R_45_watts_strogatz_0.05_0_emp,DETERMINISTIC_EMPIRICAL_ABM,watts_strogatz,0.05,45,0,empirical,10,498,0,2,2,0.004,0,0.0012380819626239,0.0003295956104831,0.0018152066289457,0.0,0.0,0,0
R_45_watts_strogatz_0.05_0_emp,DETERMINISTIC_EMPIRICAL_ABM,watts_strogatz,0.05,45,0,empirical,11,498,0,2,2,0.004,0,0.0012380819626239,0.0003295956104831,0.0018152066289457,0.0,0.0,0,0
R_45_watts_strogatz_0.05_0_emp,DETERMINISTIC_EMPIRICAL_ABM,watts_strogatz,0.05,45,0,empirical,12,498,0,2,2,0.004,0,0.0012380819626239,0.0003295956104831,0.0018152066289457,0.0,0.0,0,0
R_45_watts_strogatz_0.05_0_emp,DETERMINISTIC_EMPIRICAL_ABM,watts_strogatz,0.05,45,0,empirical,13,498,0,2,2,0.004,0,0.0012380819626239,0.0003295956104831,0.0018152066289457,0.0,0.0,0,0
R_45_watts_strogatz_0.05_0_emp,DETERMINISTIC_EMPIRICAL_ABM,watts_strogatz,0.05,45,0,empirical,14,498,0,2,2,0.004,0,0.0012380819626239,0.0003295956104831,0.0018152066289457,0.0,0.0,0,0
R_45_watts_strogatz_0.05_0_emp,DETERMINISTIC_EMPIRICAL_ABM,watts_strogatz,0.05,45,0,empirical,15,498,0,2,2,0.004,0,0.0012380819626239,0.0003295956104831,0.0018152066289457,0.0,0.0,0,0
R_45_watts_strogatz_0.05_0_emp,DETERMINISTIC_EMPIRICAL_ABM,watts_strogatz,0.05,45,0,empirical,16,498,0,2,2,0.004,0,0.0012380819626239,0.0003295956104831,0.0018152066289457,0.0,0.0,0,0
R_45_watts_strogatz_0.05_0_emp,DETERMINISTIC_EMPIRICAL_ABM,watts_strogatz,0.05,45,0,empirical,17,498,0,2,2,0.004,0,0.0012380819626239,0.0003295956104831,0.0018152066289457,0.0,0.0,0,0
R_45_watts_strogatz_0.05_0_emp,DETERMINISTIC_EMPIRICAL_ABM,watts_strogatz,0.05,45,0,empirical,18,498,0,2,2,0.004,0,0.0012380819626239,0.0003295956104831,0.0018152066289457,0.0,0.0,0,0
R_45_watts_strogatz_0.05_0_emp,DETERMINISTIC_EMPIRICAL_ABM,watts_strogatz,0.05,45,0,empirical,19,498,0,2,2,0.004,0,0.0012380819626239,0.0003295956104831,0.0018152066289457,0.0,0.0,0,0
R_45_watts_strogatz_0.05_0_emp,DETERMINISTIC_EMPIRICAL_ABM,watts_strogatz,0.05,45,0,empirical,20,498,0,2,2,0.004,0,0.0012380819626239,0.0003295956104831,0.0018152066289457,0.0,0.0,0,0
R_45_watts_strogatz_0.05_0_emp,DETERMINISTIC_EMPIRICAL_ABM,watts_strogatz,0.05,45,0,empirical,21,498,0,2,2,0.004,0,0.0012380819626239,0.0003295956104831,0.0018152066289457,0.0,0.0,0,0
R_45_watts_strogatz_0.05_0_emp,DETERMINISTIC_EMPIRICAL_ABM,watts_strogatz,0.05,45,0,empirical,22,498,0,2,2,0.004,0,0.0012380819626239,0.0003295956104831,0.0018152066289457,0.0,0.0,0,0
R_45_watts_strogatz_0.05_0_emp,DETERMINISTIC_EMPIRICAL_ABM,watts_strogatz,0.05,45,0,empirical,23,498,0,2,2,0.004,0,0.0012380819626239,0.0003295956104831,0.0018152066289457,0.0,0.0,0,0
R_45_watts_strogatz_0.05_0_emp,DETERMINISTIC_EMPIRICAL_ABM,watts_strogatz,0.05,45,0,empirical,24,498,0,2,2,0.004,0,0.0012380819626239,0.0003295956104831,0.0018152066289457,0.0,0.0,0,0
R_45_watts_strogatz_0.15_0_const,DETERMINISTIC_EMPIRICAL_ABM,watts_strogatz,0.15,45,0,constant,0,498,2,0,2,0.004,5,0.0012380819626239,0.0012380819626239,0.0012380819626239,0.0024,0.0,0,0
R_45_watts_strogatz_0.15_0_const,DETERMINISTIC_EMPIRICAL_ABM,watts_strogatz,0.15,45,0,constant,1,498,2,0,2,0.004,0,0.0012380819626239,0.0012380819626239,0.0012380819626239,0.0024,0.0,8,0
R_45_watts_strogatz_0.15_0_const,DETERMINISTIC_EMPIRICAL_ABM,watts_strogatz,0.15,45,0,constant,2,498,0,2,2,0.004,0,0.0012380819626239,0.0012380819626239,0.0012380819626239,0.0,0.0,12,0
R_45_watts_strogatz_0.15_0_const,DETERMINISTIC_EMPIRICAL_ABM,watts_strogatz,0.15,45,0,constant,3,498,0,2,2,0.004,0,0.0012380819626239,0.0012380819626239,0.0012380819626239,0.0,0.0,12,0
R_45_watts_strogatz_0.15_0_const,DETERMINISTIC_EMPIRICAL_ABM,watts_strogatz,0.15,45,0,constant,4,498,0,2,2,0.004,0,0.0012380819626239,0.0012380819626239,0.0012380819626239,0.0,0.0,12,0
R_45_watts_strogatz_0.15_0_const,DETERMINISTIC_EMPIRICAL_ABM,watts_strogatz,0.15,45,0,constant,5,498,0,2,2,0.004,0,0.0012380819626239,0.0012380819626239,0.0012380819626239,0.0,0.0,12,0
R_45_watts_strogatz_0.15_0_const,DETERMINISTIC_EMPIRICAL_ABM,watts_strogatz,0.15,45,0,constant,6,498,0,2,2,0.004,0,0.0012380819626239,0.0012380819626239,0.0012380819626239,0.0,0.0,12,0
R_45_watts_strogatz_0.15_0_const,DETERMINISTIC_EMPIRICAL_ABM,watts_strogatz,0.15,45,0,constant,7,498,0,2,2,0.004,0,0.0012380819626239,0.0012380819626239,0.0012380819626239,0.0,0.0,12,0
R_45_watts_strogatz_0.15_0_const,DETERMINISTIC_EMPIRICAL_ABM,watts_strogatz,0.15,45,0,constant,8,498,0,2,2,0.004,0,0.0012380819626239,0.0012380819626239,0.0012380819626239,0.0,0.0,12,0
R_45_watts_strogatz_0.15_0_const,DETERMINISTIC_EMPIRICAL_ABM,watts_strogatz,0.15,45,0,constant,9,498,0,2,2,0.004,0,0.0012380819626239,0.0012380819626239,0.0012380819626239,0.0,0.0,12,0
R_45_watts_strogatz_0.15_0_const,DETERMINISTIC_EMPIRICAL_ABM,watts_strogatz,0.15,45,0,constant,10,498,0,2,2,0.004,0,0.0012380819626239,0.0012380819626239,0.0012380819626239,0.0,0.0,12,0
R_45_watts_strogatz_0.15_0_const,DETERMINISTIC_EMPIRICAL_ABM,watts_strogatz,0.15,45,0,constant,11,498,0,2,2,0.004,0,0.0012380819626239,0.0012380819626239,0.0012380819626239,0.0,0.0,12,0
R_45_watts_strogatz_0.15_0_const,DETERMINISTIC_EMPIRICAL_ABM,watts_strogatz,0.15,45,0,constant,12,498,0,2,2,0.004,0,0.0012380819626239,0.0012380819626239,0.0012380819626239,0.0,0.0,12,0
R_45_watts_strogatz_0.15_0_const,DETERMINISTIC_EMPIRICAL_ABM,watts_strogatz,0.15,45,0,constant,13,498,0,2,2,0.004,0,0.0012380819626239,0.0012380819626239,0.0012380819626239,0.0,0.0,12,0
R_45_watts_strogatz_0.15_0_const,DETERMINISTIC_EMPIRICAL_ABM,watts_strogatz,0.15,45,0,constant,14,498,0,2,2,0.004,0,0.0012380819626239,0.0012380819626239,0.0012380819626239,0.0,0.0,12,0
R_45_watts_strogatz_0.15_0_const,DETERMINISTIC_EMPIRICAL_ABM,watts_strogatz,0.15,45,0,constant,15,498,0,2,2,0.004,0,0.0012380819626239,0.0012380819626239,0.0012380819626239,0.0,0.0,12,0
R_45_watts_strogatz_0.15_0_const,DETERMINISTIC_EMPIRICAL_ABM,watts_strogatz,0.15,45,0,constant,16,498,0,2,2,0.004,0,0.0012380819626239,0.0012380819626239,0.0012380819626239,0.0,0.0,12,0
R_45_watts_strogatz_0.15_0_const,DETERMINISTIC_EMPIRICAL_ABM,watts_strogatz,0.15,45,0,constant,17,498,0,2,2,0.004,0,0.0012380819626239,0.0012380819626239,0.0012380819626239,0.0,0.0,12,0
R_45_watts_strogatz_0.15_0_const,DETERMINISTIC_EMPIRICAL_ABM,watts_strogatz,0.15,45,0,constant,18,498,0,2,2,0.004,0,0.0012380819626239,0.0012380819626239,0.0012380819626239,0.0,0.0,12,0
R_45_watts_strogatz_0.15_0_const,DETERMINISTIC_EMPIRICAL_ABM,watts_strogatz,0.15,45,0,constant,19,498,0,2,2,0.004,0,0.0012380819626239,0.0012380819626239,0.0012380819626239,0.0,0.0,12,0
R_45_watts_strogatz_0.15_0_const,DETERMINISTIC_EMPIRICAL_ABM,watts_strogatz,0.15,45,0,constant,20,498,0,2,2,0.004,0,0.0012380819626239,0.0012380819626239,0.0012380819626239,0.0,0.0,12,0
R_45_watts_strogatz_0.15_0_const,DETERMINISTIC_EMPIRICAL_ABM,watts_strogatz,0.15,45,0,constant,21,498,0,2,2,0.004,0,0.0012380819626239,0.0012380819626239,0.0012380819626239,0.0,0.0,12,0
R_45_watts_strogatz_0.15_0_const,DETERMINISTIC_EMPIRICAL_ABM,watts_strogatz,0.15,45,0,constant,22,498,0,2,2,0.004,0,0.0012380819626239,0.0012380819626239,0.0012380819626239,0.0,0.0,12,0
R_45_watts_strogatz_0.15_0_const,DETERMINISTIC_EMPIRICAL_ABM,watts_strogatz,0.15,45,0,constant,23,498,0,2,2,0.004,0,0.0012380819626239,0.0012380819626239,0.0012380819626239,0.0,0.0,12,0
R_45_watts_strogatz_0.15_0_const,DETERMINISTIC_EMPIRICAL_ABM,watts_strogatz,0.15,45,0,constant,24,498,0,2,2,0.004,0,0.0012380819626239,0.0012380819626239,0.0012380819626239,0.0,0.0,12,0
R_45_watts_strogatz_0.15_0_emp,DETERMINISTIC_EMPIRICAL_ABM,watts_strogatz,0.15,45,0,empirical,0,498,2,0,2,0.004,5,0.0012380819626239,0.0003295956104831,0.0018152066289457,0.0024,0.0,0,0
R_45_watts_strogatz_0.15_0_emp,DETERMINISTIC_EMPIRICAL_ABM,watts_strogatz,0.15,45,0,empirical,1,498,2,0,2,0.004,0,0.0012380819626239,0.0003295956104831,0.0018152066289457,0.0024,0.0,8,0
R_45_watts_strogatz_0.15_0_emp,DETERMINISTIC_EMPIRICAL_ABM,watts_strogatz,0.15,45,0,empirical,2,498,0,2,2,0.004,0,0.0012380819626239,0.0003295956104831,0.0018152066289457,0.0,0.0,12,0
R_45_watts_strogatz_0.15_0_emp,DETERMINISTIC_EMPIRICAL_ABM,watts_strogatz,0.15,45,0,empirical,3,498,0,2,2,0.004,0,0.0012380819626239,0.0003295956104831,0.0018152066289457,0.0,0.0,12,0
R_45_watts_strogatz_0.15_0_emp,DETERMINISTIC_EMPIRICAL_ABM,watts_strogatz,0.15,45,0,empirical,4,498,0,2,2,0.004,0,0.0012380819626239,0.0003295956104831,0.0018152066289457,0.0,0.0,12,0
R_45_watts_strogatz_0.15_0_emp,DETERMINISTIC_EMPIRICAL_ABM,watts_strogatz,0.15,45,0,empirical,5,498,0,2,2,0.004,0,0.0012380819626239,0.0003295956104831,0.0018152066289457,0.0,0.0,12,0
R_45_watts_strogatz_0.15_0_emp,DETERMINISTIC_EMPIRICAL_ABM,watts_strogatz,0.15,45,0,empirical,6,498,0,2,2,0.004,0,0.0012380819626239,0.0003295956104831,0.0018152066289457,0.0,0.0,12,0
R_45_watts_strogatz_0.15_0_emp,DETERMINISTIC_EMPIRICAL_ABM,watts_strogatz,0.15,45,0,empirical,7,498,0,2,2,0.004,0,0.0012380819626239,0.0003295956104831,0.0018152066289457,0.0,0.0,12,0
R_45_watts_strogatz_0.15_0_emp,DETERMINISTIC_EMPIRICAL_ABM,watts_strogatz,0.15,45,0,empirical,8,498,0,2,2,0.004,0,0.0012380819626239,0.0003295956104831,0.0018152066289457,0.0,0.0,12,0
R_45_watts_strogatz_0.15_0_emp,DETERMINISTIC_EMPIRICAL_ABM,watts_strogatz,0.15,45,0,empirical,9,498,0,2,2,0.004,0,0.0012380819626239,0.0003295956104831,0.0018152066289457,0.0,0.0,12,0
R_45_watts_strogatz_0.15_0_emp,DETERMINISTIC_EMPIRICAL_ABM,watts_strogatz,0.15,45,0,empirical,10,498,0,2,2,0.004,0,0.0012380819626239,0.0003295956104831,0.0018152066289457,0.0,0.0,12,0
R_45_watts_strogatz_0.15_0_emp,DETERMINISTIC_EMPIRICAL_ABM,watts_strogatz,0.15,45,0,empirical,11,498,0,2,2,0.004,0,0.0012380819626239,0.0003295956104831,0.0018152066289457,0.0,0.0,12,0
R_45_watts_strogatz_0.15_0_emp,DETERMINISTIC_EMPIRICAL_ABM,watts_strogatz,0.15,45,0,empirical,12,498,0,2,2,0.004,0,0.0012380819626239,0.0003295956104831,0.0018152066289457,0.0,0.0,12,0
R_45_watts_strogatz_0.15_0_emp,DETERMINISTIC_EMPIRICAL_ABM,watts_strogatz,0.15,45,0,empirical,13,498,0,2,2,0.004,0,0.0012380819626239,0.0003295956104831,0.0018152066289457,0.0,0.0,12,0
R_45_watts_strogatz_0.15_0_emp,DETERMINISTIC_EMPIRICAL_ABM,watts_strogatz,0.15,45,0,empirical,14,498,0,2,2,0.004,0,0.0012380819626239,0.0003295956104831,0.0018152066289457,0.0,0.0,12,0
R_45_watts_strogatz_0.15_0_emp,DETERMINISTIC_EMPIRICAL_ABM,watts_strogatz,0.15,45,0,empirical,15,498,0,2,2,0.004,0,0.0012380819626239,0.0003295956104831,0.0018152066289457,0.0,0.0,12,0
R_45_watts_strogatz_0.15_0_emp,DETERMINISTIC_EMPIRICAL_ABM,watts_strogatz,0.15,45,0,empirical,16,498,0,2,2,0.004,0,0.0012380819626239,0.0003295956104831,0.0018152066289457,0.0,0.0,12,0
R_45_watts_strogatz_0.15_0_emp,DETERMINISTIC_EMPIRICAL_ABM,watts_strogatz,0.15,45,0,empirical,17,498,0,2,2,0.004,0,0.0012380819626239,0.0003295956104831,0.0018152066289457,0.0,0.0,12,0
R_45_watts_strogatz_0.15_0_emp,DETERMINISTIC_EMPIRICAL_ABM,watts_strogatz,0.15,45,0,empirical,18,498,0,2,2,0.004,0,0.0012380819626239,0.0003295956104831,0.0018152066289457,0.0,0.0,12,0
R_45_watts_strogatz_0.15_0_emp,DETERMINISTIC_EMPIRICAL_ABM,watts_strogatz,0.15,45,0,empirical,19,498,0,2,2,0.004,0,0.0012380819626239,0.0003295956104831,0.0018152066289457,0.0,0.0,12,0
R_45_watts_strogatz_0.15_0_emp,DETERMINISTIC_EMPIRICAL_ABM,watts_strogatz,0.15,45,0,empirical,20,498,0,2,2,0.004,0,0.0012380819626239,0.0003295956104831,0.0018152066289457,0.0,0.0,12,0
R_45_watts_strogatz_0.15_0_emp,DETERMINISTIC_EMPIRICAL_ABM,watts_strogatz,0.15,45,0,empirical,21,498,0,2,2,0.004,0,0.0012380819626239,0.0003295956104831,0.0018152066289457,0.0,0.0,12,0
R_45_watts_strogatz_0.15_0_emp,DETERMINISTIC_EMPIRICAL_ABM,watts_strogatz,0.15,45,0,empirical,22,498,0,2,2,0.004,0,0.0012380819626239,0.0003295956104831,0.0018152066289457,0.0,0.0,12,0
R_45_watts_strogatz_0.15_0_emp,DETERMINISTIC_EMPIRICAL_ABM,watts_strogatz,0.15,45,0,empirical,23,498,0,2,2,0.004,0,0.0012380819626239,0.0003295956104831,0.0018152066289457,0.0,0.0,12,0
R_45_watts_strogatz_0.15_0_emp,DETERMINISTIC_EMPIRICAL_ABM,watts_strogatz,0.15,45,0,empirical,24,498,0,2,2,0.004,0,0.0012380819626239,0.0003295956104831,0.0018152066289457,0.0,0.0,12,0
R_45_watts_strogatz_0.3_0_const,DETERMINISTIC_EMPIRICAL_ABM,watts_strogatz,0.3,45,0,constant,0,498,2,0,2,0.004,5,0.0012380819626239,0.0012380819626239,0.0012380819626239,0.0048,0.0,0,0
R_45_watts_strogatz_0.3_0_const,DETERMINISTIC_EMPIRICAL_ABM,watts_strogatz,0.3,45,0,constant,1,498,2,0,2,0.004,0,0.0012380819626239,0.0012380819626239,0.0012380819626239,0.0048,0.0,8,0
R_45_watts_strogatz_0.3_0_const,DETERMINISTIC_EMPIRICAL_ABM,watts_strogatz,0.3,45,0,constant,2,498,0,2,2,0.004,0,0.0012380819626239,0.0012380819626239,0.0012380819626239,0.0,0.0,12,0
R_45_watts_strogatz_0.3_0_const,DETERMINISTIC_EMPIRICAL_ABM,watts_strogatz,0.3,45,0,constant,3,498,0,2,2,0.004,0,0.0012380819626239,0.0012380819626239,0.0012380819626239,0.0,0.0,12,0
R_45_watts_strogatz_0.3_0_const,DETERMINISTIC_EMPIRICAL_ABM,watts_strogatz,0.3,45,0,constant,4,498,0,2,2,0.004,0,0.0012380819626239,0.0012380819626239,0.0012380819626239,0.0,0.0,12,0
R_45_watts_strogatz_0.3_0_const,DETERMINISTIC_EMPIRICAL_ABM,watts_strogatz,0.3,45,0,constant,5,498,0,2,2,0.004,0,0.0012380819626239,0.0012380819626239,0.0012380819626239,0.0,0.0,12,0
R_45_watts_strogatz_0.3_0_const,DETERMINISTIC_EMPIRICAL_ABM,watts_strogatz,0.3,45,0,constant,6,498,0,2,2,0.004,0,0.0012380819626239,0.0012380819626239,0.0012380819626239,0.0,0.0,12,0
R_45_watts_strogatz_0.3_0_const,DETERMINISTIC_EMPIRICAL_ABM,watts_strogatz,0.3,45,0,constant,7,498,0,2,2,0.004,0,0.0012380819626239,0.0012380819626239,0.0012380819626239,0.0,0.0,12,0
R_45_watts_strogatz_0.3_0_const,DETERMINISTIC_EMPIRICAL_ABM,watts_strogatz,0.3,45,0,constant,8,498,0,2,2,0.004,0,0.0012380819626239,0.0012380819626239,0.0012380819626239,0.0,0.0,12,0
R_45_watts_strogatz_0.3_0_const,DETERMINISTIC_EMPIRICAL_ABM,watts_strogatz,0.3,45,0,constant,9,498,0,2,2,0.004,0,0.0012380819626239,0.0012380819626239,0.0012380819626239,0.0,0.0,12,0
R_45_watts_strogatz_0.3_0_const,DETERMINISTIC_EMPIRICAL_ABM,watts_strogatz,0.3,45,0,constant,10,498,0,2,2,0.004,0,0.0012380819626239,0.0012380819626239,0.0012380819626239,0.0,0.0,12,0
R_45_watts_strogatz_0.3_0_const,DETERMINISTIC_EMPIRICAL_ABM,watts_strogatz,0.3,45,0,constant,11,498,0,2,2,0.004,0,0.0012380819626239,0.0012380819626239,0.0012380819626239,0.0,0.0,12,0
R_45_watts_strogatz_0.3_0_const,DETERMINISTIC_EMPIRICAL_ABM,watts_strogatz,0.3,45,0,constant,12,498,0,2,2,0.004,0,0.0012380819626239,0.0012380819626239,0.0012380819626239,0.0,0.0,12,0
R_45_watts_strogatz_0.3_0_const,DETERMINISTIC_EMPIRICAL_ABM,watts_strogatz,0.3,45,0,constant,13,498,0,2,2,0.004,0,0.0012380819626239,0.0012380819626239,0.0012380819626239,0.0,0.0,12,0
R_45_watts_strogatz_0.3_0_const,DETERMINISTIC_EMPIRICAL_ABM,watts_strogatz,0.3,45,0,constant,14,498,0,2,2,0.004,0,0.0012380819626239,0.0012380819626239,0.0012380819626239,0.0,0.0,12,0
R_45_watts_strogatz_0.3_0_const,DETERMINISTIC_EMPIRICAL_ABM,watts_strogatz,0.3,45,0,constant,15,498,0,2,2,0.004,0,0.0012380819626239,0.0012380819626239,0.0012380819626239,0.0,0.0,12,0
R_45_watts_strogatz_0.3_0_const,DETERMINISTIC_EMPIRICAL_ABM,watts_strogatz,0.3,45,0,constant,16,498,0,2,2,0.004,0,0.0012380819626239,0.0012380819626239,0.0012380819626239,0.0,0.0,12,0
R_45_watts_strogatz_0.3_0_const,DETERMINISTIC_EMPIRICAL_ABM,watts_strogatz,0.3,45,0,constant,17,498,0,2,2,0.004,0,0.0012380819626239,0.0012380819626239,0.0012380819626239,0.0,0.0,12,0
R_45_watts_strogatz_0.3_0_const,DETERMINISTIC_EMPIRICAL_ABM,watts_strogatz,0.3,45,0,constant,18,498,0,2,2,0.004,0,0.0012380819626239,0.0012380819626239,0.0012380819626239,0.0,0.0,12,0
R_45_watts_strogatz_0.3_0_const,DETERMINISTIC_EMPIRICAL_ABM,watts_strogatz,0.3,45,0,constant,19,498,0,2,2,0.004,0,0.0012380819626239,0.0012380819626239,0.0012380819626239,0.0,0.0,12,0
R_45_watts_strogatz_0.3_0_const,DETERMINISTIC_EMPIRICAL_ABM,watts_strogatz,0.3,45,0,constant,20,498,0,2,2,0.004,0,0.0012380819626239,0.0012380819626239,0.0012380819626239,0.0,0.0,12,0
R_45_watts_strogatz_0.3_0_const,DETERMINISTIC_EMPIRICAL_ABM,watts_strogatz,0.3,45,0,constant,21,498,0,2,2,0.004,0,0.0012380819626239,0.0012380819626239,0.0012380819626239,0.0,0.0,12,0
R_45_watts_strogatz_0.3_0_const,DETERMINISTIC_EMPIRICAL_ABM,watts_strogatz,0.3,45,0,constant,22,498,0,2,2,0.004,0,0.0012380819626239,0.0012380819626239,0.0012380819626239,0.0,0.0,12,0
R_45_watts_strogatz_0.3_0_const,DETERMINISTIC_EMPIRICAL_ABM,watts_strogatz,0.3,45,0,constant,23,498,0,2,2,0.004,0,0.0012380819626239,0.0012380819626239,0.0012380819626239,0.0,0.0,12,0
R_45_watts_strogatz_0.3_0_const,DETERMINISTIC_EMPIRICAL_ABM,watts_strogatz,0.3,45,0,constant,24,498,0,2,2,0.004,0,0.0012380819626239,0.0012380819626239,0.0012380819626239,0.0,0.0,12,0
R_45_watts_strogatz_0.3_0_emp,DETERMINISTIC_EMPIRICAL_ABM,watts_strogatz,0.3,45,0,empirical,0,498,2,0,2,0.004,5,0.0012380819626239,0.0003295956104831,0.0018152066289457,0.0048,0.0,0,0
R_45_watts_strogatz_0.3_0_emp,DETERMINISTIC_EMPIRICAL_ABM,watts_strogatz,0.3,45,0,empirical,1,498,2,0,2,0.004,0,0.0012380819626239,0.0003295956104831,0.0018152066289457,0.0048,0.0,8,0
R_45_watts_strogatz_0.3_0_emp,DETERMINISTIC_EMPIRICAL_ABM,watts_strogatz,0.3,45,0,empirical,2,498,0,2,2,0.004,0,0.0012380819626239,0.0003295956104831,0.0018152066289457,0.0,0.0,12,0
R_45_watts_strogatz_0.3_0_emp,DETERMINISTIC_EMPIRICAL_ABM,watts_strogatz,0.3,45,0,empirical,3,498,0,2,2,0.004,0,0.0012380819626239,0.0003295956104831,0.0018152066289457,0.0,0.0,12,0
R_45_watts_strogatz_0.3_0_emp,DETERMINISTIC_EMPIRICAL_ABM,watts_strogatz,0.3,45,0,empirical,4,498,0,2,2,0.004,0,0.0012380819626239,0.0003295956104831,0.0018152066289457,0.0,0.0,12,0
R_45_watts_strogatz_0.3_0_emp,DETERMINISTIC_EMPIRICAL_ABM,watts_strogatz,0.3,45,0,empirical,5,498,0,2,2,0.004,0,0.0012380819626239,0.0003295956104831,0.0018152066289457,0.0,0.0,12,0
R_45_watts_strogatz_0.3_0_emp,DETERMINISTIC_EMPIRICAL_ABM,watts_strogatz,0.3,45,0,empirical,6,498,0,2,2,0.004,0,0.0012380819626239,0.0003295956104831,0.0018152066289457,0.0,0.0,12,0
R_45_watts_strogatz_0.3_0_emp,DETERMINISTIC_EMPIRICAL_ABM,watts_strogatz,0.3,45,0,empirical,7,498,0,2,2,0.004,0,0.0012380819626239,0.0003295956104831,0.0018152066289457,0.0,0.0,12,0
R_45_watts_strogatz_0.3_0_emp,DETERMINISTIC_EMPIRICAL_ABM,watts_strogatz,0.3,45,0,empirical,8,498,0,2,2,0.004,0,0.0012380819626239,0.0003295956104831,0.0018152066289457,0.0,0.0,12,0
R_45_watts_strogatz_0.3_0_emp,DETERMINISTIC_EMPIRICAL_ABM,watts_strogatz,0.3,45,0,empirical,9,498,0,2,2,0.004,0,0.0012380819626239,0.0003295956104831,0.0018152066289457,0.0,0.0,12,0
R_45_watts_strogatz_0.3_0_emp,DETERMINISTIC_EMPIRICAL_ABM,watts_strogatz,0.3,45,0,empirical,10,498,0,2,2,0.004,0,0.0012380819626239,0.0003295956104831,0.0018152066289457,0.0,0.0,12,0
R_45_watts_strogatz_0.3_0_emp,DETERMINISTIC_EMPIRICAL_ABM,watts_strogatz,0.3,45,0,empirical,11,498,0,2,2,0.004,0,0.0012380819626239,0.0003295956104831,0.0018152066289457,0.0,0.0,12,0
R_45_watts_strogatz_0.3_0_emp,DETERMINISTIC_EMPIRICAL_ABM,watts_strogatz,0.3,45,0,empirical,12,498,0,2,2,0.004,0,0.0012380819626239,0.0003295956104831,0.0018152066289457,0.0,0.0,12,0
R_45_watts_strogatz_0.3_0_emp,DETERMINISTIC_EMPIRICAL_ABM,watts_strogatz,0.3,45,0,empirical,13,498,0,2,2,0.004,0,0.0012380819626239,0.0003295956104831,0.0018152066289457,0.0,0.0,12,0
R_45_watts_strogatz_0.3_0_emp,DETERMINISTIC_EMPIRICAL_ABM,watts_strogatz,0.3,45,0,empirical,14,498,0,2,2,0.004,0,0.0012380819626239,0.0003295956104831,0.0018152066289457,0.0,0.0,12,0
R_45_watts_strogatz_0.3_0_emp,DETERMINISTIC_EMPIRICAL_ABM,watts_strogatz,0.3,45,0,empirical,15,498,0,2,2,0.004,0,0.0012380819626239,0.0003295956104831,0.0018152066289457,0.0,0.0,12,0
R_45_watts_strogatz_0.3_0_emp,DETERMINISTIC_EMPIRICAL_ABM,watts_strogatz,0.3,45,0,empirical,16,498,0,2,2,0.004,0,0.0012380819626239,0.0003295956104831,0.0018152066289457,0.0,0.0,12,0
R_45_watts_strogatz_0.3_0_emp,DETERMINISTIC_EMPIRICAL_ABM,watts_strogatz,0.3,45,0,empirical,17,498,0,2,2,0.004,0,0.0012380819626239,0.0003295956104831,0.0018152066289457,0.0,0.0,12,0
R_45_watts_strogatz_0.3_0_emp,DETERMINISTIC_EMPIRICAL_ABM,watts_strogatz,0.3,45,0,empirical,18,498,0,2,2,0.004,0,0.0012380819626239,0.0003295956104831,0.0018152066289457,0.0,0.0,12,0
R_45_watts_strogatz_0.3_0_emp,DETERMINISTIC_EMPIRICAL_ABM,watts_strogatz,0.3,45,0,empirical,19,498,0,2,2,0.004,0,0.0012380819626239,0.0003295956104831,0.0018152066289457,0.0,0.0,12,0
R_45_watts_strogatz_0.3_0_emp,DETERMINISTIC_EMPIRICAL_ABM,watts_strogatz,0.3,45,0,empirical,20,498,0,2,2,0.004,0,0.0012380819626239,0.0003295956104831,0.0018152066289457,0.0,0.0,12,0
R_45_watts_strogatz_0.3_0_emp,DETERMINISTIC_EMPIRICAL_ABM,watts_strogatz,0.3,45,0,empirical,21,498,0,2,2,0.004,0,0.0012380819626239,0.0003295956104831,0.0018152066289457,0.0,0.0,12,0
R_45_watts_strogatz_0.3_0_emp,DETERMINISTIC_EMPIRICAL_ABM,watts_strogatz,0.3,45,0,empirical,22,498,0,2,2,0.004,0,0.0012380819626239,0.0003295956104831,0.0018152066289457,0.0,0.0,12,0
R_45_watts_strogatz_0.3_0_emp,DETERMINISTIC_EMPIRICAL_ABM,watts_strogatz,0.3,45,0,empirical,23,498,0,2,2,0.004,0,0.0012380819626239,0.0003295956104831,0.0018152066289457,0.0,0.0,12,0
R_45_watts_strogatz_0.3_0_emp,DETERMINISTIC_EMPIRICAL_ABM,watts_strogatz,0.3,45,0,empirical,24,498,0,2,2,0.004,0,0.0012380819626239,0.0003295956104831,0.0018152066289457,0.0,0.0,12,0
R_46_barabasi_albert_0.05_0_const,DETERMINISTIC_EMPIRICAL_ABM,barabasi_albert,0.05,46,0,constant,0,499,1,0,1,0.002,5,0.0012380819626239,0.0012380819626239,0.0012380819626239,0.0003,0.0,0,0
R_46_barabasi_albert_0.05_0_const,DETERMINISTIC_EMPIRICAL_ABM,barabasi_albert,0.05,46,0,constant,1,499,1,0,1,0.002,0,0.0012380819626239,0.0012380819626239,0.0012380819626239,0.0003,0.0,0,0
R_46_barabasi_albert_0.05_0_const,DETERMINISTIC_EMPIRICAL_ABM,barabasi_albert,0.05,46,0,constant,2,499,0,1,1,0.002,0,0.0012380819626239,0.0012380819626239,0.0012380819626239,0.0,0.0,0,0
R_46_barabasi_albert_0.05_0_const,DETERMINISTIC_EMPIRICAL_ABM,barabasi_albert,0.05,46,0,constant,3,499,0,1,1,0.002,0,0.0012380819626239,0.0012380819626239,0.0012380819626239,0.0,0.0,0,0
R_46_barabasi_albert_0.05_0_const,DETERMINISTIC_EMPIRICAL_ABM,barabasi_albert,0.05,46,0,constant,4,499,0,1,1,0.002,0,0.0012380819626239,0.0012380819626239,0.0012380819626239,0.0,0.0,0,0
R_46_barabasi_albert_0.05_0_const,DETERMINISTIC_EMPIRICAL_ABM,barabasi_albert,0.05,46,0,constant,5,499,0,1,1,0.002,0,0.0012380819626239,0.0012380819626239,0.0012380819626239,0.0,0.0,0,0
R_46_barabasi_albert_0.05_0_const,DETERMINISTIC_EMPIRICAL_ABM,barabasi_albert,0.05,46,0,constant,6,499,0,1,1,0.002,0,0.0012380819626239,0.0012380819626239,0.0012380819626239,0.0,0.0,0,0
R_46_barabasi_albert_0.05_0_const,DETERMINISTIC_EMPIRICAL_ABM,barabasi_albert,0.05,46,0,constant,7,499,0,1,1,0.002,0,0.0012380819626239,0.0012380819626239,0.0012380819626239,0.0,0.0,0,0
R_46_barabasi_albert_0.05_0_const,DETERMINISTIC_EMPIRICAL_ABM,barabasi_albert,0.05,46,0,constant,8,499,0,1,1,0.002,0,0.0012380819626239,0.0012380819626239,0.0012380819626239,0.0,0.0,0,0
R_46_barabasi_albert_0.05_0_const,DETERMINISTIC_EMPIRICAL_ABM,barabasi_albert,0.05,46,0,constant,9,499,0,1,1,0.002,0,0.0012380819626239,0.0012380819626239,0.0012380819626239,0.0,0.0,0,0
R_46_barabasi_albert_0.05_0_const,DETERMINISTIC_EMPIRICAL_ABM,barabasi_albert,0.05,46,0,constant,10,499,0,1,1,0.002,0,0.0012380819626239,0.0012380819626239,0.0012380819626239,0.0,0.0,0,0
R_46_barabasi_albert_0.05_0_const,DETERMINISTIC_EMPIRICAL_ABM,barabasi_albert,0.05,46,0,constant,11,499,0,1,1,0.002,0,0.0012380819626239,0.0012380819626239,0.0012380819626239,0.0,0.0,0,0
R_46_barabasi_albert_0.05_0_const,DETERMINISTIC_EMPIRICAL_ABM,barabasi_albert,0.05,46,0,constant,12,499,0,1,1,0.002,0,0.0012380819626239,0.0012380819626239,0.0012380819626239,0.0,0.0,0,0
R_46_barabasi_albert_0.05_0_const,DETERMINISTIC_EMPIRICAL_ABM,barabasi_albert,0.05,46,0,constant,13,499,0,1,1,0.002,0,0.0012380819626239,0.0012380819626239,0.0012380819626239,0.0,0.0,0,0
R_46_barabasi_albert_0.05_0_const,DETERMINISTIC_EMPIRICAL_ABM,barabasi_albert,0.05,46,0,constant,14,499,0,1,1,0.002,0,0.0012380819626239,0.0012380819626239,0.0012380819626239,0.0,0.0,0,0
R_46_barabasi_albert_0.05_0_const,DETERMINISTIC_EMPIRICAL_ABM,barabasi_albert,0.05,46,0,constant,15,499,0,1,1,0.002,0,0.0012380819626239,0.0012380819626239,0.0012380819626239,0.0,0.0,0,0
R_46_barabasi_albert_0.05_0_const,DETERMINISTIC_EMPIRICAL_ABM,barabasi_albert,0.05,46,0,constant,16,499,0,1,1,0.002,0,0.0012380819626239,0.0012380819626239,0.0012380819626239,0.0,0.0,0,0
R_46_barabasi_albert_0.05_0_const,DETERMINISTIC_EMPIRICAL_ABM,barabasi_albert,0.05,46,0,constant,17,499,0,1,1,0.002,0,0.0012380819626239,0.0012380819626239,0.0012380819626239,0.0,0.0,0,0
R_46_barabasi_albert_0.05_0_const,DETERMINISTIC_EMPIRICAL_ABM,barabasi_albert,0.05,46,0,constant,18,499,0,1,1,0.002,0,0.0012380819626239,0.0012380819626239,0.0012380819626239,0.0,0.0,0,0
R_46_barabasi_albert_0.05_0_const,DETERMINISTIC_EMPIRICAL_ABM,barabasi_albert,0.05,46,0,constant,19,499,0,1,1,0.002,0,0.0012380819626239,0.0012380819626239,0.0012380819626239,0.0,0.0,0,0
R_46_barabasi_albert_0.05_0_const,DETERMINISTIC_EMPIRICAL_ABM,barabasi_albert,0.05,46,0,constant,20,499,0,1,1,0.002,0,0.0012380819626239,0.0012380819626239,0.0012380819626239,0.0,0.0,0,0
R_46_barabasi_albert_0.05_0_const,DETERMINISTIC_EMPIRICAL_ABM,barabasi_albert,0.05,46,0,constant,21,499,0,1,1,0.002,0,0.0012380819626239,0.0012380819626239,0.0012380819626239,0.0,0.0,0,0
R_46_barabasi_albert_0.05_0_const,DETERMINISTIC_EMPIRICAL_ABM,barabasi_albert,0.05,46,0,constant,22,499,0,1,1,0.002,0,0.0012380819626239,0.0012380819626239,0.0012380819626239,0.0,0.0,0,0
R_46_barabasi_albert_0.05_0_const,DETERMINISTIC_EMPIRICAL_ABM,barabasi_albert,0.05,46,0,constant,23,499,0,1,1,0.002,0,0.0012380819626239,0.0012380819626239,0.0012380819626239,0.0,0.0,0,0
R_46_barabasi_albert_0.05_0_const,DETERMINISTIC_EMPIRICAL_ABM,barabasi_albert,0.05,46,0,constant,24,499,0,1,1,0.002,0,0.0012380819626239,0.0012380819626239,0.0012380819626239,0.0,0.0,0,0
R_46_barabasi_albert_0.05_0_emp,DETERMINISTIC_EMPIRICAL_ABM,barabasi_albert,0.05,46,0,empirical,0,499,1,0,1,0.002,5,0.0012380819626239,0.0003295956104831,0.0018152066289457,0.0003,0.0,0,0
R_46_barabasi_albert_0.05_0_emp,DETERMINISTIC_EMPIRICAL_ABM,barabasi_albert,0.05,46,0,empirical,1,499,1,0,1,0.002,0,0.0012380819626239,0.0003295956104831,0.0018152066289457,0.0003,0.0,0,0
R_46_barabasi_albert_0.05_0_emp,DETERMINISTIC_EMPIRICAL_ABM,barabasi_albert,0.05,46,0,empirical,2,499,0,1,1,0.002,0,0.0012380819626239,0.0003295956104831,0.0018152066289457,0.0,0.0,0,0
R_46_barabasi_albert_0.05_0_emp,DETERMINISTIC_EMPIRICAL_ABM,barabasi_albert,0.05,46,0,empirical,3,499,0,1,1,0.002,0,0.0012380819626239,0.0003295956104831,0.0018152066289457,0.0,0.0,0,0
R_46_barabasi_albert_0.05_0_emp,DETERMINISTIC_EMPIRICAL_ABM,barabasi_albert,0.05,46,0,empirical,4,499,0,1,1,0.002,0,0.0012380819626239,0.0003295956104831,0.0018152066289457,0.0,0.0,0,0
R_46_barabasi_albert_0.05_0_emp,DETERMINISTIC_EMPIRICAL_ABM,barabasi_albert,0.05,46,0,empirical,5,499,0,1,1,0.002,0,0.0012380819626239,0.0003295956104831,0.0018152066289457,0.0,0.0,0,0
R_46_barabasi_albert_0.05_0_emp,DETERMINISTIC_EMPIRICAL_ABM,barabasi_albert,0.05,46,0,empirical,6,499,0,1,1,0.002,0,0.0012380819626239,0.0003295956104831,0.0018152066289457,0.0,0.0,0,0
R_46_barabasi_albert_0.05_0_emp,DETERMINISTIC_EMPIRICAL_ABM,barabasi_albert,0.05,46,0,empirical,7,499,0,1,1,0.002,0,0.0012380819626239,0.0003295956104831,0.0018152066289457,0.0,0.0,0,0
R_46_barabasi_albert_0.05_0_emp,DETERMINISTIC_EMPIRICAL_ABM,barabasi_albert,0.05,46,0,empirical,8,499,0,1,1,0.002,0,0.0012380819626239,0.0003295956104831,0.0018152066289457,0.0,0.0,0,0
R_46_barabasi_albert_0.05_0_emp,DETERMINISTIC_EMPIRICAL_ABM,barabasi_albert,0.05,46,0,empirical,9,499,0,1,1,0.002,0,0.0012380819626239,0.0003295956104831,0.0018152066289457,0.0,0.0,0,0
R_46_barabasi_albert_0.05_0_emp,DETERMINISTIC_EMPIRICAL_ABM,barabasi_albert,0.05,46,0,empirical,10,499,0,1,1,0.002,0,0.0012380819626239,0.0003295956104831,0.0018152066289457,0.0,0.0,0,0
R_46_barabasi_albert_0.05_0_emp,DETERMINISTIC_EMPIRICAL_ABM,barabasi_albert,0.05,46,0,empirical,11,499,0,1,1,0.002,0,0.0012380819626239,0.0003295956104831,0.0018152066289457,0.0,0.0,0,0
R_46_barabasi_albert_0.05_0_emp,DETERMINISTIC_EMPIRICAL_ABM,barabasi_albert,0.05,46,0,empirical,12,499,0,1,1,0.002,0,0.0012380819626239,0.0003295956104831,0.0018152066289457,0.0,0.0,0,0
R_46_barabasi_albert_0.05_0_emp,DETERMINISTIC_EMPIRICAL_ABM,barabasi_albert,0.05,46,0,empirical,13,499,0,1,1,0.002,0,0.0012380819626239,0.0003295956104831,0.0018152066289457,0.0,0.0,0,0
R_46_barabasi_albert_0.05_0_emp,DETERMINISTIC_EMPIRICAL_ABM,barabasi_albert,0.05,46,0,empirical,14,499,0,1,1,0.002,0,0.0012380819626239,0.0003295956104831,0.0018152066289457,0.0,0.0,0,0
R_46_barabasi_albert_0.05_0_emp,DETERMINISTIC_EMPIRICAL_ABM,barabasi_albert,0.05,46,0,empirical,15,499,0,1,1,0.002,0,0.0012380819626239,0.0003295956104831,0.0018152066289457,0.0,0.0,0,0
R_46_barabasi_albert_0.05_0_emp,DETERMINISTIC_EMPIRICAL_ABM,barabasi_albert,0.05,46,0,empirical,16,499,0,1,1,0.002,0,0.0012380819626239,0.0003295956104831,0.0018152066289457,0.0,0.0,0,0
R_46_barabasi_albert_0.05_0_emp,DETERMINISTIC_EMPIRICAL_ABM,barabasi_albert,0.05,46,0,empirical,17,499,0,1,1,0.002,0,0.0012380819626239,0.0003295956104831,0.0018152066289457,0.0,0.0,0,0
R_46_barabasi_albert_0.05_0_emp,DETERMINISTIC_EMPIRICAL_ABM,barabasi_albert,0.05,46,0,empirical,18,499,0,1,1,0.002,0,0.0012380819626239,0.0003295956104831,0.0018152066289457,0.0,0.0,0,0
R_46_barabasi_albert_0.05_0_emp,DETERMINISTIC_EMPIRICAL_ABM,barabasi_albert,0.05,46,0,empirical,19,499,0,1,1,0.002,0,0.0012380819626239,0.0003295956104831,0.0018152066289457,0.0,0.0,0,0
R_46_barabasi_albert_0.05_0_emp,DETERMINISTIC_EMPIRICAL_ABM,barabasi_albert,0.05,46,0,empirical,20,499,0,1,1,0.002,0,0.0012380819626239,0.0003295956104831,0.0018152066289457,0.0,0.0,0,0
R_46_barabasi_albert_0.05_0_emp,DETERMINISTIC_EMPIRICAL_ABM,barabasi_albert,0.05,46,0,empirical,21,499,0,1,1,0.002,0,0.0012380819626239,0.0003295956104831,0.0018152066289457,0.0,0.0,0,0
R_46_barabasi_albert_0.05_0_emp,DETERMINISTIC_EMPIRICAL_ABM,barabasi_albert,0.05,46,0,empirical,22,499,0,1,1,0.002,0,0.0012380819626239,0.0003295956104831,0.0018152066289457,0.0,0.0,0,0
R_46_barabasi_albert_0.05_0_emp,DETERMINISTIC_EMPIRICAL_ABM,barabasi_albert,0.05,46,0,empirical,23,499,0,1,1,0.002,0,0.0012380819626239,0.0003295956104831,0.0018152066289457,0.0,0.0,0,0
R_46_barabasi_albert_0.05_0_emp,DETERMINISTIC_EMPIRICAL_ABM,barabasi_albert,0.05,46,0,empirical,24,499,0,1,1,0.002,0,0.0012380819626239,0.0003295956104831,0.0018152066289457,0.0,0.0,0,0
R_46_barabasi_albert_0.15_0_const,DETERMINISTIC_EMPIRICAL_ABM,barabasi_albert,0.15,46,0,constant,0,499,1,0,1,0.002,5,0.0012380819626239,0.0012380819626239,0.0012380819626239,0.0009,0.0,0,0
R_46_barabasi_albert_0.15_0_const,DETERMINISTIC_EMPIRICAL_ABM,barabasi_albert,0.15,46,0,constant,1,499,1,0,1,0.002,0,0.0012380819626239,0.0012380819626239,0.0012380819626239,0.0009,0.0,3,0
R_46_barabasi_albert_0.15_0_const,DETERMINISTIC_EMPIRICAL_ABM,barabasi_albert,0.15,46,0,constant,2,499,0,1,1,0.002,0,0.0012380819626239,0.0012380819626239,0.0012380819626239,0.0,0.0,5,0
R_46_barabasi_albert_0.15_0_const,DETERMINISTIC_EMPIRICAL_ABM,barabasi_albert,0.15,46,0,constant,3,499,0,1,1,0.002,0,0.0012380819626239,0.0012380819626239,0.0012380819626239,0.0,0.0,5,0
R_46_barabasi_albert_0.15_0_const,DETERMINISTIC_EMPIRICAL_ABM,barabasi_albert,0.15,46,0,constant,4,499,0,1,1,0.002,0,0.0012380819626239,0.0012380819626239,0.0012380819626239,0.0,0.0,5,0
R_46_barabasi_albert_0.15_0_const,DETERMINISTIC_EMPIRICAL_ABM,barabasi_albert,0.15,46,0,constant,5,499,0,1,1,0.002,0,0.0012380819626239,0.0012380819626239,0.0012380819626239,0.0,0.0,5,0
R_46_barabasi_albert_0.15_0_const,DETERMINISTIC_EMPIRICAL_ABM,barabasi_albert,0.15,46,0,constant,6,499,0,1,1,0.002,0,0.0012380819626239,0.0012380819626239,0.0012380819626239,0.0,0.0,5,0
R_46_barabasi_albert_0.15_0_const,DETERMINISTIC_EMPIRICAL_ABM,barabasi_albert,0.15,46,0,constant,7,499,0,1,1,0.002,0,0.0012380819626239,0.0012380819626239,0.0012380819626239,0.0,0.0,5,0
R_46_barabasi_albert_0.15_0_const,DETERMINISTIC_EMPIRICAL_ABM,barabasi_albert,0.15,46,0,constant,8,499,0,1,1,0.002,0,0.0012380819626239,0.0012380819626239,0.0012380819626239,0.0,0.0,5,0
R_46_barabasi_albert_0.15_0_const,DETERMINISTIC_EMPIRICAL_ABM,barabasi_albert,0.15,46,0,constant,9,499,0,1,1,0.002,0,0.0012380819626239,0.0012380819626239,0.0012380819626239,0.0,0.0,5,0
R_46_barabasi_albert_0.15_0_const,DETERMINISTIC_EMPIRICAL_ABM,barabasi_albert,0.15,46,0,constant,10,499,0,1,1,0.002,0,0.0012380819626239,0.0012380819626239,0.0012380819626239,0.0,0.0,5,0
R_46_barabasi_albert_0.15_0_const,DETERMINISTIC_EMPIRICAL_ABM,barabasi_albert,0.15,46,0,constant,11,499,0,1,1,0.002,0,0.0012380819626239,0.0012380819626239,0.0012380819626239,0.0,0.0,5,0
R_46_barabasi_albert_0.15_0_const,DETERMINISTIC_EMPIRICAL_ABM,barabasi_albert,0.15,46,0,constant,12,499,0,1,1,0.002,0,0.0012380819626239,0.0012380819626239,0.0012380819626239,0.0,0.0,5,0
R_46_barabasi_albert_0.15_0_const,DETERMINISTIC_EMPIRICAL_ABM,barabasi_albert,0.15,46,0,constant,13,499,0,1,1,0.002,0,0.0012380819626239,0.0012380819626239,0.0012380819626239,0.0,0.0,5,0
R_46_barabasi_albert_0.15_0_const,DETERMINISTIC_EMPIRICAL_ABM,barabasi_albert,0.15,46,0,constant,14,499,0,1,1,0.002,0,0.0012380819626239,0.0012380819626239,0.0012380819626239,0.0,0.0,5,0
R_46_barabasi_albert_0.15_0_const,DETERMINISTIC_EMPIRICAL_ABM,barabasi_albert,0.15,46,0,constant,15,499,0,1,1,0.002,0,0.0012380819626239,0.0012380819626239,0.0012380819626239,0.0,0.0,5,0
R_46_barabasi_albert_0.15_0_const,DETERMINISTIC_EMPIRICAL_ABM,barabasi_albert,0.15,46,0,constant,16,499,0,1,1,0.002,0,0.0012380819626239,0.0012380819626239,0.0012380819626239,0.0,0.0,5,0
R_46_barabasi_albert_0.15_0_const,DETERMINISTIC_EMPIRICAL_ABM,barabasi_albert,0.15,46,0,constant,17,499,0,1,1,0.002,0,0.0012380819626239,0.0012380819626239,0.0012380819626239,0.0,0.0,5,0
R_46_barabasi_albert_0.15_0_const,DETERMINISTIC_EMPIRICAL_ABM,barabasi_albert,0.15,46,0,constant,18,499,0,1,1,0.002,0,0.0012380819626239,0.0012380819626239,0.0012380819626239,0.0,0.0,5,0
R_46_barabasi_albert_0.15_0_const,DETERMINISTIC_EMPIRICAL_ABM,barabasi_albert,0.15,46,0,constant,19,499,0,1,1,0.002,0,0.0012380819626239,0.0012380819626239,0.0012380819626239,0.0,0.0,5,0
R_46_barabasi_albert_0.15_0_const,DETERMINISTIC_EMPIRICAL_ABM,barabasi_albert,0.15,46,0,constant,20,499,0,1,1,0.002,0,0.0012380819626239,0.0012380819626239,0.0012380819626239,0.0,0.0,5,0
R_46_barabasi_albert_0.15_0_const,DETERMINISTIC_EMPIRICAL_ABM,barabasi_albert,0.15,46,0,constant,21,499,0,1,1,0.002,0,0.0012380819626239,0.0012380819626239,0.0012380819626239,0.0,0.0,5,0
R_46_barabasi_albert_0.15_0_const,DETERMINISTIC_EMPIRICAL_ABM,barabasi_albert,0.15,46,0,constant,22,499,0,1,1,0.002,0,0.0012380819626239,0.0012380819626239,0.0012380819626239,0.0,0.0,5,0
R_46_barabasi_albert_0.15_0_const,DETERMINISTIC_EMPIRICAL_ABM,barabasi_albert,0.15,46,0,constant,23,499,0,1,1,0.002,0,0.0012380819626239,0.0012380819626239,0.0012380819626239,0.0,0.0,5,0
R_46_barabasi_albert_0.15_0_const,DETERMINISTIC_EMPIRICAL_ABM,barabasi_albert,0.15,46,0,constant,24,499,0,1,1,0.002,0,0.0012380819626239,0.0012380819626239,0.0012380819626239,0.0,0.0,5,0
R_46_barabasi_albert_0.15_0_emp,DETERMINISTIC_EMPIRICAL_ABM,barabasi_albert,0.15,46,0,empirical,0,499,1,0,1,0.002,5,0.0012380819626239,0.0003295956104831,0.0018152066289457,0.0009,0.0,0,0
R_46_barabasi_albert_0.15_0_emp,DETERMINISTIC_EMPIRICAL_ABM,barabasi_albert,0.15,46,0,empirical,1,499,1,0,1,0.002,0,0.0012380819626239,0.0003295956104831,0.0018152066289457,0.0009,0.0,3,0
R_46_barabasi_albert_0.15_0_emp,DETERMINISTIC_EMPIRICAL_ABM,barabasi_albert,0.15,46,0,empirical,2,499,0,1,1,0.002,0,0.0012380819626239,0.0003295956104831,0.0018152066289457,0.0,0.0,5,0
R_46_barabasi_albert_0.15_0_emp,DETERMINISTIC_EMPIRICAL_ABM,barabasi_albert,0.15,46,0,empirical,3,499,0,1,1,0.002,0,0.0012380819626239,0.0003295956104831,0.0018152066289457,0.0,0.0,5,0
R_46_barabasi_albert_0.15_0_emp,DETERMINISTIC_EMPIRICAL_ABM,barabasi_albert,0.15,46,0,empirical,4,499,0,1,1,0.002,0,0.0012380819626239,0.0003295956104831,0.0018152066289457,0.0,0.0,5,0
R_46_barabasi_albert_0.15_0_emp,DETERMINISTIC_EMPIRICAL_ABM,barabasi_albert,0.15,46,0,empirical,5,499,0,1,1,0.002,0,0.0012380819626239,0.0003295956104831,0.0018152066289457,0.0,0.0,5,0
R_46_barabasi_albert_0.15_0_emp,DETERMINISTIC_EMPIRICAL_ABM,barabasi_albert,0.15,46,0,empirical,6,499,0,1,1,0.002,0,0.0012380819626239,0.0003295956104831,0.0018152066289457,0.0,0.0,5,0
R_46_barabasi_albert_0.15_0_emp,DETERMINISTIC_EMPIRICAL_ABM,barabasi_albert,0.15,46,0,empirical,7,499,0,1,1,0.002,0,0.0012380819626239,0.0003295956104831,0.0018152066289457,0.0,0.0,5,0
R_46_barabasi_albert_0.15_0_emp,DETERMINISTIC_EMPIRICAL_ABM,barabasi_albert,0.15,46,0,empirical,8,499,0,1,1,0.002,0,0.0012380819626239,0.0003295956104831,0.0018152066289457,0.0,0.0,5,0
R_46_barabasi_albert_0.15_0_emp,DETERMINISTIC_EMPIRICAL_ABM,barabasi_albert,0.15,46,0,empirical,9,499,0,1,1,0.002,0,0.0012380819626239,0.0003295956104831,0.0018152066289457,0.0,0.0,5,0
R_46_barabasi_albert_0.15_0_emp,DETERMINISTIC_EMPIRICAL_ABM,barabasi_albert,0.15,46,0,empirical,10,499,0,1,1,0.002,0,0.0012380819626239,0.0003295956104831,0.0018152066289457,0.0,0.0,5,0
R_46_barabasi_albert_0.15_0_emp,DETERMINISTIC_EMPIRICAL_ABM,barabasi_albert,0.15,46,0,empirical,11,499,0,1,1,0.002,0,0.0012380819626239,0.0003295956104831,0.0018152066289457,0.0,0.0,5,0
R_46_barabasi_albert_0.15_0_emp,DETERMINISTIC_EMPIRICAL_ABM,barabasi_albert,0.15,46,0,empirical,12,499,0,1,1,0.002,0,0.0012380819626239,0.0003295956104831,0.0018152066289457,0.0,0.0,5,0
R_46_barabasi_albert_0.15_0_emp,DETERMINISTIC_EMPIRICAL_ABM,barabasi_albert,0.15,46,0,empirical,13,499,0,1,1,0.002,0,0.0012380819626239,0.0003295956104831,0.0018152066289457,0.0,0.0,5,0
R_46_barabasi_albert_0.15_0_emp,DETERMINISTIC_EMPIRICAL_ABM,barabasi_albert,0.15,46,0,empirical,14,499,0,1,1,0.002,0,0.0012380819626239,0.0003295956104831,0.0018152066289457,0.0,0.0,5,0
R_46_barabasi_albert_0.15_0_emp,DETERMINISTIC_EMPIRICAL_ABM,barabasi_albert,0.15,46,0,empirical,15,499,0,1,1,0.002,0,0.0012380819626239,0.0003295956104831,0.0018152066289457,0.0,0.0,5,0
R_46_barabasi_albert_0.15_0_emp,DETERMINISTIC_EMPIRICAL_ABM,barabasi_albert,0.15,46,0,empirical,16,499,0,1,1,0.002,0,0.0012380819626239,0.0003295956104831,0.0018152066289457,0.0,0.0,5,0
R_46_barabasi_albert_0.15_0_emp,DETERMINISTIC_EMPIRICAL_ABM,barabasi_albert,0.15,46,0,empirical,17,499,0,1,1,0.002,0,0.0012380819626239,0.0003295956104831,0.0018152066289457,0.0,0.0,5,0
R_46_barabasi_albert_0.15_0_emp,DETERMINISTIC_EMPIRICAL_ABM,barabasi_albert,0.15,46,0,empirical,18,499,0,1,1,0.002,0,0.0012380819626239,0.0003295956104831,0.0018152066289457,0.0,0.0,5,0
R_46_barabasi_albert_0.15_0_emp,DETERMINISTIC_EMPIRICAL_ABM,barabasi_albert,0.15,46,0,empirical,19,499,0,1,1,0.002,0,0.0012380819626239,0.0003295956104831,0.0018152066289457,0.0,0.0,5,0
R_46_barabasi_albert_0.15_0_emp,DETERMINISTIC_EMPIRICAL_ABM,barabasi_albert,0.15,46,0,empirical,20,499,0,1,1,0.002,0,0.0012380819626239,0.0003295956104831,0.0018152066289457,0.0,0.0,5,0
R_46_barabasi_albert_0.15_0_emp,DETERMINISTIC_EMPIRICAL_ABM,barabasi_albert,0.15,46,0,empirical,21,499,0,1,1,0.002,0,0.0012380819626239,0.0003295956104831,0.0018152066289457,0.0,0.0,5,0
R_46_barabasi_albert_0.15_0_emp,DETERMINISTIC_EMPIRICAL_ABM,barabasi_albert,0.15,46,0,empirical,22,499,0,1,1,0.002,0,0.0012380819626239,0.0003295956104831,0.0018152066289457,0.0,0.0,5,0
R_46_barabasi_albert_0.15_0_emp,DETERMINISTIC_EMPIRICAL_ABM,barabasi_albert,0.15,46,0,empirical,23,499,0,1,1,0.002,0,0.0012380819626239,0.0003295956104831,0.0018152066289457,0.0,0.0,5,0
R_46_barabasi_albert_0.15_0_emp,DETERMINISTIC_EMPIRICAL_ABM,barabasi_albert,0.15,46,0,empirical,24,499,0,1,1,0.002,0,0.0012380819626239,0.0003295956104831,0.0018152066289457,0.0,0.0,5,0
R_46_barabasi_albert_0.3_0_const,DETERMINISTIC_EMPIRICAL_ABM,barabasi_albert,0.3,46,0,constant,0,499,1,0,1,0.002,5,0.0012380819626239,0.0012380819626239,0.0012380819626239,0.0018,0.0,0,0
R_46_barabasi_albert_0.3_0_const,DETERMINISTIC_EMPIRICAL_ABM,barabasi_albert,0.3,46,0,constant,1,499,1,0,1,0.002,0,0.0012380819626239,0.0012380819626239,0.0012380819626239,0.0018,0.0,3,0
R_46_barabasi_albert_0.3_0_const,DETERMINISTIC_EMPIRICAL_ABM,barabasi_albert,0.3,46,0,constant,2,499,0,1,1,0.002,0,0.0012380819626239,0.0012380819626239,0.0012380819626239,0.0,0.0,5,0
R_46_barabasi_albert_0.3_0_const,DETERMINISTIC_EMPIRICAL_ABM,barabasi_albert,0.3,46,0,constant,3,499,0,1,1,0.002,0,0.0012380819626239,0.0012380819626239,0.0012380819626239,0.0,0.0,5,0
R_46_barabasi_albert_0.3_0_const,DETERMINISTIC_EMPIRICAL_ABM,barabasi_albert,0.3,46,0,constant,4,499,0,1,1,0.002,0,0.0012380819626239,0.0012380819626239,0.0012380819626239,0.0,0.0,5,0
R_46_barabasi_albert_0.3_0_const,DETERMINISTIC_EMPIRICAL_ABM,barabasi_albert,0.3,46,0,constant,5,499,0,1,1,0.002,0,0.0012380819626239,0.0012380819626239,0.0012380819626239,0.0,0.0,5,0
R_46_barabasi_albert_0.3_0_const,DETERMINISTIC_EMPIRICAL_ABM,barabasi_albert,0.3,46,0,constant,6,499,0,1,1,0.002,0,0.0012380819626239,0.0012380819626239,0.0012380819626239,0.0,0.0,5,0
R_46_barabasi_albert_0.3_0_const,DETERMINISTIC_EMPIRICAL_ABM,barabasi_albert,0.3,46,0,constant,7,499,0,1,1,0.002,0,0.0012380819626239,0.0012380819626239,0.0012380819626239,0.0,0.0,5,0
R_46_barabasi_albert_0.3_0_const,DETERMINISTIC_EMPIRICAL_ABM,barabasi_albert,0.3,46,0,constant,8,499,0,1,1,0.002,0,0.0012380819626239,0.0012380819626239,0.0012380819626239,0.0,0.0,5,0
R_46_barabasi_albert_0.3_0_const,DETERMINISTIC_EMPIRICAL_ABM,barabasi_albert,0.3,46,0,constant,9,499,0,1,1,0.002,0,0.0012380819626239,0.0012380819626239,0.0012380819626239,0.0,0.0,5,0
R_46_barabasi_albert_0.3_0_const,DETERMINISTIC_EMPIRICAL_ABM,barabasi_albert,0.3,46,0,constant,10,499,0,1,1,0.002,0,0.0012380819626239,0.0012380819626239,0.0012380819626239,0.0,0.0,5,0
R_46_barabasi_albert_0.3_0_const,DETERMINISTIC_EMPIRICAL_ABM,barabasi_albert,0.3,46,0,constant,11,499,0,1,1,0.002,0,0.0012380819626239,0.0012380819626239,0.0012380819626239,0.0,0.0,5,0
R_46_barabasi_albert_0.3_0_const,DETERMINISTIC_EMPIRICAL_ABM,barabasi_albert,0.3,46,0,constant,12,499,0,1,1,0.002,0,0.0012380819626239,0.0012380819626239,0.0012380819626239,0.0,0.0,5,0
R_46_barabasi_albert_0.3_0_const,DETERMINISTIC_EMPIRICAL_ABM,barabasi_albert,0.3,46,0,constant,13,499,0,1,1,0.002,0,0.0012380819626239,0.0012380819626239,0.0012380819626239,0.0,0.0,5,0
R_46_barabasi_albert_0.3_0_const,DETERMINISTIC_EMPIRICAL_ABM,barabasi_albert,0.3,46,0,constant,14,499,0,1,1,0.002,0,0.0012380819626239,0.0012380819626239,0.0012380819626239,0.0,0.0,5,0
R_46_barabasi_albert_0.3_0_const,DETERMINISTIC_EMPIRICAL_ABM,barabasi_albert,0.3,46,0,constant,15,499,0,1,1,0.002,0,0.0012380819626239,0.0012380819626239,0.0012380819626239,0.0,0.0,5,0
R_46_barabasi_albert_0.3_0_const,DETERMINISTIC_EMPIRICAL_ABM,barabasi_albert,0.3,46,0,constant,16,499,0,1,1,0.002,0,0.0012380819626239,0.0012380819626239,0.0012380819626239,0.0,0.0,5,0
R_46_barabasi_albert_0.3_0_const,DETERMINISTIC_EMPIRICAL_ABM,barabasi_albert,0.3,46,0,constant,17,499,0,1,1,0.002,0,0.0012380819626239,0.0012380819626239,0.0012380819626239,0.0,0.0,5,0
R_46_barabasi_albert_0.3_0_const,DETERMINISTIC_EMPIRICAL_ABM,barabasi_albert,0.3,46,0,constant,18,499,0,1,1,0.002,0,0.0012380819626239,0.0012380819626239,0.0012380819626239,0.0,0.0,5,0
R_46_barabasi_albert_0.3_0_const,DETERMINISTIC_EMPIRICAL_ABM,barabasi_albert,0.3,46,0,constant,19,499,0,1,1,0.002,0,0.0012380819626239,0.0012380819626239,0.0012380819626239,0.0,0.0,5,0
R_46_barabasi_albert_0.3_0_const,DETERMINISTIC_EMPIRICAL_ABM,barabasi_albert,0.3,46,0,constant,20,499,0,1,1,0.002,0,0.0012380819626239,0.0012380819626239,0.0012380819626239,0.0,0.0,5,0
R_46_barabasi_albert_0.3_0_const,DETERMINISTIC_EMPIRICAL_ABM,barabasi_albert,0.3,46,0,constant,21,499,0,1,1,0.002,0,0.0012380819626239,0.0012380819626239,0.0012380819626239,0.0,0.0,5,0
R_46_barabasi_albert_0.3_0_const,DETERMINISTIC_EMPIRICAL_ABM,barabasi_albert,0.3,46,0,constant,22,499,0,1,1,0.002,0,0.0012380819626239,0.0012380819626239,0.0012380819626239,0.0,0.0,5,0
R_46_barabasi_albert_0.3_0_const,DETERMINISTIC_EMPIRICAL_ABM,barabasi_albert,0.3,46,0,constant,23,499,0,1,1,0.002,0,0.0012380819626239,0.0012380819626239,0.0012380819626239,0.0,0.0,5,0
R_46_barabasi_albert_0.3_0_const,DETERMINISTIC_EMPIRICAL_ABM,barabasi_albert,0.3,46,0,constant,24,499,0,1,1,0.002,0,0.0012380819626239,0.0012380819626239,0.0012380819626239,0.0,0.0,5,0
R_46_barabasi_albert_0.3_0_emp,DETERMINISTIC_EMPIRICAL_ABM,barabasi_albert,0.3,46,0,empirical,0,499,1,0,1,0.002,5,0.0012380819626239,0.0003295956104831,0.0018152066289457,0.0018,0.0,0,0
R_46_barabasi_albert_0.3_0_emp,DETERMINISTIC_EMPIRICAL_ABM,barabasi_albert,0.3,46,0,empirical,1,499,1,0,1,0.002,0,0.0012380819626239,0.0003295956104831,0.0018152066289457,0.0018,0.0,3,0
R_46_barabasi_albert_0.3_0_emp,DETERMINISTIC_EMPIRICAL_ABM,barabasi_albert,0.3,46,0,empirical,2,499,0,1,1,0.002,0,0.0012380819626239,0.0003295956104831,0.0018152066289457,0.0,0.0,5,0
R_46_barabasi_albert_0.3_0_emp,DETERMINISTIC_EMPIRICAL_ABM,barabasi_albert,0.3,46,0,empirical,3,499,0,1,1,0.002,0,0.0012380819626239,0.0003295956104831,0.0018152066289457,0.0,0.0,5,0
R_46_barabasi_albert_0.3_0_emp,DETERMINISTIC_EMPIRICAL_ABM,barabasi_albert,0.3,46,0,empirical,4,499,0,1,1,0.002,0,0.0012380819626239,0.0003295956104831,0.0018152066289457,0.0,0.0,5,0
R_46_barabasi_albert_0.3_0_emp,DETERMINISTIC_EMPIRICAL_ABM,barabasi_albert,0.3,46,0,empirical,5,499,0,1,1,0.002,0,0.0012380819626239,0.0003295956104831,0.0018152066289457,0.0,0.0,5,0
R_46_barabasi_albert_0.3_0_emp,DETERMINISTIC_EMPIRICAL_ABM,barabasi_albert,0.3,46,0,empirical,6,499,0,1,1,0.002,0,0.0012380819626239,0.0003295956104831,0.0018152066289457,0.0,0.0,5,0
R_46_barabasi_albert_0.3_0_emp,DETERMINISTIC_EMPIRICAL_ABM,barabasi_albert,0.3,46,0,empirical,7,499,0,1,1,0.002,0,0.0012380819626239,0.0003295956104831,0.0018152066289457,0.0,0.0,5,0
R_46_barabasi_albert_0.3_0_emp,DETERMINISTIC_EMPIRICAL_ABM,barabasi_albert,0.3,46,0,empirical,8,499,0,1,1,0.002,0,0.0012380819626239,0.0003295956104831,0.0018152066289457,0.0,0.0,5,0
R_46_barabasi_albert_0.3_0_emp,DETERMINISTIC_EMPIRICAL_ABM,barabasi_albert,0.3,46,0,empirical,9,499,0,1,1,0.002,0,0.0012380819626239,0.0003295956104831,0.0018152066289457,0.0,0.0,5,0
R_46_barabasi_albert_0.3_0_emp,DETERMINISTIC_EMPIRICAL_ABM,barabasi_albert,0.3,46,0,empirical,10,499,0,1,1,0.002,0,0.0012380819626239,0.0003295956104831,0.0018152066289457,0.0,0.0,5,0
R_46_barabasi_albert_0.3_0_emp,DETERMINISTIC_EMPIRICAL_ABM,barabasi_albert,0.3,46,0,empirical,11,499,0,1,1,0.002,0,0.0012380819626239,0.0003295956104831,0.0018152066289457,0.0,0.0,5,0
R_46_barabasi_albert_0.3_0_emp,DETERMINISTIC_EMPIRICAL_ABM,barabasi_albert,0.3,46,0,empirical,12,499,0,1,1,0.002,0,0.0012380819626239,0.0003295956104831,0.0018152066289457,0.0,0.0,5,0
R_46_barabasi_albert_0.3_0_emp,DETERMINISTIC_EMPIRICAL_ABM,barabasi_albert,0.3,46,0,empirical,13,499,0,1,1,0.002,0,0.0012380819626239,0.0003295956104831,0.0018152066289457,0.0,0.0,5,0
R_46_barabasi_albert_0.3_0_emp,DETERMINISTIC_EMPIRICAL_ABM,barabasi_albert,0.3,46,0,empirical,14,499,0,1,1,0.002,0,0.0012380819626239,0.0003295956104831,0.0018152066289457,0.0,0.0,5,0
R_46_barabasi_albert_0.3_0_emp,DETERMINISTIC_EMPIRICAL_ABM,barabasi_albert,0.3,46,0,empirical,15,499,0,1,1,0.002,0,0.0012380819626239,0.0003295956104831,0.0018152066289457,0.0,0.0,5,0
R_46_barabasi_albert_0.3_0_emp,DETERMINISTIC_EMPIRICAL_ABM,barabasi_albert,0.3,46,0,empirical,16,499,0,1,1,0.002,0,0.0012380819626239,0.0003295956104831,0.0018152066289457,0.0,0.0,5,0
R_46_barabasi_albert_0.3_0_emp,DETERMINISTIC_EMPIRICAL_ABM,barabasi_albert,0.3,46,0,empirical,17,499,0,1,1,0.002,0,0.0012380819626239,0.0003295956104831,0.0018152066289457,0.0,0.0,5,0
R_46_barabasi_albert_0.3_0_emp,DETERMINISTIC_EMPIRICAL_ABM,barabasi_albert,0.3,46,0,empirical,18,499,0,1,1,0.002,0,0.0012380819626239,0.0003295956104831,0.0018152066289457,0.0,0.0,5,0
R_46_barabasi_albert_0.3_0_emp,DETERMINISTIC_EMPIRICAL_ABM,barabasi_albert,0.3,46,0,empirical,19,499,0,1,1,0.002,0,0.0012380819626239,0.0003295956104831,0.0018152066289457,0.0,0.0,5,0
R_46_barabasi_albert_0.3_0_emp,DETERMINISTIC_EMPIRICAL_ABM,barabasi_albert,0.3,46,0,empirical,20,499,0,1,1,0.002,0,0.0012380819626239,0.0003295956104831,0.0018152066289457,0.0,0.0,5,0
R_46_barabasi_albert_0.3_0_emp,DETERMINISTIC_EMPIRICAL_ABM,barabasi_albert,0.3,46,0,empirical,21,499,0,1,1,0.002,0,0.0012380819626239,0.0003295956104831,0.0018152066289457,0.0,0.0,5,0
R_46_barabasi_albert_0.3_0_emp,DETERMINISTIC_EMPIRICAL_ABM,barabasi_albert,0.3,46,0,empirical,22,499,0,1,1,0.002,0,0.0012380819626239,0.0003295956104831,0.0018152066289457,0.0,0.0,5,0
R_46_barabasi_albert_0.3_0_emp,DETERMINISTIC_EMPIRICAL_ABM,barabasi_albert,0.3,46,0,empirical,23,499,0,1,1,0.002,0,0.0012380819626239,0.0003295956104831,0.0018152066289457,0.0,0.0,5,0
R_46_barabasi_albert_0.3_0_emp,DETERMINISTIC_EMPIRICAL_ABM,barabasi_albert,0.3,46,0,empirical,24,499,0,1,1,0.002,0,0.0012380819626239,0.0003295956104831,0.0018152066289457,0.0,0.0,5,0
R_46_STATIC_0_emp,STATIC_BASELINE,,,46,0,empirical,0,499,1,0,1,0.002,5,0.0012380819626239,0.0003295956104831,0.0018152066289457,0.0,0.0,0,0
R_46_STATIC_0_emp,STATIC_BASELINE,,,46,0,empirical,1,499,1,0,1,0.002,0,0.0012380819626239,0.0003295956104831,0.0018152066289457,0.0,0.0,0,0
R_46_STATIC_0_emp,STATIC_BASELINE,,,46,0,empirical,2,499,0,1,1,0.002,0,0.0012380819626239,0.0003295956104831,0.0018152066289457,0.0,0.0,0,0
R_46_STATIC_0_emp,STATIC_BASELINE,,,46,0,empirical,3,499,0,1,1,0.002,0,0.0012380819626239,0.0003295956104831,0.0018152066289457,0.0,0.0,0,0
R_46_STATIC_0_emp,STATIC_BASELINE,,,46,0,empirical,4,499,0,1,1,0.002,0,0.0012380819626239,0.0003295956104831,0.0018152066289457,0.0,0.0,0,0
R_46_STATIC_0_emp,STATIC_BASELINE,,,46,0,empirical,5,499,0,1,1,0.002,0,0.0012380819626239,0.0003295956104831,0.0018152066289457,0.0,0.0,0,0
R_46_STATIC_0_emp,STATIC_BASELINE,,,46,0,empirical,6,499,0,1,1,0.002,0,0.0012380819626239,0.0003295956104831,0.0018152066289457,0.0,0.0,0,0
R_46_STATIC_0_emp,STATIC_BASELINE,,,46,0,empirical,7,499,0,1,1,0.002,0,0.0012380819626239,0.0003295956104831,0.0018152066289457,0.0,0.0,0,0
R_46_STATIC_0_emp,STATIC_BASELINE,,,46,0,empirical,8,499,0,1,1,0.002,0,0.0012380819626239,0.0003295956104831,0.0018152066289457,0.0,0.0,0,0
R_46_STATIC_0_emp,STATIC_BASELINE,,,46,0,empirical,9,499,0,1,1,0.002,0,0.0012380819626239,0.0003295956104831,0.0018152066289457,0.0,0.0,0,0
R_46_STATIC_0_emp,STATIC_BASELINE,,,46,0,empirical,10,499,0,1,1,0.002,0,0.0012380819626239,0.0003295956104831,0.0018152066289457,0.0,0.0,0,0
R_46_STATIC_0_emp,STATIC_BASELINE,,,46,0,empirical,11,499,0,1,1,0.002,0,0.0012380819626239,0.0003295956104831,0.0018152066289457,0.0,0.0,0,0
R_46_STATIC_0_emp,STATIC_BASELINE,,,46,0,empirical,12,499,0,1,1,0.002,0,0.0012380819626239,0.0003295956104831,0.0018152066289457,0.0,0.0,0,0
R_46_STATIC_0_emp,STATIC_BASELINE,,,46,0,empirical,13,499,0,1,1,0.002,0,0.0012380819626239,0.0003295956104831,0.0018152066289457,0.0,0.0,0,0
R_46_STATIC_0_emp,STATIC_BASELINE,,,46,0,empirical,14,499,0,1,1,0.002,0,0.0012380819626239,0.0003295956104831,0.0018152066289457,0.0,0.0,0,0
R_46_STATIC_0_emp,STATIC_BASELINE,,,46,0,empirical,15,499,0,1,1,0.002,0,0.0012380819626239,0.0003295956104831,0.0018152066289457,0.0,0.0,0,0
R_46_STATIC_0_emp,STATIC_BASELINE,,,46,0,empirical,16,499,0,1,1,0.002,0,0.0012380819626239,0.0003295956104831,0.0018152066289457,0.0,0.0,0,0
R_46_STATIC_0_emp,STATIC_BASELINE,,,46,0,empirical,17,499,0,1,1,0.002,0,0.0012380819626239,0.0003295956104831,0.0018152066289457,0.0,0.0,0,0
R_46_STATIC_0_emp,STATIC_BASELINE,,,46,0,empirical,18,499,0,1,1,0.002,0,0.0012380819626239,0.0003295956104831,0.0018152066289457,0.0,0.0,0,0
R_46_STATIC_0_emp,STATIC_BASELINE,,,46,0,empirical,19,499,0,1,1,0.002,0,0.0012380819626239,0.0003295956104831,0.0018152066289457,0.0,0.0,0,0
R_46_STATIC_0_emp,STATIC_BASELINE,,,46,0,empirical,20,499,0,1,1,0.002,0,0.0012380819626239,0.0003295956104831,0.0018152066289457,0.0,0.0,0,0
R_46_STATIC_0_emp,STATIC_BASELINE,,,46,0,empirical,21,499,0,1,1,0.002,0,0.0012380819626239,0.0003295956104831,0.0018152066289457,0.0,0.0,0,0
R_46_STATIC_0_emp,STATIC_BASELINE,,,46,0,empirical,22,499,0,1,1,0.002,0,0.0012380819626239,0.0003295956104831,0.0018152066289457,0.0,0.0,0,0
R_46_STATIC_0_emp,STATIC_BASELINE,,,46,0,empirical,23,499,0,1,1,0.002,0,0.0012380819626239,0.0003295956104831,0.0018152066289457,0.0,0.0,0,0
R_46_STATIC_0_emp,STATIC_BASELINE,,,46,0,empirical,24,499,0,1,1,0.002,0,0.0012380819626239,0.0003295956104831,0.0018152066289457,0.0,0.0,0,0
R_46_watts_strogatz_0.05_0_const,DETERMINISTIC_EMPIRICAL_ABM,watts_strogatz,0.05,46,0,constant,0,499,1,0,1,0.002,5,0.0012380819626239,0.0012380819626239,0.0012380819626239,0.0004,0.0,0,0
R_46_watts_strogatz_0.05_0_const,DETERMINISTIC_EMPIRICAL_ABM,watts_strogatz,0.05,46,0,constant,1,499,1,0,1,0.002,0,0.0012380819626239,0.0012380819626239,0.0012380819626239,0.0004,0.0,0,0
R_46_watts_strogatz_0.05_0_const,DETERMINISTIC_EMPIRICAL_ABM,watts_strogatz,0.05,46,0,constant,2,499,0,1,1,0.002,0,0.0012380819626239,0.0012380819626239,0.0012380819626239,0.0,0.0,0,0
R_46_watts_strogatz_0.05_0_const,DETERMINISTIC_EMPIRICAL_ABM,watts_strogatz,0.05,46,0,constant,3,499,0,1,1,0.002,0,0.0012380819626239,0.0012380819626239,0.0012380819626239,0.0,0.0,0,0
R_46_watts_strogatz_0.05_0_const,DETERMINISTIC_EMPIRICAL_ABM,watts_strogatz,0.05,46,0,constant,4,499,0,1,1,0.002,0,0.0012380819626239,0.0012380819626239,0.0012380819626239,0.0,0.0,0,0
R_46_watts_strogatz_0.05_0_const,DETERMINISTIC_EMPIRICAL_ABM,watts_strogatz,0.05,46,0,constant,5,499,0,1,1,0.002,0,0.0012380819626239,0.0012380819626239,0.0012380819626239,0.0,0.0,0,0
R_46_watts_strogatz_0.05_0_const,DETERMINISTIC_EMPIRICAL_ABM,watts_strogatz,0.05,46,0,constant,6,499,0,1,1,0.002,0,0.0012380819626239,0.0012380819626239,0.0012380819626239,0.0,0.0,0,0
R_46_watts_strogatz_0.05_0_const,DETERMINISTIC_EMPIRICAL_ABM,watts_strogatz,0.05,46,0,constant,7,499,0,1,1,0.002,0,0.0012380819626239,0.0012380819626239,0.0012380819626239,0.0,0.0,0,0
R_46_watts_strogatz_0.05_0_const,DETERMINISTIC_EMPIRICAL_ABM,watts_strogatz,0.05,46,0,constant,8,499,0,1,1,0.002,0,0.0012380819626239,0.0012380819626239,0.0012380819626239,0.0,0.0,0,0
R_46_watts_strogatz_0.05_0_const,DETERMINISTIC_EMPIRICAL_ABM,watts_strogatz,0.05,46,0,constant,9,499,0,1,1,0.002,0,0.0012380819626239,0.0012380819626239,0.0012380819626239,0.0,0.0,0,0
R_46_watts_strogatz_0.05_0_const,DETERMINISTIC_EMPIRICAL_ABM,watts_strogatz,0.05,46,0,constant,10,499,0,1,1,0.002,0,0.0012380819626239,0.0012380819626239,0.0012380819626239,0.0,0.0,0,0
R_46_watts_strogatz_0.05_0_const,DETERMINISTIC_EMPIRICAL_ABM,watts_strogatz,0.05,46,0,constant,11,499,0,1,1,0.002,0,0.0012380819626239,0.0012380819626239,0.0012380819626239,0.0,0.0,0,0
R_46_watts_strogatz_0.05_0_const,DETERMINISTIC_EMPIRICAL_ABM,watts_strogatz,0.05,46,0,constant,12,499,0,1,1,0.002,0,0.0012380819626239,0.0012380819626239,0.0012380819626239,0.0,0.0,0,0
R_46_watts_strogatz_0.05_0_const,DETERMINISTIC_EMPIRICAL_ABM,watts_strogatz,0.05,46,0,constant,13,499,0,1,1,0.002,0,0.0012380819626239,0.0012380819626239,0.0012380819626239,0.0,0.0,0,0
R_46_watts_strogatz_0.05_0_const,DETERMINISTIC_EMPIRICAL_ABM,watts_strogatz,0.05,46,0,constant,14,499,0,1,1,0.002,0,0.0012380819626239,0.0012380819626239,0.0012380819626239,0.0,0.0,0,0
R_46_watts_strogatz_0.05_0_const,DETERMINISTIC_EMPIRICAL_ABM,watts_strogatz,0.05,46,0,constant,15,499,0,1,1,0.002,0,0.0012380819626239,0.0012380819626239,0.0012380819626239,0.0,0.0,0,0
R_46_watts_strogatz_0.05_0_const,DETERMINISTIC_EMPIRICAL_ABM,watts_strogatz,0.05,46,0,constant,16,499,0,1,1,0.002,0,0.0012380819626239,0.0012380819626239,0.0012380819626239,0.0,0.0,0,0
R_46_watts_strogatz_0.05_0_const,DETERMINISTIC_EMPIRICAL_ABM,watts_strogatz,0.05,46,0,constant,17,499,0,1,1,0.002,0,0.0012380819626239,0.0012380819626239,0.0012380819626239,0.0,0.0,0,0
R_46_watts_strogatz_0.05_0_const,DETERMINISTIC_EMPIRICAL_ABM,watts_strogatz,0.05,46,0,constant,18,499,0,1,1,0.002,0,0.0012380819626239,0.0012380819626239,0.0012380819626239,0.0,0.0,0,0
R_46_watts_strogatz_0.05_0_const,DETERMINISTIC_EMPIRICAL_ABM,watts_strogatz,0.05,46,0,constant,19,499,0,1,1,0.002,0,0.0012380819626239,0.0012380819626239,0.0012380819626239,0.0,0.0,0,0
R_46_watts_strogatz_0.05_0_const,DETERMINISTIC_EMPIRICAL_ABM,watts_strogatz,0.05,46,0,constant,20,499,0,1,1,0.002,0,0.0012380819626239,0.0012380819626239,0.0012380819626239,0.0,0.0,0,0
R_46_watts_strogatz_0.05_0_const,DETERMINISTIC_EMPIRICAL_ABM,watts_strogatz,0.05,46,0,constant,21,499,0,1,1,0.002,0,0.0012380819626239,0.0012380819626239,0.0012380819626239,0.0,0.0,0,0
R_46_watts_strogatz_0.05_0_const,DETERMINISTIC_EMPIRICAL_ABM,watts_strogatz,0.05,46,0,constant,22,499,0,1,1,0.002,0,0.0012380819626239,0.0012380819626239,0.0012380819626239,0.0,0.0,0,0
R_46_watts_strogatz_0.05_0_const,DETERMINISTIC_EMPIRICAL_ABM,watts_strogatz,0.05,46,0,constant,23,499,0,1,1,0.002,0,0.0012380819626239,0.0012380819626239,0.0012380819626239,0.0,0.0,0,0
R_46_watts_strogatz_0.05_0_const,DETERMINISTIC_EMPIRICAL_ABM,watts_strogatz,0.05,46,0,constant,24,499,0,1,1,0.002,0,0.0012380819626239,0.0012380819626239,0.0012380819626239,0.0,0.0,0,0
R_46_watts_strogatz_0.05_0_emp,DETERMINISTIC_EMPIRICAL_ABM,watts_strogatz,0.05,46,0,empirical,0,499,1,0,1,0.002,5,0.0012380819626239,0.0003295956104831,0.0018152066289457,0.0004,0.0,0,0
R_46_watts_strogatz_0.05_0_emp,DETERMINISTIC_EMPIRICAL_ABM,watts_strogatz,0.05,46,0,empirical,1,499,1,0,1,0.002,0,0.0012380819626239,0.0003295956104831,0.0018152066289457,0.0004,0.0,0,0
R_46_watts_strogatz_0.05_0_emp,DETERMINISTIC_EMPIRICAL_ABM,watts_strogatz,0.05,46,0,empirical,2,499,0,1,1,0.002,0,0.0012380819626239,0.0003295956104831,0.0018152066289457,0.0,0.0,0,0
R_46_watts_strogatz_0.05_0_emp,DETERMINISTIC_EMPIRICAL_ABM,watts_strogatz,0.05,46,0,empirical,3,499,0,1,1,0.002,0,0.0012380819626239,0.0003295956104831,0.0018152066289457,0.0,0.0,0,0
R_46_watts_strogatz_0.05_0_emp,DETERMINISTIC_EMPIRICAL_ABM,watts_strogatz,0.05,46,0,empirical,4,499,0,1,1,0.002,0,0.0012380819626239,0.0003295956104831,0.0018152066289457,0.0,0.0,0,0
R_46_watts_strogatz_0.05_0_emp,DETERMINISTIC_EMPIRICAL_ABM,watts_strogatz,0.05,46,0,empirical,5,499,0,1,1,0.002,0,0.0012380819626239,0.0003295956104831,0.0018152066289457,0.0,0.0,0,0
R_46_watts_strogatz_0.05_0_emp,DETERMINISTIC_EMPIRICAL_ABM,watts_strogatz,0.05,46,0,empirical,6,499,0,1,1,0.002,0,0.0012380819626239,0.0003295956104831,0.0018152066289457,0.0,0.0,0,0
R_46_watts_strogatz_0.05_0_emp,DETERMINISTIC_EMPIRICAL_ABM,watts_strogatz,0.05,46,0,empirical,7,499,0,1,1,0.002,0,0.0012380819626239,0.0003295956104831,0.0018152066289457,0.0,0.0,0,0
R_46_watts_strogatz_0.05_0_emp,DETERMINISTIC_EMPIRICAL_ABM,watts_strogatz,0.05,46,0,empirical,8,499,0,1,1,0.002,0,0.0012380819626239,0.0003295956104831,0.0018152066289457,0.0,0.0,0,0
R_46_watts_strogatz_0.05_0_emp,DETERMINISTIC_EMPIRICAL_ABM,watts_strogatz,0.05,46,0,empirical,9,499,0,1,1,0.002,0,0.0012380819626239,0.0003295956104831,0.0018152066289457,0.0,0.0,0,0
R_46_watts_strogatz_0.05_0_emp,DETERMINISTIC_EMPIRICAL_ABM,watts_strogatz,0.05,46,0,empirical,10,499,0,1,1,0.002,0,0.0012380819626239,0.0003295956104831,0.0018152066289457,0.0,0.0,0,0
R_46_watts_strogatz_0.05_0_emp,DETERMINISTIC_EMPIRICAL_ABM,watts_strogatz,0.05,46,0,empirical,11,499,0,1,1,0.002,0,0.0012380819626239,0.0003295956104831,0.0018152066289457,0.0,0.0,0,0
R_46_watts_strogatz_0.05_0_emp,DETERMINISTIC_EMPIRICAL_ABM,watts_strogatz,0.05,46,0,empirical,12,499,0,1,1,0.002,0,0.0012380819626239,0.0003295956104831,0.0018152066289457,0.0,0.0,0,0
R_46_watts_strogatz_0.05_0_emp,DETERMINISTIC_EMPIRICAL_ABM,watts_strogatz,0.05,46,0,empirical,13,499,0,1,1,0.002,0,0.0012380819626239,0.0003295956104831,0.0018152066289457,0.0,0.0,0,0
R_46_watts_strogatz_0.05_0_emp,DETERMINISTIC_EMPIRICAL_ABM,watts_strogatz,0.05,46,0,empirical,14,499,0,1,1,0.002,0,0.0012380819626239,0.0003295956104831,0.0018152066289457,0.0,0.0,0,0
R_46_watts_strogatz_0.05_0_emp,DETERMINISTIC_EMPIRICAL_ABM,watts_strogatz,0.05,46,0,empirical,15,499,0,1,1,0.002,0,0.0012380819626239,0.0003295956104831,0.0018152066289457,0.0,0.0,0,0
R_46_watts_strogatz_0.05_0_emp,DETERMINISTIC_EMPIRICAL_ABM,watts_strogatz,0.05,46,0,empirical,16,499,0,1,1,0.002,0,0.0012380819626239,0.0003295956104831,0.0018152066289457,0.0,0.0,0,0
R_46_watts_strogatz_0.05_0_emp,DETERMINISTIC_EMPIRICAL_ABM,watts_strogatz,0.05,46,0,empirical,17,499,0,1,1,0.002,0,0.0012380819626239,0.0003295956104831,0.0018152066289457,0.0,0.0,0,0
R_46_watts_strogatz_0.05_0_emp,DETERMINISTIC_EMPIRICAL_ABM,watts_strogatz,0.05,46,0,empirical,18,499,0,1,1,0.002,0,0.0012380819626239,0.0003295956104831,0.0018152066289457,0.0,0.0,0,0
R_46_watts_strogatz_0.05_0_emp,DETERMINISTIC_EMPIRICAL_ABM,watts_strogatz,0.05,46,0,empirical,19,499,0,1,1,0.002,0,0.0012380819626239,0.0003295956104831,0.0018152066289457,0.0,0.0,0,0
R_46_watts_strogatz_0.05_0_emp,DETERMINISTIC_EMPIRICAL_ABM,watts_strogatz,0.05,46,0,empirical,20,499,0,1,1,0.002,0,0.0012380819626239,0.0003295956104831,0.0018152066289457,0.0,0.0,0,0
R_46_watts_strogatz_0.05_0_emp,DETERMINISTIC_EMPIRICAL_ABM,watts_strogatz,0.05,46,0,empirical,21,499,0,1,1,0.002,0,0.0012380819626239,0.0003295956104831,0.0018152066289457,0.0,0.0,0,0
R_46_watts_strogatz_0.05_0_emp,DETERMINISTIC_EMPIRICAL_ABM,watts_strogatz,0.05,46,0,empirical,22,499,0,1,1,0.002,0,0.0012380819626239,0.0003295956104831,0.0018152066289457,0.0,0.0,0,0
R_46_watts_strogatz_0.05_0_emp,DETERMINISTIC_EMPIRICAL_ABM,watts_strogatz,0.05,46,0,empirical,23,499,0,1,1,0.002,0,0.0012380819626239,0.0003295956104831,0.0018152066289457,0.0,0.0,0,0
R_46_watts_strogatz_0.05_0_emp,DETERMINISTIC_EMPIRICAL_ABM,watts_strogatz,0.05,46,0,empirical,24,499,0,1,1,0.002,0,0.0012380819626239,0.0003295956104831,0.0018152066289457,0.0,0.0,0,0
R_46_watts_strogatz_0.15_0_const,DETERMINISTIC_EMPIRICAL_ABM,watts_strogatz,0.15,46,0,constant,0,499,1,0,1,0.002,5,0.0012380819626239,0.0012380819626239,0.0012380819626239,0.0012,0.0,0,0
R_46_watts_strogatz_0.15_0_const,DETERMINISTIC_EMPIRICAL_ABM,watts_strogatz,0.15,46,0,constant,1,499,1,0,1,0.002,0,0.0012380819626239,0.0012380819626239,0.0012380819626239,0.0012,0.0,4,0
R_46_watts_strogatz_0.15_0_const,DETERMINISTIC_EMPIRICAL_ABM,watts_strogatz,0.15,46,0,constant,2,499,0,1,1,0.002,0,0.0012380819626239,0.0012380819626239,0.0012380819626239,0.0,0.0,6,0
R_46_watts_strogatz_0.15_0_const,DETERMINISTIC_EMPIRICAL_ABM,watts_strogatz,0.15,46,0,constant,3,499,0,1,1,0.002,0,0.0012380819626239,0.0012380819626239,0.0012380819626239,0.0,0.0,6,0
R_46_watts_strogatz_0.15_0_const,DETERMINISTIC_EMPIRICAL_ABM,watts_strogatz,0.15,46,0,constant,4,499,0,1,1,0.002,0,0.0012380819626239,0.0012380819626239,0.0012380819626239,0.0,0.0,6,0
R_46_watts_strogatz_0.15_0_const,DETERMINISTIC_EMPIRICAL_ABM,watts_strogatz,0.15,46,0,constant,5,499,0,1,1,0.002,0,0.0012380819626239,0.0012380819626239,0.0012380819626239,0.0,0.0,6,0
R_46_watts_strogatz_0.15_0_const,DETERMINISTIC_EMPIRICAL_ABM,watts_strogatz,0.15,46,0,constant,6,499,0,1,1,0.002,0,0.0012380819626239,0.0012380819626239,0.0012380819626239,0.0,0.0,6,0
R_46_watts_strogatz_0.15_0_const,DETERMINISTIC_EMPIRICAL_ABM,watts_strogatz,0.15,46,0,constant,7,499,0,1,1,0.002,0,0.0012380819626239,0.0012380819626239,0.0012380819626239,0.0,0.0,6,0
R_46_watts_strogatz_0.15_0_const,DETERMINISTIC_EMPIRICAL_ABM,watts_strogatz,0.15,46,0,constant,8,499,0,1,1,0.002,0,0.0012380819626239,0.0012380819626239,0.0012380819626239,0.0,0.0,6,0
R_46_watts_strogatz_0.15_0_const,DETERMINISTIC_EMPIRICAL_ABM,watts_strogatz,0.15,46,0,constant,9,499,0,1,1,0.002,0,0.0012380819626239,0.0012380819626239,0.0012380819626239,0.0,0.0,6,0
R_46_watts_strogatz_0.15_0_const,DETERMINISTIC_EMPIRICAL_ABM,watts_strogatz,0.15,46,0,constant,10,499,0,1,1,0.002,0,0.0012380819626239,0.0012380819626239,0.0012380819626239,0.0,0.0,6,0
R_46_watts_strogatz_0.15_0_const,DETERMINISTIC_EMPIRICAL_ABM,watts_strogatz,0.15,46,0,constant,11,499,0,1,1,0.002,0,0.0012380819626239,0.0012380819626239,0.0012380819626239,0.0,0.0,6,0
R_46_watts_strogatz_0.15_0_const,DETERMINISTIC_EMPIRICAL_ABM,watts_strogatz,0.15,46,0,constant,12,499,0,1,1,0.002,0,0.0012380819626239,0.0012380819626239,0.0012380819626239,0.0,0.0,6,0
R_46_watts_strogatz_0.15_0_const,DETERMINISTIC_EMPIRICAL_ABM,watts_strogatz,0.15,46,0,constant,13,499,0,1,1,0.002,0,0.0012380819626239,0.0012380819626239,0.0012380819626239,0.0,0.0,6,0
R_46_watts_strogatz_0.15_0_const,DETERMINISTIC_EMPIRICAL_ABM,watts_strogatz,0.15,46,0,constant,14,499,0,1,1,0.002,0,0.0012380819626239,0.0012380819626239,0.0012380819626239,0.0,0.0,6,0
R_46_watts_strogatz_0.15_0_const,DETERMINISTIC_EMPIRICAL_ABM,watts_strogatz,0.15,46,0,constant,15,499,0,1,1,0.002,0,0.0012380819626239,0.0012380819626239,0.0012380819626239,0.0,0.0,6,0
R_46_watts_strogatz_0.15_0_const,DETERMINISTIC_EMPIRICAL_ABM,watts_strogatz,0.15,46,0,constant,16,499,0,1,1,0.002,0,0.0012380819626239,0.0012380819626239,0.0012380819626239,0.0,0.0,6,0
R_46_watts_strogatz_0.15_0_const,DETERMINISTIC_EMPIRICAL_ABM,watts_strogatz,0.15,46,0,constant,17,499,0,1,1,0.002,0,0.0012380819626239,0.0012380819626239,0.0012380819626239,0.0,0.0,6,0
R_46_watts_strogatz_0.15_0_const,DETERMINISTIC_EMPIRICAL_ABM,watts_strogatz,0.15,46,0,constant,18,499,0,1,1,0.002,0,0.0012380819626239,0.0012380819626239,0.0012380819626239,0.0,0.0,6,0
R_46_watts_strogatz_0.15_0_const,DETERMINISTIC_EMPIRICAL_ABM,watts_strogatz,0.15,46,0,constant,19,499,0,1,1,0.002,0,0.0012380819626239,0.0012380819626239,0.0012380819626239,0.0,0.0,6,0
R_46_watts_strogatz_0.15_0_const,DETERMINISTIC_EMPIRICAL_ABM,watts_strogatz,0.15,46,0,constant,20,499,0,1,1,0.002,0,0.0012380819626239,0.0012380819626239,0.0012380819626239,0.0,0.0,6,0
R_46_watts_strogatz_0.15_0_const,DETERMINISTIC_EMPIRICAL_ABM,watts_strogatz,0.15,46,0,constant,21,499,0,1,1,0.002,0,0.0012380819626239,0.0012380819626239,0.0012380819626239,0.0,0.0,6,0
R_46_watts_strogatz_0.15_0_const,DETERMINISTIC_EMPIRICAL_ABM,watts_strogatz,0.15,46,0,constant,22,499,0,1,1,0.002,0,0.0012380819626239,0.0012380819626239,0.0012380819626239,0.0,0.0,6,0
R_46_watts_strogatz_0.15_0_const,DETERMINISTIC_EMPIRICAL_ABM,watts_strogatz,0.15,46,0,constant,23,499,0,1,1,0.002,0,0.0012380819626239,0.0012380819626239,0.0012380819626239,0.0,0.0,6,0
R_46_watts_strogatz_0.15_0_const,DETERMINISTIC_EMPIRICAL_ABM,watts_strogatz,0.15,46,0,constant,24,499,0,1,1,0.002,0,0.0012380819626239,0.0012380819626239,0.0012380819626239,0.0,0.0,6,0
R_46_watts_strogatz_0.15_0_emp,DETERMINISTIC_EMPIRICAL_ABM,watts_strogatz,0.15,46,0,empirical,0,499,1,0,1,0.002,5,0.0012380819626239,0.0003295956104831,0.0018152066289457,0.0012,0.0,0,0
R_46_watts_strogatz_0.15_0_emp,DETERMINISTIC_EMPIRICAL_ABM,watts_strogatz,0.15,46,0,empirical,1,499,1,0,1,0.002,0,0.0012380819626239,0.0003295956104831,0.0018152066289457,0.0012,0.0,4,0
R_46_watts_strogatz_0.15_0_emp,DETERMINISTIC_EMPIRICAL_ABM,watts_strogatz,0.15,46,0,empirical,2,499,0,1,1,0.002,0,0.0012380819626239,0.0003295956104831,0.0018152066289457,0.0,0.0,6,0
R_46_watts_strogatz_0.15_0_emp,DETERMINISTIC_EMPIRICAL_ABM,watts_strogatz,0.15,46,0,empirical,3,499,0,1,1,0.002,0,0.0012380819626239,0.0003295956104831,0.0018152066289457,0.0,0.0,6,0
R_46_watts_strogatz_0.15_0_emp,DETERMINISTIC_EMPIRICAL_ABM,watts_strogatz,0.15,46,0,empirical,4,499,0,1,1,0.002,0,0.0012380819626239,0.0003295956104831,0.0018152066289457,0.0,0.0,6,0
R_46_watts_strogatz_0.15_0_emp,DETERMINISTIC_EMPIRICAL_ABM,watts_strogatz,0.15,46,0,empirical,5,499,0,1,1,0.002,0,0.0012380819626239,0.0003295956104831,0.0018152066289457,0.0,0.0,6,0
R_46_watts_strogatz_0.15_0_emp,DETERMINISTIC_EMPIRICAL_ABM,watts_strogatz,0.15,46,0,empirical,6,499,0,1,1,0.002,0,0.0012380819626239,0.0003295956104831,0.0018152066289457,0.0,0.0,6,0
R_46_watts_strogatz_0.15_0_emp,DETERMINISTIC_EMPIRICAL_ABM,watts_strogatz,0.15,46,0,empirical,7,499,0,1,1,0.002,0,0.0012380819626239,0.0003295956104831,0.0018152066289457,0.0,0.0,6,0
R_46_watts_strogatz_0.15_0_emp,DETERMINISTIC_EMPIRICAL_ABM,watts_strogatz,0.15,46,0,empirical,8,499,0,1,1,0.002,0,0.0012380819626239,0.0003295956104831,0.0018152066289457,0.0,0.0,6,0
R_46_watts_strogatz_0.15_0_emp,DETERMINISTIC_EMPIRICAL_ABM,watts_strogatz,0.15,46,0,empirical,9,499,0,1,1,0.002,0,0.0012380819626239,0.0003295956104831,0.0018152066289457,0.0,0.0,6,0
R_46_watts_strogatz_0.15_0_emp,DETERMINISTIC_EMPIRICAL_ABM,watts_strogatz,0.15,46,0,empirical,10,499,0,1,1,0.002,0,0.0012380819626239,0.0003295956104831,0.0018152066289457,0.0,0.0,6,0
R_46_watts_strogatz_0.15_0_emp,DETERMINISTIC_EMPIRICAL_ABM,watts_strogatz,0.15,46,0,empirical,11,499,0,1,1,0.002,0,0.0012380819626239,0.0003295956104831,0.0018152066289457,0.0,0.0,6,0
R_46_watts_strogatz_0.15_0_emp,DETERMINISTIC_EMPIRICAL_ABM,watts_strogatz,0.15,46,0,empirical,12,499,0,1,1,0.002,0,0.0012380819626239,0.0003295956104831,0.0018152066289457,0.0,0.0,6,0
R_46_watts_strogatz_0.15_0_emp,DETERMINISTIC_EMPIRICAL_ABM,watts_strogatz,0.15,46,0,empirical,13,499,0,1,1,0.002,0,0.0012380819626239,0.0003295956104831,0.0018152066289457,0.0,0.0,6,0
R_46_watts_strogatz_0.15_0_emp,DETERMINISTIC_EMPIRICAL_ABM,watts_strogatz,0.15,46,0,empirical,14,499,0,1,1,0.002,0,0.0012380819626239,0.0003295956104831,0.0018152066289457,0.0,0.0,6,0
R_46_watts_strogatz_0.15_0_emp,DETERMINISTIC_EMPIRICAL_ABM,watts_strogatz,0.15,46,0,empirical,15,499,0,1,1,0.002,0,0.0012380819626239,0.0003295956104831,0.0018152066289457,0.0,0.0,6,0
R_46_watts_strogatz_0.15_0_emp,DETERMINISTIC_EMPIRICAL_ABM,watts_strogatz,0.15,46,0,empirical,16,499,0,1,1,0.002,0,0.0012380819626239,0.0003295956104831,0.0018152066289457,0.0,0.0,6,0
R_46_watts_strogatz_0.15_0_emp,DETERMINISTIC_EMPIRICAL_ABM,watts_strogatz,0.15,46,0,empirical,17,499,0,1,1,0.002,0,0.0012380819626239,0.0003295956104831,0.0018152066289457,0.0,0.0,6,0
R_46_watts_strogatz_0.15_0_emp,DETERMINISTIC_EMPIRICAL_ABM,watts_strogatz,0.15,46,0,empirical,18,499,0,1,1,0.002,0,0.0012380819626239,0.0003295956104831,0.0018152066289457,0.0,0.0,6,0
R_46_watts_strogatz_0.15_0_emp,DETERMINISTIC_EMPIRICAL_ABM,watts_strogatz,0.15,46,0,empirical,19,499,0,1,1,0.002,0,0.0012380819626239,0.0003295956104831,0.0018152066289457,0.0,0.0,6,0
R_46_watts_strogatz_0.15_0_emp,DETERMINISTIC_EMPIRICAL_ABM,watts_strogatz,0.15,46,0,empirical,20,499,0,1,1,0.002,0,0.0012380819626239,0.0003295956104831,0.0018152066289457,0.0,0.0,6,0
R_46_watts_strogatz_0.15_0_emp,DETERMINISTIC_EMPIRICAL_ABM,watts_strogatz,0.15,46,0,empirical,21,499,0,1,1,0.002,0,0.0012380819626239,0.0003295956104831,0.0018152066289457,0.0,0.0,6,0
R_46_watts_strogatz_0.15_0_emp,DETERMINISTIC_EMPIRICAL_ABM,watts_strogatz,0.15,46,0,empirical,22,499,0,1,1,0.002,0,0.0012380819626239,0.0003295956104831,0.0018152066289457,0.0,0.0,6,0
R_46_watts_strogatz_0.15_0_emp,DETERMINISTIC_EMPIRICAL_ABM,watts_strogatz,0.15,46,0,empirical,23,499,0,1,1,0.002,0,0.0012380819626239,0.0003295956104831,0.0018152066289457,0.0,0.0,6,0
R_46_watts_strogatz_0.15_0_emp,DETERMINISTIC_EMPIRICAL_ABM,watts_strogatz,0.15,46,0,empirical,24,499,0,1,1,0.002,0,0.0012380819626239,0.0003295956104831,0.0018152066289457,0.0,0.0,6,0
R_46_watts_strogatz_0.3_0_const,DETERMINISTIC_EMPIRICAL_ABM,watts_strogatz,0.3,46,0,constant,0,499,1,0,1,0.002,5,0.0012380819626239,0.0012380819626239,0.0012380819626239,0.0024,0.0,0,0
R_46_watts_strogatz_0.3_0_const,DETERMINISTIC_EMPIRICAL_ABM,watts_strogatz,0.3,46,0,constant,1,499,1,0,1,0.002,0,0.0012380819626239,0.0012380819626239,0.0012380819626239,0.0024,0.0,4,0
R_46_watts_strogatz_0.3_0_const,DETERMINISTIC_EMPIRICAL_ABM,watts_strogatz,0.3,46,0,constant,2,499,0,1,1,0.002,0,0.0012380819626239,0.0012380819626239,0.0012380819626239,0.0,0.0,6,0
R_46_watts_strogatz_0.3_0_const,DETERMINISTIC_EMPIRICAL_ABM,watts_strogatz,0.3,46,0,constant,3,499,0,1,1,0.002,0,0.0012380819626239,0.0012380819626239,0.0012380819626239,0.0,0.0,6,0
R_46_watts_strogatz_0.3_0_const,DETERMINISTIC_EMPIRICAL_ABM,watts_strogatz,0.3,46,0,constant,4,499,0,1,1,0.002,0,0.0012380819626239,0.0012380819626239,0.0012380819626239,0.0,0.0,6,0
R_46_watts_strogatz_0.3_0_const,DETERMINISTIC_EMPIRICAL_ABM,watts_strogatz,0.3,46,0,constant,5,499,0,1,1,0.002,0,0.0012380819626239,0.0012380819626239,0.0012380819626239,0.0,0.0,6,0
R_46_watts_strogatz_0.3_0_const,DETERMINISTIC_EMPIRICAL_ABM,watts_strogatz,0.3,46,0,constant,6,499,0,1,1,0.002,0,0.0012380819626239,0.0012380819626239,0.0012380819626239,0.0,0.0,6,0
R_46_watts_strogatz_0.3_0_const,DETERMINISTIC_EMPIRICAL_ABM,watts_strogatz,0.3,46,0,constant,7,499,0,1,1,0.002,0,0.0012380819626239,0.0012380819626239,0.0012380819626239,0.0,0.0,6,0
R_46_watts_strogatz_0.3_0_const,DETERMINISTIC_EMPIRICAL_ABM,watts_strogatz,0.3,46,0,constant,8,499,0,1,1,0.002,0,0.0012380819626239,0.0012380819626239,0.0012380819626239,0.0,0.0,6,0
R_46_watts_strogatz_0.3_0_const,DETERMINISTIC_EMPIRICAL_ABM,watts_strogatz,0.3,46,0,constant,9,499,0,1,1,0.002,0,0.0012380819626239,0.0012380819626239,0.0012380819626239,0.0,0.0,6,0
R_46_watts_strogatz_0.3_0_const,DETERMINISTIC_EMPIRICAL_ABM,watts_strogatz,0.3,46,0,constant,10,499,0,1,1,0.002,0,0.0012380819626239,0.0012380819626239,0.0012380819626239,0.0,0.0,6,0
R_46_watts_strogatz_0.3_0_const,DETERMINISTIC_EMPIRICAL_ABM,watts_strogatz,0.3,46,0,constant,11,499,0,1,1,0.002,0,0.0012380819626239,0.0012380819626239,0.0012380819626239,0.0,0.0,6,0
R_46_watts_strogatz_0.3_0_const,DETERMINISTIC_EMPIRICAL_ABM,watts_strogatz,0.3,46,0,constant,12,499,0,1,1,0.002,0,0.0012380819626239,0.0012380819626239,0.0012380819626239,0.0,0.0,6,0
R_46_watts_strogatz_0.3_0_const,DETERMINISTIC_EMPIRICAL_ABM,watts_strogatz,0.3,46,0,constant,13,499,0,1,1,0.002,0,0.0012380819626239,0.0012380819626239,0.0012380819626239,0.0,0.0,6,0
R_46_watts_strogatz_0.3_0_const,DETERMINISTIC_EMPIRICAL_ABM,watts_strogatz,0.3,46,0,constant,14,499,0,1,1,0.002,0,0.0012380819626239,0.0012380819626239,0.0012380819626239,0.0,0.0,6,0
R_46_watts_strogatz_0.3_0_const,DETERMINISTIC_EMPIRICAL_ABM,watts_strogatz,0.3,46,0,constant,15,499,0,1,1,0.002,0,0.0012380819626239,0.0012380819626239,0.0012380819626239,0.0,0.0,6,0
R_46_watts_strogatz_0.3_0_const,DETERMINISTIC_EMPIRICAL_ABM,watts_strogatz,0.3,46,0,constant,16,499,0,1,1,0.002,0,0.0012380819626239,0.0012380819626239,0.0012380819626239,0.0,0.0,6,0
R_46_watts_strogatz_0.3_0_const,DETERMINISTIC_EMPIRICAL_ABM,watts_strogatz,0.3,46,0,constant,17,499,0,1,1,0.002,0,0.0012380819626239,0.0012380819626239,0.0012380819626239,0.0,0.0,6,0
R_46_watts_strogatz_0.3_0_const,DETERMINISTIC_EMPIRICAL_ABM,watts_strogatz,0.3,46,0,constant,18,499,0,1,1,0.002,0,0.0012380819626239,0.0012380819626239,0.0012380819626239,0.0,0.0,6,0
R_46_watts_strogatz_0.3_0_const,DETERMINISTIC_EMPIRICAL_ABM,watts_strogatz,0.3,46,0,constant,19,499,0,1,1,0.002,0,0.0012380819626239,0.0012380819626239,0.0012380819626239,0.0,0.0,6,0
R_46_watts_strogatz_0.3_0_const,DETERMINISTIC_EMPIRICAL_ABM,watts_strogatz,0.3,46,0,constant,20,499,0,1,1,0.002,0,0.0012380819626239,0.0012380819626239,0.0012380819626239,0.0,0.0,6,0
R_46_watts_strogatz_0.3_0_const,DETERMINISTIC_EMPIRICAL_ABM,watts_strogatz,0.3,46,0,constant,21,499,0,1,1,0.002,0,0.0012380819626239,0.0012380819626239,0.0012380819626239,0.0,0.0,6,0
R_46_watts_strogatz_0.3_0_const,DETERMINISTIC_EMPIRICAL_ABM,watts_strogatz,0.3,46,0,constant,22,499,0,1,1,0.002,0,0.0012380819626239,0.0012380819626239,0.0012380819626239,0.0,0.0,6,0
R_46_watts_strogatz_0.3_0_const,DETERMINISTIC_EMPIRICAL_ABM,watts_strogatz,0.3,46,0,constant,23,499,0,1,1,0.002,0,0.0012380819626239,0.0012380819626239,0.0012380819626239,0.0,0.0,6,0
R_46_watts_strogatz_0.3_0_const,DETERMINISTIC_EMPIRICAL_ABM,watts_strogatz,0.3,46,0,constant,24,499,0,1,1,0.002,0,0.0012380819626239,0.0012380819626239,0.0012380819626239,0.0,0.0,6,0
R_46_watts_strogatz_0.3_0_emp,DETERMINISTIC_EMPIRICAL_ABM,watts_strogatz,0.3,46,0,empirical,0,499,1,0,1,0.002,5,0.0012380819626239,0.0003295956104831,0.0018152066289457,0.0024,0.0,0,0
R_46_watts_strogatz_0.3_0_emp,DETERMINISTIC_EMPIRICAL_ABM,watts_strogatz,0.3,46,0,empirical,1,499,1,0,1,0.002,0,0.0012380819626239,0.0003295956104831,0.0018152066289457,0.0024,0.0,4,0
R_46_watts_strogatz_0.3_0_emp,DETERMINISTIC_EMPIRICAL_ABM,watts_strogatz,0.3,46,0,empirical,2,499,0,1,1,0.002,0,0.0012380819626239,0.0003295956104831,0.0018152066289457,0.0,0.0,6,0
R_46_watts_strogatz_0.3_0_emp,DETERMINISTIC_EMPIRICAL_ABM,watts_strogatz,0.3,46,0,empirical,3,499,0,1,1,0.002,0,0.0012380819626239,0.0003295956104831,0.0018152066289457,0.0,0.0,6,0
R_46_watts_strogatz_0.3_0_emp,DETERMINISTIC_EMPIRICAL_ABM,watts_strogatz,0.3,46,0,empirical,4,499,0,1,1,0.002,0,0.0012380819626239,0.0003295956104831,0.0018152066289457,0.0,0.0,6,0
R_46_watts_strogatz_0.3_0_emp,DETERMINISTIC_EMPIRICAL_ABM,watts_strogatz,0.3,46,0,empirical,5,499,0,1,1,0.002,0,0.0012380819626239,0.0003295956104831,0.0018152066289457,0.0,0.0,6,0
R_46_watts_strogatz_0.3_0_emp,DETERMINISTIC_EMPIRICAL_ABM,watts_strogatz,0.3,46,0,empirical,6,499,0,1,1,0.002,0,0.0012380819626239,0.0003295956104831,0.0018152066289457,0.0,0.0,6,0
R_46_watts_strogatz_0.3_0_emp,DETERMINISTIC_EMPIRICAL_ABM,watts_strogatz,0.3,46,0,empirical,7,499,0,1,1,0.002,0,0.0012380819626239,0.0003295956104831,0.0018152066289457,0.0,0.0,6,0
R_46_watts_strogatz_0.3_0_emp,DETERMINISTIC_EMPIRICAL_ABM,watts_strogatz,0.3,46,0,empirical,8,499,0,1,1,0.002,0,0.0012380819626239,0.0003295956104831,0.0018152066289457,0.0,0.0,6,0
R_46_watts_strogatz_0.3_0_emp,DETERMINISTIC_EMPIRICAL_ABM,watts_strogatz,0.3,46,0,empirical,9,499,0,1,1,0.002,0,0.0012380819626239,0.0003295956104831,0.0018152066289457,0.0,0.0,6,0
R_46_watts_strogatz_0.3_0_emp,DETERMINISTIC_EMPIRICAL_ABM,watts_strogatz,0.3,46,0,empirical,10,499,0,1,1,0.002,0,0.0012380819626239,0.0003295956104831,0.0018152066289457,0.0,0.0,6,0
R_46_watts_strogatz_0.3_0_emp,DETERMINISTIC_EMPIRICAL_ABM,watts_strogatz,0.3,46,0,empirical,11,499,0,1,1,0.002,0,0.0012380819626239,0.0003295956104831,0.0018152066289457,0.0,0.0,6,0
R_46_watts_strogatz_0.3_0_emp,DETERMINISTIC_EMPIRICAL_ABM,watts_strogatz,0.3,46,0,empirical,12,499,0,1,1,0.002,0,0.0012380819626239,0.0003295956104831,0.0018152066289457,0.0,0.0,6,0
R_46_watts_strogatz_0.3_0_emp,DETERMINISTIC_EMPIRICAL_ABM,watts_strogatz,0.3,46,0,empirical,13,499,0,1,1,0.002,0,0.0012380819626239,0.0003295956104831,0.0018152066289457,0.0,0.0,6,0
R_46_watts_strogatz_0.3_0_emp,DETERMINISTIC_EMPIRICAL_ABM,watts_strogatz,0.3,46,0,empirical,14,499,0,1,1,0.002,0,0.0012380819626239,0.0003295956104831,0.0018152066289457,0.0,0.0,6,0
R_46_watts_strogatz_0.3_0_emp,DETERMINISTIC_EMPIRICAL_ABM,watts_strogatz,0.3,46,0,empirical,15,499,0,1,1,0.002,0,0.0012380819626239,0.0003295956104831,0.0018152066289457,0.0,0.0,6,0
R_46_watts_strogatz_0.3_0_emp,DETERMINISTIC_EMPIRICAL_ABM,watts_strogatz,0.3,46,0,empirical,16,499,0,1,1,0.002,0,0.0012380819626239,0.0003295956104831,0.0018152066289457,0.0,0.0,6,0
R_46_watts_strogatz_0.3_0_emp,DETERMINISTIC_EMPIRICAL_ABM,watts_strogatz,0.3,46,0,empirical,17,499,0,1,1,0.002,0,0.0012380819626239,0.0003295956104831,0.0018152066289457,0.0,0.0,6,0
R_46_watts_strogatz_0.3_0_emp,DETERMINISTIC_EMPIRICAL_ABM,watts_strogatz,0.3,46,0,empirical,18,499,0,1,1,0.002,0,0.0012380819626239,0.0003295956104831,0.0018152066289457,0.0,0.0,6,0
R_46_watts_strogatz_0.3_0_emp,DETERMINISTIC_EMPIRICAL_ABM,watts_strogatz,0.3,46,0,empirical,19,499,0,1,1,0.002,0,0.0012380819626239,0.0003295956104831,0.0018152066289457,0.0,0.0,6,0
R_46_watts_strogatz_0.3_0_emp,DETERMINISTIC_EMPIRICAL_ABM,watts_strogatz,0.3,46,0,empirical,20,499,0,1,1,0.002,0,0.0012380819626239,0.0003295956104831,0.0018152066289457,0.0,0.0,6,0
R_46_watts_strogatz_0.3_0_emp,DETERMINISTIC_EMPIRICAL_ABM,watts_strogatz,0.3,46,0,empirical,21,499,0,1,1,0.002,0,0.0012380819626239,0.0003295956104831,0.0018152066289457,0.0,0.0,6,0
R_46_watts_strogatz_0.3_0_emp,DETERMINISTIC_EMPIRICAL_ABM,watts_strogatz,0.3,46,0,empirical,22,499,0,1,1,0.002,0,0.0012380819626239,0.0003295956104831,0.0018152066289457,0.0,0.0,6,0
R_46_watts_strogatz_0.3_0_emp,DETERMINISTIC_EMPIRICAL_ABM,watts_strogatz,0.3,46,0,empirical,23,499,0,1,1,0.002,0,0.0012380819626239,0.0003295956104831,0.0018152066289457,0.0,0.0,6,0
R_46_watts_strogatz_0.3_0_emp,DETERMINISTIC_EMPIRICAL_ABM,watts_strogatz,0.3,46,0,empirical,24,499,0,1,1,0.002,0,0.0012380819626239,0.0003295956104831,0.0018152066289457,0.0,0.0,6,0
R_47_barabasi_albert_0.05_0_const,DETERMINISTIC_EMPIRICAL_ABM,barabasi_albert,0.05,47,0,constant,0,500,0,0,0,0.0,5,0.0012380819626239,0.0012380819626239,0.0012380819626239,0.0,0.0,0,0
R_47_barabasi_albert_0.05_0_const,DETERMINISTIC_EMPIRICAL_ABM,barabasi_albert,0.05,47,0,constant,1,500,0,0,0,0.0,0,0.0012380819626239,0.0012380819626239,0.0012380819626239,0.0,0.0,0,0
R_47_barabasi_albert_0.05_0_const,DETERMINISTIC_EMPIRICAL_ABM,barabasi_albert,0.05,47,0,constant,2,500,0,0,0,0.0,0,0.0012380819626239,0.0012380819626239,0.0012380819626239,0.0,0.0,0,0
R_47_barabasi_albert_0.05_0_const,DETERMINISTIC_EMPIRICAL_ABM,barabasi_albert,0.05,47,0,constant,3,500,0,0,0,0.0,0,0.0012380819626239,0.0012380819626239,0.0012380819626239,0.0,0.0,0,0
R_47_barabasi_albert_0.05_0_const,DETERMINISTIC_EMPIRICAL_ABM,barabasi_albert,0.05,47,0,constant,4,500,0,0,0,0.0,0,0.0012380819626239,0.0012380819626239,0.0012380819626239,0.0,0.0,0,0
R_47_barabasi_albert_0.05_0_const,DETERMINISTIC_EMPIRICAL_ABM,barabasi_albert,0.05,47,0,constant,5,500,0,0,0,0.0,0,0.0012380819626239,0.0012380819626239,0.0012380819626239,0.0,0.0,0,0
R_47_barabasi_albert_0.05_0_const,DETERMINISTIC_EMPIRICAL_ABM,barabasi_albert,0.05,47,0,constant,6,500,0,0,0,0.0,0,0.0012380819626239,0.0012380819626239,0.0012380819626239,0.0,0.0,0,0
R_47_barabasi_albert_0.05_0_const,DETERMINISTIC_EMPIRICAL_ABM,barabasi_albert,0.05,47,0,constant,7,500,0,0,0,0.0,0,0.0012380819626239,0.0012380819626239,0.0012380819626239,0.0,0.0,0,0
R_47_barabasi_albert_0.05_0_const,DETERMINISTIC_EMPIRICAL_ABM,barabasi_albert,0.05,47,0,constant,8,500,0,0,0,0.0,0,0.0012380819626239,0.0012380819626239,0.0012380819626239,0.0,0.0,0,0
R_47_barabasi_albert_0.05_0_const,DETERMINISTIC_EMPIRICAL_ABM,barabasi_albert,0.05,47,0,constant,9,500,0,0,0,0.0,0,0.0012380819626239,0.0012380819626239,0.0012380819626239,0.0,0.0,0,0
R_47_barabasi_albert_0.05_0_const,DETERMINISTIC_EMPIRICAL_ABM,barabasi_albert,0.05,47,0,constant,10,500,0,0,0,0.0,0,0.0012380819626239,0.0012380819626239,0.0012380819626239,0.0,0.0,0,0
R_47_barabasi_albert_0.05_0_const,DETERMINISTIC_EMPIRICAL_ABM,barabasi_albert,0.05,47,0,constant,11,500,0,0,0,0.0,0,0.0012380819626239,0.0012380819626239,0.0012380819626239,0.0,0.0,0,0
R_47_barabasi_albert_0.05_0_const,DETERMINISTIC_EMPIRICAL_ABM,barabasi_albert,0.05,47,0,constant,12,500,0,0,0,0.0,0,0.0012380819626239,0.0012380819626239,0.0012380819626239,0.0,0.0,0,0
R_47_barabasi_albert_0.05_0_const,DETERMINISTIC_EMPIRICAL_ABM,barabasi_albert,0.05,47,0,constant,13,500,0,0,0,0.0,0,0.0012380819626239,0.0012380819626239,0.0012380819626239,0.0,0.0,0,0
R_47_barabasi_albert_0.05_0_const,DETERMINISTIC_EMPIRICAL_ABM,barabasi_albert,0.05,47,0,constant,14,500,0,0,0,0.0,0,0.0012380819626239,0.0012380819626239,0.0012380819626239,0.0,0.0,0,0
R_47_barabasi_albert_0.05_0_const,DETERMINISTIC_EMPIRICAL_ABM,barabasi_albert,0.05,47,0,constant,15,500,0,0,0,0.0,0,0.0012380819626239,0.0012380819626239,0.0012380819626239,0.0,0.0,0,0
R_47_barabasi_albert_0.05_0_const,DETERMINISTIC_EMPIRICAL_ABM,barabasi_albert,0.05,47,0,constant,16,500,0,0,0,0.0,0,0.0012380819626239,0.0012380819626239,0.0012380819626239,0.0,0.0,0,0
R_47_barabasi_albert_0.05_0_const,DETERMINISTIC_EMPIRICAL_ABM,barabasi_albert,0.05,47,0,constant,17,500,0,0,0,0.0,0,0.0012380819626239,0.0012380819626239,0.0012380819626239,0.0,0.0,0,0
R_47_barabasi_albert_0.05_0_const,DETERMINISTIC_EMPIRICAL_ABM,barabasi_albert,0.05,47,0,constant,18,500,0,0,0,0.0,0,0.0012380819626239,0.0012380819626239,0.0012380819626239,0.0,0.0,0,0
R_47_barabasi_albert_0.05_0_const,DETERMINISTIC_EMPIRICAL_ABM,barabasi_albert,0.05,47,0,constant,19,500,0,0,0,0.0,0,0.0012380819626239,0.0012380819626239,0.0012380819626239,0.0,0.0,0,0
R_47_barabasi_albert_0.05_0_const,DETERMINISTIC_EMPIRICAL_ABM,barabasi_albert,0.05,47,0,constant,20,500,0,0,0,0.0,0,0.0012380819626239,0.0012380819626239,0.0012380819626239,0.0,0.0,0,0
R_47_barabasi_albert_0.05_0_const,DETERMINISTIC_EMPIRICAL_ABM,barabasi_albert,0.05,47,0,constant,21,500,0,0,0,0.0,0,0.0012380819626239,0.0012380819626239,0.0012380819626239,0.0,0.0,0,0
R_47_barabasi_albert_0.05_0_const,DETERMINISTIC_EMPIRICAL_ABM,barabasi_albert,0.05,47,0,constant,22,500,0,0,0,0.0,0,0.0012380819626239,0.0012380819626239,0.0012380819626239,0.0,0.0,0,0
R_47_barabasi_albert_0.05_0_const,DETERMINISTIC_EMPIRICAL_ABM,barabasi_albert,0.05,47,0,constant,23,500,0,0,0,0.0,0,0.0012380819626239,0.0012380819626239,0.0012380819626239,0.0,0.0,0,0
R_47_barabasi_albert_0.05_0_const,DETERMINISTIC_EMPIRICAL_ABM,barabasi_albert,0.05,47,0,constant,24,500,0,0,0,0.0,0,0.0012380819626239,0.0012380819626239,0.0012380819626239,0.0,0.0,0,0
R_47_barabasi_albert_0.05_0_emp,DETERMINISTIC_EMPIRICAL_ABM,barabasi_albert,0.05,47,0,empirical,0,500,0,0,0,0.0,5,0.0012380819626239,0.0003295956104831,0.0018152066289457,0.0,0.0,0,0
R_47_barabasi_albert_0.05_0_emp,DETERMINISTIC_EMPIRICAL_ABM,barabasi_albert,0.05,47,0,empirical,1,500,0,0,0,0.0,0,0.0012380819626239,0.0003295956104831,0.0018152066289457,0.0,0.0,0,0
R_47_barabasi_albert_0.05_0_emp,DETERMINISTIC_EMPIRICAL_ABM,barabasi_albert,0.05,47,0,empirical,2,500,0,0,0,0.0,0,0.0012380819626239,0.0003295956104831,0.0018152066289457,0.0,0.0,0,0
R_47_barabasi_albert_0.05_0_emp,DETERMINISTIC_EMPIRICAL_ABM,barabasi_albert,0.05,47,0,empirical,3,500,0,0,0,0.0,0,0.0012380819626239,0.0003295956104831,0.0018152066289457,0.0,0.0,0,0
R_47_barabasi_albert_0.05_0_emp,DETERMINISTIC_EMPIRICAL_ABM,barabasi_albert,0.05,47,0,empirical,4,500,0,0,0,0.0,0,0.0012380819626239,0.0003295956104831,0.0018152066289457,0.0,0.0,0,0
R_47_barabasi_albert_0.05_0_emp,DETERMINISTIC_EMPIRICAL_ABM,barabasi_albert,0.05,47,0,empirical,5,500,0,0,0,0.0,0,0.0012380819626239,0.0003295956104831,0.0018152066289457,0.0,0.0,0,0
R_47_barabasi_albert_0.05_0_emp,DETERMINISTIC_EMPIRICAL_ABM,barabasi_albert,0.05,47,0,empirical,6,500,0,0,0,0.0,0,0.0012380819626239,0.0003295956104831,0.0018152066289457,0.0,0.0,0,0
R_47_barabasi_albert_0.05_0_emp,DETERMINISTIC_EMPIRICAL_ABM,barabasi_albert,0.05,47,0,empirical,7,500,0,0,0,0.0,0,0.0012380819626239,0.0003295956104831,0.0018152066289457,0.0,0.0,0,0
R_47_barabasi_albert_0.05_0_emp,DETERMINISTIC_EMPIRICAL_ABM,barabasi_albert,0.05,47,0,empirical,8,500,0,0,0,0.0,0,0.0012380819626239,0.0003295956104831,0.0018152066289457,0.0,0.0,0,0
R_47_barabasi_albert_0.05_0_emp,DETERMINISTIC_EMPIRICAL_ABM,barabasi_albert,0.05,47,0,empirical,9,500,0,0,0,0.0,0,0.0012380819626239,0.0003295956104831,0.0018152066289457,0.0,0.0,0,0
R_47_barabasi_albert_0.05_0_emp,DETERMINISTIC_EMPIRICAL_ABM,barabasi_albert,0.05,47,0,empirical,10,500,0,0,0,0.0,0,0.0012380819626239,0.0003295956104831,0.0018152066289457,0.0,0.0,0,0
R_47_barabasi_albert_0.05_0_emp,DETERMINISTIC_EMPIRICAL_ABM,barabasi_albert,0.05,47,0,empirical,11,500,0,0,0,0.0,0,0.0012380819626239,0.0003295956104831,0.0018152066289457,0.0,0.0,0,0
R_47_barabasi_albert_0.05_0_emp,DETERMINISTIC_EMPIRICAL_ABM,barabasi_albert,0.05,47,0,empirical,12,500,0,0,0,0.0,0,0.0012380819626239,0.0003295956104831,0.0018152066289457,0.0,0.0,0,0
R_47_barabasi_albert_0.05_0_emp,DETERMINISTIC_EMPIRICAL_ABM,barabasi_albert,0.05,47,0,empirical,13,500,0,0,0,0.0,0,0.0012380819626239,0.0003295956104831,0.0018152066289457,0.0,0.0,0,0
R_47_barabasi_albert_0.05_0_emp,DETERMINISTIC_EMPIRICAL_ABM,barabasi_albert,0.05,47,0,empirical,14,500,0,0,0,0.0,0,0.0012380819626239,0.0003295956104831,0.0018152066289457,0.0,0.0,0,0
R_47_barabasi_albert_0.05_0_emp,DETERMINISTIC_EMPIRICAL_ABM,barabasi_albert,0.05,47,0,empirical,15,500,0,0,0,0.0,0,0.0012380819626239,0.0003295956104831,0.0018152066289457,0.0,0.0,0,0
R_47_barabasi_albert_0.05_0_emp,DETERMINISTIC_EMPIRICAL_ABM,barabasi_albert,0.05,47,0,empirical,16,500,0,0,0,0.0,0,0.0012380819626239,0.0003295956104831,0.0018152066289457,0.0,0.0,0,0
R_47_barabasi_albert_0.05_0_emp,DETERMINISTIC_EMPIRICAL_ABM,barabasi_albert,0.05,47,0,empirical,17,500,0,0,0,0.0,0,0.0012380819626239,0.0003295956104831,0.0018152066289457,0.0,0.0,0,0
R_47_barabasi_albert_0.05_0_emp,DETERMINISTIC_EMPIRICAL_ABM,barabasi_albert,0.05,47,0,empirical,18,500,0,0,0,0.0,0,0.0012380819626239,0.0003295956104831,0.0018152066289457,0.0,0.0,0,0
R_47_barabasi_albert_0.05_0_emp,DETERMINISTIC_EMPIRICAL_ABM,barabasi_albert,0.05,47,0,empirical,19,500,0,0,0,0.0,0,0.0012380819626239,0.0003295956104831,0.0018152066289457,0.0,0.0,0,0
R_47_barabasi_albert_0.05_0_emp,DETERMINISTIC_EMPIRICAL_ABM,barabasi_albert,0.05,47,0,empirical,20,500,0,0,0,0.0,0,0.0012380819626239,0.0003295956104831,0.0018152066289457,0.0,0.0,0,0
R_47_barabasi_albert_0.05_0_emp,DETERMINISTIC_EMPIRICAL_ABM,barabasi_albert,0.05,47,0,empirical,21,500,0,0,0,0.0,0,0.0012380819626239,0.0003295956104831,0.0018152066289457,0.0,0.0,0,0
R_47_barabasi_albert_0.05_0_emp,DETERMINISTIC_EMPIRICAL_ABM,barabasi_albert,0.05,47,0,empirical,22,500,0,0,0,0.0,0,0.0012380819626239,0.0003295956104831,0.0018152066289457,0.0,0.0,0,0
R_47_barabasi_albert_0.05_0_emp,DETERMINISTIC_EMPIRICAL_ABM,barabasi_albert,0.05,47,0,empirical,23,500,0,0,0,0.0,0,0.0012380819626239,0.0003295956104831,0.0018152066289457,0.0,0.0,0,0
R_47_barabasi_albert_0.05_0_emp,DETERMINISTIC_EMPIRICAL_ABM,barabasi_albert,0.05,47,0,empirical,24,500,0,0,0,0.0,0,0.0012380819626239,0.0003295956104831,0.0018152066289457,0.0,0.0,0,0
R_47_barabasi_albert_0.15_0_const,DETERMINISTIC_EMPIRICAL_ABM,barabasi_albert,0.15,47,0,constant,0,500,0,0,0,0.0,5,0.0012380819626239,0.0012380819626239,0.0012380819626239,0.0,0.0,0,0
R_47_barabasi_albert_0.15_0_const,DETERMINISTIC_EMPIRICAL_ABM,barabasi_albert,0.15,47,0,constant,1,500,0,0,0,0.0,0,0.0012380819626239,0.0012380819626239,0.0012380819626239,0.0,0.0,0,0
R_47_barabasi_albert_0.15_0_const,DETERMINISTIC_EMPIRICAL_ABM,barabasi_albert,0.15,47,0,constant,2,500,0,0,0,0.0,0,0.0012380819626239,0.0012380819626239,0.0012380819626239,0.0,0.0,0,0
R_47_barabasi_albert_0.15_0_const,DETERMINISTIC_EMPIRICAL_ABM,barabasi_albert,0.15,47,0,constant,3,500,0,0,0,0.0,0,0.0012380819626239,0.0012380819626239,0.0012380819626239,0.0,0.0,0,0
R_47_barabasi_albert_0.15_0_const,DETERMINISTIC_EMPIRICAL_ABM,barabasi_albert,0.15,47,0,constant,4,500,0,0,0,0.0,0,0.0012380819626239,0.0012380819626239,0.0012380819626239,0.0,0.0,0,0
R_47_barabasi_albert_0.15_0_const,DETERMINISTIC_EMPIRICAL_ABM,barabasi_albert,0.15,47,0,constant,5,500,0,0,0,0.0,0,0.0012380819626239,0.0012380819626239,0.0012380819626239,0.0,0.0,0,0
R_47_barabasi_albert_0.15_0_const,DETERMINISTIC_EMPIRICAL_ABM,barabasi_albert,0.15,47,0,constant,6,500,0,0,0,0.0,0,0.0012380819626239,0.0012380819626239,0.0012380819626239,0.0,0.0,0,0
R_47_barabasi_albert_0.15_0_const,DETERMINISTIC_EMPIRICAL_ABM,barabasi_albert,0.15,47,0,constant,7,500,0,0,0,0.0,0,0.0012380819626239,0.0012380819626239,0.0012380819626239,0.0,0.0,0,0
R_47_barabasi_albert_0.15_0_const,DETERMINISTIC_EMPIRICAL_ABM,barabasi_albert,0.15,47,0,constant,8,500,0,0,0,0.0,0,0.0012380819626239,0.0012380819626239,0.0012380819626239,0.0,0.0,0,0
R_47_barabasi_albert_0.15_0_const,DETERMINISTIC_EMPIRICAL_ABM,barabasi_albert,0.15,47,0,constant,9,500,0,0,0,0.0,0,0.0012380819626239,0.0012380819626239,0.0012380819626239,0.0,0.0,0,0
R_47_barabasi_albert_0.15_0_const,DETERMINISTIC_EMPIRICAL_ABM,barabasi_albert,0.15,47,0,constant,10,500,0,0,0,0.0,0,0.0012380819626239,0.0012380819626239,0.0012380819626239,0.0,0.0,0,0
R_47_barabasi_albert_0.15_0_const,DETERMINISTIC_EMPIRICAL_ABM,barabasi_albert,0.15,47,0,constant,11,500,0,0,0,0.0,0,0.0012380819626239,0.0012380819626239,0.0012380819626239,0.0,0.0,0,0
R_47_barabasi_albert_0.15_0_const,DETERMINISTIC_EMPIRICAL_ABM,barabasi_albert,0.15,47,0,constant,12,500,0,0,0,0.0,0,0.0012380819626239,0.0012380819626239,0.0012380819626239,0.0,0.0,0,0
R_47_barabasi_albert_0.15_0_const,DETERMINISTIC_EMPIRICAL_ABM,barabasi_albert,0.15,47,0,constant,13,500,0,0,0,0.0,0,0.0012380819626239,0.0012380819626239,0.0012380819626239,0.0,0.0,0,0
R_47_barabasi_albert_0.15_0_const,DETERMINISTIC_EMPIRICAL_ABM,barabasi_albert,0.15,47,0,constant,14,500,0,0,0,0.0,0,0.0012380819626239,0.0012380819626239,0.0012380819626239,0.0,0.0,0,0
R_47_barabasi_albert_0.15_0_const,DETERMINISTIC_EMPIRICAL_ABM,barabasi_albert,0.15,47,0,constant,15,500,0,0,0,0.0,0,0.0012380819626239,0.0012380819626239,0.0012380819626239,0.0,0.0,0,0
R_47_barabasi_albert_0.15_0_const,DETERMINISTIC_EMPIRICAL_ABM,barabasi_albert,0.15,47,0,constant,16,500,0,0,0,0.0,0,0.0012380819626239,0.0012380819626239,0.0012380819626239,0.0,0.0,0,0
R_47_barabasi_albert_0.15_0_const,DETERMINISTIC_EMPIRICAL_ABM,barabasi_albert,0.15,47,0,constant,17,500,0,0,0,0.0,0,0.0012380819626239,0.0012380819626239,0.0012380819626239,0.0,0.0,0,0
R_47_barabasi_albert_0.15_0_const,DETERMINISTIC_EMPIRICAL_ABM,barabasi_albert,0.15,47,0,constant,18,500,0,0,0,0.0,0,0.0012380819626239,0.0012380819626239,0.0012380819626239,0.0,0.0,0,0
R_47_barabasi_albert_0.15_0_const,DETERMINISTIC_EMPIRICAL_ABM,barabasi_albert,0.15,47,0,constant,19,500,0,0,0,0.0,0,0.0012380819626239,0.0012380819626239,0.0012380819626239,0.0,0.0,0,0
R_47_barabasi_albert_0.15_0_const,DETERMINISTIC_EMPIRICAL_ABM,barabasi_albert,0.15,47,0,constant,20,500,0,0,0,0.0,0,0.0012380819626239,0.0012380819626239,0.0012380819626239,0.0,0.0,0,0
R_47_barabasi_albert_0.15_0_const,DETERMINISTIC_EMPIRICAL_ABM,barabasi_albert,0.15,47,0,constant,21,500,0,0,0,0.0,0,0.0012380819626239,0.0012380819626239,0.0012380819626239,0.0,0.0,0,0
R_47_barabasi_albert_0.15_0_const,DETERMINISTIC_EMPIRICAL_ABM,barabasi_albert,0.15,47,0,constant,22,500,0,0,0,0.0,0,0.0012380819626239,0.0012380819626239,0.0012380819626239,0.0,0.0,0,0
R_47_barabasi_albert_0.15_0_const,DETERMINISTIC_EMPIRICAL_ABM,barabasi_albert,0.15,47,0,constant,23,500,0,0,0,0.0,0,0.0012380819626239,0.0012380819626239,0.0012380819626239,0.0,0.0,0,0
R_47_barabasi_albert_0.15_0_const,DETERMINISTIC_EMPIRICAL_ABM,barabasi_albert,0.15,47,0,constant,24,500,0,0,0,0.0,0,0.0012380819626239,0.0012380819626239,0.0012380819626239,0.0,0.0,0,0
R_47_barabasi_albert_0.15_0_emp,DETERMINISTIC_EMPIRICAL_ABM,barabasi_albert,0.15,47,0,empirical,0,500,0,0,0,0.0,5,0.0012380819626239,0.0003295956104831,0.0018152066289457,0.0,0.0,0,0
R_47_barabasi_albert_0.15_0_emp,DETERMINISTIC_EMPIRICAL_ABM,barabasi_albert,0.15,47,0,empirical,1,500,0,0,0,0.0,0,0.0012380819626239,0.0003295956104831,0.0018152066289457,0.0,0.0,0,0
R_47_barabasi_albert_0.15_0_emp,DETERMINISTIC_EMPIRICAL_ABM,barabasi_albert,0.15,47,0,empirical,2,500,0,0,0,0.0,0,0.0012380819626239,0.0003295956104831,0.0018152066289457,0.0,0.0,0,0
R_47_barabasi_albert_0.15_0_emp,DETERMINISTIC_EMPIRICAL_ABM,barabasi_albert,0.15,47,0,empirical,3,500,0,0,0,0.0,0,0.0012380819626239,0.0003295956104831,0.0018152066289457,0.0,0.0,0,0
R_47_barabasi_albert_0.15_0_emp,DETERMINISTIC_EMPIRICAL_ABM,barabasi_albert,0.15,47,0,empirical,4,500,0,0,0,0.0,0,0.0012380819626239,0.0003295956104831,0.0018152066289457,0.0,0.0,0,0
R_47_barabasi_albert_0.15_0_emp,DETERMINISTIC_EMPIRICAL_ABM,barabasi_albert,0.15,47,0,empirical,5,500,0,0,0,0.0,0,0.0012380819626239,0.0003295956104831,0.0018152066289457,0.0,0.0,0,0
R_47_barabasi_albert_0.15_0_emp,DETERMINISTIC_EMPIRICAL_ABM,barabasi_albert,0.15,47,0,empirical,6,500,0,0,0,0.0,0,0.0012380819626239,0.0003295956104831,0.0018152066289457,0.0,0.0,0,0
R_47_barabasi_albert_0.15_0_emp,DETERMINISTIC_EMPIRICAL_ABM,barabasi_albert,0.15,47,0,empirical,7,500,0,0,0,0.0,0,0.0012380819626239,0.0003295956104831,0.0018152066289457,0.0,0.0,0,0
R_47_barabasi_albert_0.15_0_emp,DETERMINISTIC_EMPIRICAL_ABM,barabasi_albert,0.15,47,0,empirical,8,500,0,0,0,0.0,0,0.0012380819626239,0.0003295956104831,0.0018152066289457,0.0,0.0,0,0
R_47_barabasi_albert_0.15_0_emp,DETERMINISTIC_EMPIRICAL_ABM,barabasi_albert,0.15,47,0,empirical,9,500,0,0,0,0.0,0,0.0012380819626239,0.0003295956104831,0.0018152066289457,0.0,0.0,0,0
R_47_barabasi_albert_0.15_0_emp,DETERMINISTIC_EMPIRICAL_ABM,barabasi_albert,0.15,47,0,empirical,10,500,0,0,0,0.0,0,0.0012380819626239,0.0003295956104831,0.0018152066289457,0.0,0.0,0,0
R_47_barabasi_albert_0.15_0_emp,DETERMINISTIC_EMPIRICAL_ABM,barabasi_albert,0.15,47,0,empirical,11,500,0,0,0,0.0,0,0.0012380819626239,0.0003295956104831,0.0018152066289457,0.0,0.0,0,0
R_47_barabasi_albert_0.15_0_emp,DETERMINISTIC_EMPIRICAL_ABM,barabasi_albert,0.15,47,0,empirical,12,500,0,0,0,0.0,0,0.0012380819626239,0.0003295956104831,0.0018152066289457,0.0,0.0,0,0
R_47_barabasi_albert_0.15_0_emp,DETERMINISTIC_EMPIRICAL_ABM,barabasi_albert,0.15,47,0,empirical,13,500,0,0,0,0.0,0,0.0012380819626239,0.0003295956104831,0.0018152066289457,0.0,0.0,0,0
R_47_barabasi_albert_0.15_0_emp,DETERMINISTIC_EMPIRICAL_ABM,barabasi_albert,0.15,47,0,empirical,14,500,0,0,0,0.0,0,0.0012380819626239,0.0003295956104831,0.0018152066289457,0.0,0.0,0,0
R_47_barabasi_albert_0.15_0_emp,DETERMINISTIC_EMPIRICAL_ABM,barabasi_albert,0.15,47,0,empirical,15,500,0,0,0,0.0,0,0.0012380819626239,0.0003295956104831,0.0018152066289457,0.0,0.0,0,0
R_47_barabasi_albert_0.15_0_emp,DETERMINISTIC_EMPIRICAL_ABM,barabasi_albert,0.15,47,0,empirical,16,500,0,0,0,0.0,0,0.0012380819626239,0.0003295956104831,0.0018152066289457,0.0,0.0,0,0
R_47_barabasi_albert_0.15_0_emp,DETERMINISTIC_EMPIRICAL_ABM,barabasi_albert,0.15,47,0,empirical,17,500,0,0,0,0.0,0,0.0012380819626239,0.0003295956104831,0.0018152066289457,0.0,0.0,0,0
R_47_barabasi_albert_0.15_0_emp,DETERMINISTIC_EMPIRICAL_ABM,barabasi_albert,0.15,47,0,empirical,18,500,0,0,0,0.0,0,0.0012380819626239,0.0003295956104831,0.0018152066289457,0.0,0.0,0,0
R_47_barabasi_albert_0.15_0_emp,DETERMINISTIC_EMPIRICAL_ABM,barabasi_albert,0.15,47,0,empirical,19,500,0,0,0,0.0,0,0.0012380819626239,0.0003295956104831,0.0018152066289457,0.0,0.0,0,0
R_47_barabasi_albert_0.15_0_emp,DETERMINISTIC_EMPIRICAL_ABM,barabasi_albert,0.15,47,0,empirical,20,500,0,0,0,0.0,0,0.0012380819626239,0.0003295956104831,0.0018152066289457,0.0,0.0,0,0
R_47_barabasi_albert_0.15_0_emp,DETERMINISTIC_EMPIRICAL_ABM,barabasi_albert,0.15,47,0,empirical,21,500,0,0,0,0.0,0,0.0012380819626239,0.0003295956104831,0.0018152066289457,0.0,0.0,0,0
R_47_barabasi_albert_0.15_0_emp,DETERMINISTIC_EMPIRICAL_ABM,barabasi_albert,0.15,47,0,empirical,22,500,0,0,0,0.0,0,0.0012380819626239,0.0003295956104831,0.0018152066289457,0.0,0.0,0,0
R_47_barabasi_albert_0.15_0_emp,DETERMINISTIC_EMPIRICAL_ABM,barabasi_albert,0.15,47,0,empirical,23,500,0,0,0,0.0,0,0.0012380819626239,0.0003295956104831,0.0018152066289457,0.0,0.0,0,0
R_47_barabasi_albert_0.15_0_emp,DETERMINISTIC_EMPIRICAL_ABM,barabasi_albert,0.15,47,0,empirical,24,500,0,0,0,0.0,0,0.0012380819626239,0.0003295956104831,0.0018152066289457,0.0,0.0,0,0
R_47_barabasi_albert_0.3_0_const,DETERMINISTIC_EMPIRICAL_ABM,barabasi_albert,0.3,47,0,constant,0,500,0,0,0,0.0,5,0.0012380819626239,0.0012380819626239,0.0012380819626239,0.0,0.0,0,0
R_47_barabasi_albert_0.3_0_const,DETERMINISTIC_EMPIRICAL_ABM,barabasi_albert,0.3,47,0,constant,1,500,0,0,0,0.0,0,0.0012380819626239,0.0012380819626239,0.0012380819626239,0.0,0.0,0,0
R_47_barabasi_albert_0.3_0_const,DETERMINISTIC_EMPIRICAL_ABM,barabasi_albert,0.3,47,0,constant,2,500,0,0,0,0.0,0,0.0012380819626239,0.0012380819626239,0.0012380819626239,0.0,0.0,0,0
R_47_barabasi_albert_0.3_0_const,DETERMINISTIC_EMPIRICAL_ABM,barabasi_albert,0.3,47,0,constant,3,500,0,0,0,0.0,0,0.0012380819626239,0.0012380819626239,0.0012380819626239,0.0,0.0,0,0
R_47_barabasi_albert_0.3_0_const,DETERMINISTIC_EMPIRICAL_ABM,barabasi_albert,0.3,47,0,constant,4,500,0,0,0,0.0,0,0.0012380819626239,0.0012380819626239,0.0012380819626239,0.0,0.0,0,0
R_47_barabasi_albert_0.3_0_const,DETERMINISTIC_EMPIRICAL_ABM,barabasi_albert,0.3,47,0,constant,5,500,0,0,0,0.0,0,0.0012380819626239,0.0012380819626239,0.0012380819626239,0.0,0.0,0,0
R_47_barabasi_albert_0.3_0_const,DETERMINISTIC_EMPIRICAL_ABM,barabasi_albert,0.3,47,0,constant,6,500,0,0,0,0.0,0,0.0012380819626239,0.0012380819626239,0.0012380819626239,0.0,0.0,0,0
R_47_barabasi_albert_0.3_0_const,DETERMINISTIC_EMPIRICAL_ABM,barabasi_albert,0.3,47,0,constant,7,500,0,0,0,0.0,0,0.0012380819626239,0.0012380819626239,0.0012380819626239,0.0,0.0,0,0
R_47_barabasi_albert_0.3_0_const,DETERMINISTIC_EMPIRICAL_ABM,barabasi_albert,0.3,47,0,constant,8,500,0,0,0,0.0,0,0.0012380819626239,0.0012380819626239,0.0012380819626239,0.0,0.0,0,0
R_47_barabasi_albert_0.3_0_const,DETERMINISTIC_EMPIRICAL_ABM,barabasi_albert,0.3,47,0,constant,9,500,0,0,0,0.0,0,0.0012380819626239,0.0012380819626239,0.0012380819626239,0.0,0.0,0,0
R_47_barabasi_albert_0.3_0_const,DETERMINISTIC_EMPIRICAL_ABM,barabasi_albert,0.3,47,0,constant,10,500,0,0,0,0.0,0,0.0012380819626239,0.0012380819626239,0.0012380819626239,0.0,0.0,0,0
R_47_barabasi_albert_0.3_0_const,DETERMINISTIC_EMPIRICAL_ABM,barabasi_albert,0.3,47,0,constant,11,500,0,0,0,0.0,0,0.0012380819626239,0.0012380819626239,0.0012380819626239,0.0,0.0,0,0
R_47_barabasi_albert_0.3_0_const,DETERMINISTIC_EMPIRICAL_ABM,barabasi_albert,0.3,47,0,constant,12,500,0,0,0,0.0,0,0.0012380819626239,0.0012380819626239,0.0012380819626239,0.0,0.0,0,0
R_47_barabasi_albert_0.3_0_const,DETERMINISTIC_EMPIRICAL_ABM,barabasi_albert,0.3,47,0,constant,13,500,0,0,0,0.0,0,0.0012380819626239,0.0012380819626239,0.0012380819626239,0.0,0.0,0,0
R_47_barabasi_albert_0.3_0_const,DETERMINISTIC_EMPIRICAL_ABM,barabasi_albert,0.3,47,0,constant,14,500,0,0,0,0.0,0,0.0012380819626239,0.0012380819626239,0.0012380819626239,0.0,0.0,0,0
R_47_barabasi_albert_0.3_0_const,DETERMINISTIC_EMPIRICAL_ABM,barabasi_albert,0.3,47,0,constant,15,500,0,0,0,0.0,0,0.0012380819626239,0.0012380819626239,0.0012380819626239,0.0,0.0,0,0
R_47_barabasi_albert_0.3_0_const,DETERMINISTIC_EMPIRICAL_ABM,barabasi_albert,0.3,47,0,constant,16,500,0,0,0,0.0,0,0.0012380819626239,0.0012380819626239,0.0012380819626239,0.0,0.0,0,0
R_47_barabasi_albert_0.3_0_const,DETERMINISTIC_EMPIRICAL_ABM,barabasi_albert,0.3,47,0,constant,17,500,0,0,0,0.0,0,0.0012380819626239,0.0012380819626239,0.0012380819626239,0.0,0.0,0,0
R_47_barabasi_albert_0.3_0_const,DETERMINISTIC_EMPIRICAL_ABM,barabasi_albert,0.3,47,0,constant,18,500,0,0,0,0.0,0,0.0012380819626239,0.0012380819626239,0.0012380819626239,0.0,0.0,0,0
R_47_barabasi_albert_0.3_0_const,DETERMINISTIC_EMPIRICAL_ABM,barabasi_albert,0.3,47,0,constant,19,500,0,0,0,0.0,0,0.0012380819626239,0.0012380819626239,0.0012380819626239,0.0,0.0,0,0
R_47_barabasi_albert_0.3_0_const,DETERMINISTIC_EMPIRICAL_ABM,barabasi_albert,0.3,47,0,constant,20,500,0,0,0,0.0,0,0.0012380819626239,0.0012380819626239,0.0012380819626239,0.0,0.0,0,0
R_47_barabasi_albert_0.3_0_const,DETERMINISTIC_EMPIRICAL_ABM,barabasi_albert,0.3,47,0,constant,21,500,0,0,0,0.0,0,0.0012380819626239,0.0012380819626239,0.0012380819626239,0.0,0.0,0,0
R_47_barabasi_albert_0.3_0_const,DETERMINISTIC_EMPIRICAL_ABM,barabasi_albert,0.3,47,0,constant,22,500,0,0,0,0.0,0,0.0012380819626239,0.0012380819626239,0.0012380819626239,0.0,0.0,0,0
R_47_barabasi_albert_0.3_0_const,DETERMINISTIC_EMPIRICAL_ABM,barabasi_albert,0.3,47,0,constant,23,500,0,0,0,0.0,0,0.0012380819626239,0.0012380819626239,0.0012380819626239,0.0,0.0,0,0
R_47_barabasi_albert_0.3_0_const,DETERMINISTIC_EMPIRICAL_ABM,barabasi_albert,0.3,47,0,constant,24,500,0,0,0,0.0,0,0.0012380819626239,0.0012380819626239,0.0012380819626239,0.0,0.0,0,0
R_47_barabasi_albert_0.3_0_emp,DETERMINISTIC_EMPIRICAL_ABM,barabasi_albert,0.3,47,0,empirical,0,500,0,0,0,0.0,5,0.0012380819626239,0.0003295956104831,0.0018152066289457,0.0,0.0,0,0
R_47_barabasi_albert_0.3_0_emp,DETERMINISTIC_EMPIRICAL_ABM,barabasi_albert,0.3,47,0,empirical,1,500,0,0,0,0.0,0,0.0012380819626239,0.0003295956104831,0.0018152066289457,0.0,0.0,0,0
R_47_barabasi_albert_0.3_0_emp,DETERMINISTIC_EMPIRICAL_ABM,barabasi_albert,0.3,47,0,empirical,2,500,0,0,0,0.0,0,0.0012380819626239,0.0003295956104831,0.0018152066289457,0.0,0.0,0,0
R_47_barabasi_albert_0.3_0_emp,DETERMINISTIC_EMPIRICAL_ABM,barabasi_albert,0.3,47,0,empirical,3,500,0,0,0,0.0,0,0.0012380819626239,0.0003295956104831,0.0018152066289457,0.0,0.0,0,0
R_47_barabasi_albert_0.3_0_emp,DETERMINISTIC_EMPIRICAL_ABM,barabasi_albert,0.3,47,0,empirical,4,500,0,0,0,0.0,0,0.0012380819626239,0.0003295956104831,0.0018152066289457,0.0,0.0,0,0
R_47_barabasi_albert_0.3_0_emp,DETERMINISTIC_EMPIRICAL_ABM,barabasi_albert,0.3,47,0,empirical,5,500,0,0,0,0.0,0,0.0012380819626239,0.0003295956104831,0.0018152066289457,0.0,0.0,0,0
R_47_barabasi_albert_0.3_0_emp,DETERMINISTIC_EMPIRICAL_ABM,barabasi_albert,0.3,47,0,empirical,6,500,0,0,0,0.0,0,0.0012380819626239,0.0003295956104831,0.0018152066289457,0.0,0.0,0,0
R_47_barabasi_albert_0.3_0_emp,DETERMINISTIC_EMPIRICAL_ABM,barabasi_albert,0.3,47,0,empirical,7,500,0,0,0,0.0,0,0.0012380819626239,0.0003295956104831,0.0018152066289457,0.0,0.0,0,0
R_47_barabasi_albert_0.3_0_emp,DETERMINISTIC_EMPIRICAL_ABM,barabasi_albert,0.3,47,0,empirical,8,500,0,0,0,0.0,0,0.0012380819626239,0.0003295956104831,0.0018152066289457,0.0,0.0,0,0
R_47_barabasi_albert_0.3_0_emp,DETERMINISTIC_EMPIRICAL_ABM,barabasi_albert,0.3,47,0,empirical,9,500,0,0,0,0.0,0,0.0012380819626239,0.0003295956104831,0.0018152066289457,0.0,0.0,0,0
R_47_barabasi_albert_0.3_0_emp,DETERMINISTIC_EMPIRICAL_ABM,barabasi_albert,0.3,47,0,empirical,10,500,0,0,0,0.0,0,0.0012380819626239,0.0003295956104831,0.0018152066289457,0.0,0.0,0,0
R_47_barabasi_albert_0.3_0_emp,DETERMINISTIC_EMPIRICAL_ABM,barabasi_albert,0.3,47,0,empirical,11,500,0,0,0,0.0,0,0.0012380819626239,0.0003295956104831,0.0018152066289457,0.0,0.0,0,0
R_47_barabasi_albert_0.3_0_emp,DETERMINISTIC_EMPIRICAL_ABM,barabasi_albert,0.3,47,0,empirical,12,500,0,0,0,0.0,0,0.0012380819626239,0.0003295956104831,0.0018152066289457,0.0,0.0,0,0
R_47_barabasi_albert_0.3_0_emp,DETERMINISTIC_EMPIRICAL_ABM,barabasi_albert,0.3,47,0,empirical,13,500,0,0,0,0.0,0,0.0012380819626239,0.0003295956104831,0.0018152066289457,0.0,0.0,0,0
R_47_barabasi_albert_0.3_0_emp,DETERMINISTIC_EMPIRICAL_ABM,barabasi_albert,0.3,47,0,empirical,14,500,0,0,0,0.0,0,0.0012380819626239,0.0003295956104831,0.0018152066289457,0.0,0.0,0,0
R_47_barabasi_albert_0.3_0_emp,DETERMINISTIC_EMPIRICAL_ABM,barabasi_albert,0.3,47,0,empirical,15,500,0,0,0,0.0,0,0.0012380819626239,0.0003295956104831,0.0018152066289457,0.0,0.0,0,0
R_47_barabasi_albert_0.3_0_emp,DETERMINISTIC_EMPIRICAL_ABM,barabasi_albert,0.3,47,0,empirical,16,500,0,0,0,0.0,0,0.0012380819626239,0.0003295956104831,0.0018152066289457,0.0,0.0,0,0
R_47_barabasi_albert_0.3_0_emp,DETERMINISTIC_EMPIRICAL_ABM,barabasi_albert,0.3,47,0,empirical,17,500,0,0,0,0.0,0,0.0012380819626239,0.0003295956104831,0.0018152066289457,0.0,0.0,0,0
R_47_barabasi_albert_0.3_0_emp,DETERMINISTIC_EMPIRICAL_ABM,barabasi_albert,0.3,47,0,empirical,18,500,0,0,0,0.0,0,0.0012380819626239,0.0003295956104831,0.0018152066289457,0.0,0.0,0,0
R_47_barabasi_albert_0.3_0_emp,DETERMINISTIC_EMPIRICAL_ABM,barabasi_albert,0.3,47,0,empirical,19,500,0,0,0,0.0,0,0.0012380819626239,0.0003295956104831,0.0018152066289457,0.0,0.0,0,0
R_47_barabasi_albert_0.3_0_emp,DETERMINISTIC_EMPIRICAL_ABM,barabasi_albert,0.3,47,0,empirical,20,500,0,0,0,0.0,0,0.0012380819626239,0.0003295956104831,0.0018152066289457,0.0,0.0,0,0
R_47_barabasi_albert_0.3_0_emp,DETERMINISTIC_EMPIRICAL_ABM,barabasi_albert,0.3,47,0,empirical,21,500,0,0,0,0.0,0,0.0012380819626239,0.0003295956104831,0.0018152066289457,0.0,0.0,0,0
R_47_barabasi_albert_0.3_0_emp,DETERMINISTIC_EMPIRICAL_ABM,barabasi_albert,0.3,47,0,empirical,22,500,0,0,0,0.0,0,0.0012380819626239,0.0003295956104831,0.0018152066289457,0.0,0.0,0,0
R_47_barabasi_albert_0.3_0_emp,DETERMINISTIC_EMPIRICAL_ABM,barabasi_albert,0.3,47,0,empirical,23,500,0,0,0,0.0,0,0.0012380819626239,0.0003295956104831,0.0018152066289457,0.0,0.0,0,0
R_47_barabasi_albert_0.3_0_emp,DETERMINISTIC_EMPIRICAL_ABM,barabasi_albert,0.3,47,0,empirical,24,500,0,0,0,0.0,0,0.0012380819626239,0.0003295956104831,0.0018152066289457,0.0,0.0,0,0
R_47_STATIC_0_emp,STATIC_BASELINE,,,47,0,empirical,0,500,0,0,0,0.0,5,0.0012380819626239,0.0003295956104831,0.0018152066289457,0.0,0.0,0,0
R_47_STATIC_0_emp,STATIC_BASELINE,,,47,0,empirical,1,500,0,0,0,0.0,0,0.0012380819626239,0.0003295956104831,0.0018152066289457,0.0,0.0,0,0
R_47_STATIC_0_emp,STATIC_BASELINE,,,47,0,empirical,2,500,0,0,0,0.0,0,0.0012380819626239,0.0003295956104831,0.0018152066289457,0.0,0.0,0,0
R_47_STATIC_0_emp,STATIC_BASELINE,,,47,0,empirical,3,500,0,0,0,0.0,0,0.0012380819626239,0.0003295956104831,0.0018152066289457,0.0,0.0,0,0
R_47_STATIC_0_emp,STATIC_BASELINE,,,47,0,empirical,4,500,0,0,0,0.0,0,0.0012380819626239,0.0003295956104831,0.0018152066289457,0.0,0.0,0,0
R_47_STATIC_0_emp,STATIC_BASELINE,,,47,0,empirical,5,500,0,0,0,0.0,0,0.0012380819626239,0.0003295956104831,0.0018152066289457,0.0,0.0,0,0
R_47_STATIC_0_emp,STATIC_BASELINE,,,47,0,empirical,6,500,0,0,0,0.0,0,0.0012380819626239,0.0003295956104831,0.0018152066289457,0.0,0.0,0,0
R_47_STATIC_0_emp,STATIC_BASELINE,,,47,0,empirical,7,500,0,0,0,0.0,0,0.0012380819626239,0.0003295956104831,0.0018152066289457,0.0,0.0,0,0
R_47_STATIC_0_emp,STATIC_BASELINE,,,47,0,empirical,8,500,0,0,0,0.0,0,0.0012380819626239,0.0003295956104831,0.0018152066289457,0.0,0.0,0,0
R_47_STATIC_0_emp,STATIC_BASELINE,,,47,0,empirical,9,500,0,0,0,0.0,0,0.0012380819626239,0.0003295956104831,0.0018152066289457,0.0,0.0,0,0
R_47_STATIC_0_emp,STATIC_BASELINE,,,47,0,empirical,10,500,0,0,0,0.0,0,0.0012380819626239,0.0003295956104831,0.0018152066289457,0.0,0.0,0,0
R_47_STATIC_0_emp,STATIC_BASELINE,,,47,0,empirical,11,500,0,0,0,0.0,0,0.0012380819626239,0.0003295956104831,0.0018152066289457,0.0,0.0,0,0
R_47_STATIC_0_emp,STATIC_BASELINE,,,47,0,empirical,12,500,0,0,0,0.0,0,0.0012380819626239,0.0003295956104831,0.0018152066289457,0.0,0.0,0,0
R_47_STATIC_0_emp,STATIC_BASELINE,,,47,0,empirical,13,500,0,0,0,0.0,0,0.0012380819626239,0.0003295956104831,0.0018152066289457,0.0,0.0,0,0
R_47_STATIC_0_emp,STATIC_BASELINE,,,47,0,empirical,14,500,0,0,0,0.0,0,0.0012380819626239,0.0003295956104831,0.0018152066289457,0.0,0.0,0,0
R_47_STATIC_0_emp,STATIC_BASELINE,,,47,0,empirical,15,500,0,0,0,0.0,0,0.0012380819626239,0.0003295956104831,0.0018152066289457,0.0,0.0,0,0
R_47_STATIC_0_emp,STATIC_BASELINE,,,47,0,empirical,16,500,0,0,0,0.0,0,0.0012380819626239,0.0003295956104831,0.0018152066289457,0.0,0.0,0,0
R_47_STATIC_0_emp,STATIC_BASELINE,,,47,0,empirical,17,500,0,0,0,0.0,0,0.0012380819626239,0.0003295956104831,0.0018152066289457,0.0,0.0,0,0
R_47_STATIC_0_emp,STATIC_BASELINE,,,47,0,empirical,18,500,0,0,0,0.0,0,0.0012380819626239,0.0003295956104831,0.0018152066289457,0.0,0.0,0,0
R_47_STATIC_0_emp,STATIC_BASELINE,,,47,0,empirical,19,500,0,0,0,0.0,0,0.0012380819626239,0.0003295956104831,0.0018152066289457,0.0,0.0,0,0
R_47_STATIC_0_emp,STATIC_BASELINE,,,47,0,empirical,20,500,0,0,0,0.0,0,0.0012380819626239,0.0003295956104831,0.0018152066289457,0.0,0.0,0,0
R_47_STATIC_0_emp,STATIC_BASELINE,,,47,0,empirical,21,500,0,0,0,0.0,0,0.0012380819626239,0.0003295956104831,0.0018152066289457,0.0,0.0,0,0
R_47_STATIC_0_emp,STATIC_BASELINE,,,47,0,empirical,22,500,0,0,0,0.0,0,0.0012380819626239,0.0003295956104831,0.0018152066289457,0.0,0.0,0,0
R_47_STATIC_0_emp,STATIC_BASELINE,,,47,0,empirical,23,500,0,0,0,0.0,0,0.0012380819626239,0.0003295956104831,0.0018152066289457,0.0,0.0,0,0
R_47_STATIC_0_emp,STATIC_BASELINE,,,47,0,empirical,24,500,0,0,0,0.0,0,0.0012380819626239,0.0003295956104831,0.0018152066289457,0.0,0.0,0,0
R_47_watts_strogatz_0.05_0_const,DETERMINISTIC_EMPIRICAL_ABM,watts_strogatz,0.05,47,0,constant,0,500,0,0,0,0.0,5,0.0012380819626239,0.0012380819626239,0.0012380819626239,0.0,0.0,0,0
R_47_watts_strogatz_0.05_0_const,DETERMINISTIC_EMPIRICAL_ABM,watts_strogatz,0.05,47,0,constant,1,500,0,0,0,0.0,0,0.0012380819626239,0.0012380819626239,0.0012380819626239,0.0,0.0,0,0
R_47_watts_strogatz_0.05_0_const,DETERMINISTIC_EMPIRICAL_ABM,watts_strogatz,0.05,47,0,constant,2,500,0,0,0,0.0,0,0.0012380819626239,0.0012380819626239,0.0012380819626239,0.0,0.0,0,0
R_47_watts_strogatz_0.05_0_const,DETERMINISTIC_EMPIRICAL_ABM,watts_strogatz,0.05,47,0,constant,3,500,0,0,0,0.0,0,0.0012380819626239,0.0012380819626239,0.0012380819626239,0.0,0.0,0,0
R_47_watts_strogatz_0.05_0_const,DETERMINISTIC_EMPIRICAL_ABM,watts_strogatz,0.05,47,0,constant,4,500,0,0,0,0.0,0,0.0012380819626239,0.0012380819626239,0.0012380819626239,0.0,0.0,0,0
R_47_watts_strogatz_0.05_0_const,DETERMINISTIC_EMPIRICAL_ABM,watts_strogatz,0.05,47,0,constant,5,500,0,0,0,0.0,0,0.0012380819626239,0.0012380819626239,0.0012380819626239,0.0,0.0,0,0
R_47_watts_strogatz_0.05_0_const,DETERMINISTIC_EMPIRICAL_ABM,watts_strogatz,0.05,47,0,constant,6,500,0,0,0,0.0,0,0.0012380819626239,0.0012380819626239,0.0012380819626239,0.0,0.0,0,0
R_47_watts_strogatz_0.05_0_const,DETERMINISTIC_EMPIRICAL_ABM,watts_strogatz,0.05,47,0,constant,7,500,0,0,0,0.0,0,0.0012380819626239,0.0012380819626239,0.0012380819626239,0.0,0.0,0,0
R_47_watts_strogatz_0.05_0_const,DETERMINISTIC_EMPIRICAL_ABM,watts_strogatz,0.05,47,0,constant,8,500,0,0,0,0.0,0,0.0012380819626239,0.0012380819626239,0.0012380819626239,0.0,0.0,0,0
R_47_watts_strogatz_0.05_0_const,DETERMINISTIC_EMPIRICAL_ABM,watts_strogatz,0.05,47,0,constant,9,500,0,0,0,0.0,0,0.0012380819626239,0.0012380819626239,0.0012380819626239,0.0,0.0,0,0
R_47_watts_strogatz_0.05_0_const,DETERMINISTIC_EMPIRICAL_ABM,watts_strogatz,0.05,47,0,constant,10,500,0,0,0,0.0,0,0.0012380819626239,0.0012380819626239,0.0012380819626239,0.0,0.0,0,0
R_47_watts_strogatz_0.05_0_const,DETERMINISTIC_EMPIRICAL_ABM,watts_strogatz,0.05,47,0,constant,11,500,0,0,0,0.0,0,0.0012380819626239,0.0012380819626239,0.0012380819626239,0.0,0.0,0,0
R_47_watts_strogatz_0.05_0_const,DETERMINISTIC_EMPIRICAL_ABM,watts_strogatz,0.05,47,0,constant,12,500,0,0,0,0.0,0,0.0012380819626239,0.0012380819626239,0.0012380819626239,0.0,0.0,0,0
R_47_watts_strogatz_0.05_0_const,DETERMINISTIC_EMPIRICAL_ABM,watts_strogatz,0.05,47,0,constant,13,500,0,0,0,0.0,0,0.0012380819626239,0.0012380819626239,0.0012380819626239,0.0,0.0,0,0
R_47_watts_strogatz_0.05_0_const,DETERMINISTIC_EMPIRICAL_ABM,watts_strogatz,0.05,47,0,constant,14,500,0,0,0,0.0,0,0.0012380819626239,0.0012380819626239,0.0012380819626239,0.0,0.0,0,0
R_47_watts_strogatz_0.05_0_const,DETERMINISTIC_EMPIRICAL_ABM,watts_strogatz,0.05,47,0,constant,15,500,0,0,0,0.0,0,0.0012380819626239,0.0012380819626239,0.0012380819626239,0.0,0.0,0,0
R_47_watts_strogatz_0.05_0_const,DETERMINISTIC_EMPIRICAL_ABM,watts_strogatz,0.05,47,0,constant,16,500,0,0,0,0.0,0,0.0012380819626239,0.0012380819626239,0.0012380819626239,0.0,0.0,0,0
R_47_watts_strogatz_0.05_0_const,DETERMINISTIC_EMPIRICAL_ABM,watts_strogatz,0.05,47,0,constant,17,500,0,0,0,0.0,0,0.0012380819626239,0.0012380819626239,0.0012380819626239,0.0,0.0,0,0
R_47_watts_strogatz_0.05_0_const,DETERMINISTIC_EMPIRICAL_ABM,watts_strogatz,0.05,47,0,constant,18,500,0,0,0,0.0,0,0.0012380819626239,0.0012380819626239,0.0012380819626239,0.0,0.0,0,0
R_47_watts_strogatz_0.05_0_const,DETERMINISTIC_EMPIRICAL_ABM,watts_strogatz,0.05,47,0,constant,19,500,0,0,0,0.0,0,0.0012380819626239,0.0012380819626239,0.0012380819626239,0.0,0.0,0,0
R_47_watts_strogatz_0.05_0_const,DETERMINISTIC_EMPIRICAL_ABM,watts_strogatz,0.05,47,0,constant,20,500,0,0,0,0.0,0,0.0012380819626239,0.0012380819626239,0.0012380819626239,0.0,0.0,0,0
R_47_watts_strogatz_0.05_0_const,DETERMINISTIC_EMPIRICAL_ABM,watts_strogatz,0.05,47,0,constant,21,500,0,0,0,0.0,0,0.0012380819626239,0.0012380819626239,0.0012380819626239,0.0,0.0,0,0
R_47_watts_strogatz_0.05_0_const,DETERMINISTIC_EMPIRICAL_ABM,watts_strogatz,0.05,47,0,constant,22,500,0,0,0,0.0,0,0.0012380819626239,0.0012380819626239,0.0012380819626239,0.0,0.0,0,0
R_47_watts_strogatz_0.05_0_const,DETERMINISTIC_EMPIRICAL_ABM,watts_strogatz,0.05,47,0,constant,23,500,0,0,0,0.0,0,0.0012380819626239,0.0012380819626239,0.0012380819626239,0.0,0.0,0,0
R_47_watts_strogatz_0.05_0_const,DETERMINISTIC_EMPIRICAL_ABM,watts_strogatz,0.05,47,0,constant,24,500,0,0,0,0.0,0,0.0012380819626239,0.0012380819626239,0.0012380819626239,0.0,0.0,0,0
R_47_watts_strogatz_0.05_0_emp,DETERMINISTIC_EMPIRICAL_ABM,watts_strogatz,0.05,47,0,empirical,0,500,0,0,0,0.0,5,0.0012380819626239,0.0003295956104831,0.0018152066289457,0.0,0.0,0,0
R_47_watts_strogatz_0.05_0_emp,DETERMINISTIC_EMPIRICAL_ABM,watts_strogatz,0.05,47,0,empirical,1,500,0,0,0,0.0,0,0.0012380819626239,0.0003295956104831,0.0018152066289457,0.0,0.0,0,0
R_47_watts_strogatz_0.05_0_emp,DETERMINISTIC_EMPIRICAL_ABM,watts_strogatz,0.05,47,0,empirical,2,500,0,0,0,0.0,0,0.0012380819626239,0.0003295956104831,0.0018152066289457,0.0,0.0,0,0
R_47_watts_strogatz_0.05_0_emp,DETERMINISTIC_EMPIRICAL_ABM,watts_strogatz,0.05,47,0,empirical,3,500,0,0,0,0.0,0,0.0012380819626239,0.0003295956104831,0.0018152066289457,0.0,0.0,0,0
R_47_watts_strogatz_0.05_0_emp,DETERMINISTIC_EMPIRICAL_ABM,watts_strogatz,0.05,47,0,empirical,4,500,0,0,0,0.0,0,0.0012380819626239,0.0003295956104831,0.0018152066289457,0.0,0.0,0,0
R_47_watts_strogatz_0.05_0_emp,DETERMINISTIC_EMPIRICAL_ABM,watts_strogatz,0.05,47,0,empirical,5,500,0,0,0,0.0,0,0.0012380819626239,0.0003295956104831,0.0018152066289457,0.0,0.0,0,0
R_47_watts_strogatz_0.05_0_emp,DETERMINISTIC_EMPIRICAL_ABM,watts_strogatz,0.05,47,0,empirical,6,500,0,0,0,0.0,0,0.0012380819626239,0.0003295956104831,0.0018152066289457,0.0,0.0,0,0
R_47_watts_strogatz_0.05_0_emp,DETERMINISTIC_EMPIRICAL_ABM,watts_strogatz,0.05,47,0,empirical,7,500,0,0,0,0.0,0,0.0012380819626239,0.0003295956104831,0.0018152066289457,0.0,0.0,0,0
R_47_watts_strogatz_0.05_0_emp,DETERMINISTIC_EMPIRICAL_ABM,watts_strogatz,0.05,47,0,empirical,8,500,0,0,0,0.0,0,0.0012380819626239,0.0003295956104831,0.0018152066289457,0.0,0.0,0,0
R_47_watts_strogatz_0.05_0_emp,DETERMINISTIC_EMPIRICAL_ABM,watts_strogatz,0.05,47,0,empirical,9,500,0,0,0,0.0,0,0.0012380819626239,0.0003295956104831,0.0018152066289457,0.0,0.0,0,0
R_47_watts_strogatz_0.05_0_emp,DETERMINISTIC_EMPIRICAL_ABM,watts_strogatz,0.05,47,0,empirical,10,500,0,0,0,0.0,0,0.0012380819626239,0.0003295956104831,0.0018152066289457,0.0,0.0,0,0
R_47_watts_strogatz_0.05_0_emp,DETERMINISTIC_EMPIRICAL_ABM,watts_strogatz,0.05,47,0,empirical,11,500,0,0,0,0.0,0,0.0012380819626239,0.0003295956104831,0.0018152066289457,0.0,0.0,0,0
R_47_watts_strogatz_0.05_0_emp,DETERMINISTIC_EMPIRICAL_ABM,watts_strogatz,0.05,47,0,empirical,12,500,0,0,0,0.0,0,0.0012380819626239,0.0003295956104831,0.0018152066289457,0.0,0.0,0,0
R_47_watts_strogatz_0.05_0_emp,DETERMINISTIC_EMPIRICAL_ABM,watts_strogatz,0.05,47,0,empirical,13,500,0,0,0,0.0,0,0.0012380819626239,0.0003295956104831,0.0018152066289457,0.0,0.0,0,0
R_47_watts_strogatz_0.05_0_emp,DETERMINISTIC_EMPIRICAL_ABM,watts_strogatz,0.05,47,0,empirical,14,500,0,0,0,0.0,0,0.0012380819626239,0.0003295956104831,0.0018152066289457,0.0,0.0,0,0
R_47_watts_strogatz_0.05_0_emp,DETERMINISTIC_EMPIRICAL_ABM,watts_strogatz,0.05,47,0,empirical,15,500,0,0,0,0.0,0,0.0012380819626239,0.0003295956104831,0.0018152066289457,0.0,0.0,0,0
R_47_watts_strogatz_0.05_0_emp,DETERMINISTIC_EMPIRICAL_ABM,watts_strogatz,0.05,47,0,empirical,16,500,0,0,0,0.0,0,0.0012380819626239,0.0003295956104831,0.0018152066289457,0.0,0.0,0,0
R_47_watts_strogatz_0.05_0_emp,DETERMINISTIC_EMPIRICAL_ABM,watts_strogatz,0.05,47,0,empirical,17,500,0,0,0,0.0,0,0.0012380819626239,0.0003295956104831,0.0018152066289457,0.0,0.0,0,0
R_47_watts_strogatz_0.05_0_emp,DETERMINISTIC_EMPIRICAL_ABM,watts_strogatz,0.05,47,0,empirical,18,500,0,0,0,0.0,0,0.0012380819626239,0.0003295956104831,0.0018152066289457,0.0,0.0,0,0
R_47_watts_strogatz_0.05_0_emp,DETERMINISTIC_EMPIRICAL_ABM,watts_strogatz,0.05,47,0,empirical,19,500,0,0,0,0.0,0,0.0012380819626239,0.0003295956104831,0.0018152066289457,0.0,0.0,0,0
R_47_watts_strogatz_0.05_0_emp,DETERMINISTIC_EMPIRICAL_ABM,watts_strogatz,0.05,47,0,empirical,20,500,0,0,0,0.0,0,0.0012380819626239,0.0003295956104831,0.0018152066289457,0.0,0.0,0,0
R_47_watts_strogatz_0.05_0_emp,DETERMINISTIC_EMPIRICAL_ABM,watts_strogatz,0.05,47,0,empirical,21,500,0,0,0,0.0,0,0.0012380819626239,0.0003295956104831,0.0018152066289457,0.0,0.0,0,0
R_47_watts_strogatz_0.05_0_emp,DETERMINISTIC_EMPIRICAL_ABM,watts_strogatz,0.05,47,0,empirical,22,500,0,0,0,0.0,0,0.0012380819626239,0.0003295956104831,0.0018152066289457,0.0,0.0,0,0
R_47_watts_strogatz_0.05_0_emp,DETERMINISTIC_EMPIRICAL_ABM,watts_strogatz,0.05,47,0,empirical,23,500,0,0,0,0.0,0,0.0012380819626239,0.0003295956104831,0.0018152066289457,0.0,0.0,0,0
R_47_watts_strogatz_0.05_0_emp,DETERMINISTIC_EMPIRICAL_ABM,watts_strogatz,0.05,47,0,empirical,24,500,0,0,0,0.0,0,0.0012380819626239,0.0003295956104831,0.0018152066289457,0.0,0.0,0,0
R_47_watts_strogatz_0.15_0_const,DETERMINISTIC_EMPIRICAL_ABM,watts_strogatz,0.15,47,0,constant,0,500,0,0,0,0.0,5,0.0012380819626239,0.0012380819626239,0.0012380819626239,0.0,0.0,0,0
R_47_watts_strogatz_0.15_0_const,DETERMINISTIC_EMPIRICAL_ABM,watts_strogatz,0.15,47,0,constant,1,500,0,0,0,0.0,0,0.0012380819626239,0.0012380819626239,0.0012380819626239,0.0,0.0,0,0
R_47_watts_strogatz_0.15_0_const,DETERMINISTIC_EMPIRICAL_ABM,watts_strogatz,0.15,47,0,constant,2,500,0,0,0,0.0,0,0.0012380819626239,0.0012380819626239,0.0012380819626239,0.0,0.0,0,0
R_47_watts_strogatz_0.15_0_const,DETERMINISTIC_EMPIRICAL_ABM,watts_strogatz,0.15,47,0,constant,3,500,0,0,0,0.0,0,0.0012380819626239,0.0012380819626239,0.0012380819626239,0.0,0.0,0,0
R_47_watts_strogatz_0.15_0_const,DETERMINISTIC_EMPIRICAL_ABM,watts_strogatz,0.15,47,0,constant,4,500,0,0,0,0.0,0,0.0012380819626239,0.0012380819626239,0.0012380819626239,0.0,0.0,0,0
R_47_watts_strogatz_0.15_0_const,DETERMINISTIC_EMPIRICAL_ABM,watts_strogatz,0.15,47,0,constant,5,500,0,0,0,0.0,0,0.0012380819626239,0.0012380819626239,0.0012380819626239,0.0,0.0,0,0
R_47_watts_strogatz_0.15_0_const,DETERMINISTIC_EMPIRICAL_ABM,watts_strogatz,0.15,47,0,constant,6,500,0,0,0,0.0,0,0.0012380819626239,0.0012380819626239,0.0012380819626239,0.0,0.0,0,0
R_47_watts_strogatz_0.15_0_const,DETERMINISTIC_EMPIRICAL_ABM,watts_strogatz,0.15,47,0,constant,7,500,0,0,0,0.0,0,0.0012380819626239,0.0012380819626239,0.0012380819626239,0.0,0.0,0,0
R_47_watts_strogatz_0.15_0_const,DETERMINISTIC_EMPIRICAL_ABM,watts_strogatz,0.15,47,0,constant,8,500,0,0,0,0.0,0,0.0012380819626239,0.0012380819626239,0.0012380819626239,0.0,0.0,0,0
R_47_watts_strogatz_0.15_0_const,DETERMINISTIC_EMPIRICAL_ABM,watts_strogatz,0.15,47,0,constant,9,500,0,0,0,0.0,0,0.0012380819626239,0.0012380819626239,0.0012380819626239,0.0,0.0,0,0
R_47_watts_strogatz_0.15_0_const,DETERMINISTIC_EMPIRICAL_ABM,watts_strogatz,0.15,47,0,constant,10,500,0,0,0,0.0,0,0.0012380819626239,0.0012380819626239,0.0012380819626239,0.0,0.0,0,0
R_47_watts_strogatz_0.15_0_const,DETERMINISTIC_EMPIRICAL_ABM,watts_strogatz,0.15,47,0,constant,11,500,0,0,0,0.0,0,0.0012380819626239,0.0012380819626239,0.0012380819626239,0.0,0.0,0,0
R_47_watts_strogatz_0.15_0_const,DETERMINISTIC_EMPIRICAL_ABM,watts_strogatz,0.15,47,0,constant,12,500,0,0,0,0.0,0,0.0012380819626239,0.0012380819626239,0.0012380819626239,0.0,0.0,0,0
R_47_watts_strogatz_0.15_0_const,DETERMINISTIC_EMPIRICAL_ABM,watts_strogatz,0.15,47,0,constant,13,500,0,0,0,0.0,0,0.0012380819626239,0.0012380819626239,0.0012380819626239,0.0,0.0,0,0
R_47_watts_strogatz_0.15_0_const,DETERMINISTIC_EMPIRICAL_ABM,watts_strogatz,0.15,47,0,constant,14,500,0,0,0,0.0,0,0.0012380819626239,0.0012380819626239,0.0012380819626239,0.0,0.0,0,0
R_47_watts_strogatz_0.15_0_const,DETERMINISTIC_EMPIRICAL_ABM,watts_strogatz,0.15,47,0,constant,15,500,0,0,0,0.0,0,0.0012380819626239,0.0012380819626239,0.0012380819626239,0.0,0.0,0,0
R_47_watts_strogatz_0.15_0_const,DETERMINISTIC_EMPIRICAL_ABM,watts_strogatz,0.15,47,0,constant,16,500,0,0,0,0.0,0,0.0012380819626239,0.0012380819626239,0.0012380819626239,0.0,0.0,0,0
R_47_watts_strogatz_0.15_0_const,DETERMINISTIC_EMPIRICAL_ABM,watts_strogatz,0.15,47,0,constant,17,500,0,0,0,0.0,0,0.0012380819626239,0.0012380819626239,0.0012380819626239,0.0,0.0,0,0
R_47_watts_strogatz_0.15_0_const,DETERMINISTIC_EMPIRICAL_ABM,watts_strogatz,0.15,47,0,constant,18,500,0,0,0,0.0,0,0.0012380819626239,0.0012380819626239,0.0012380819626239,0.0,0.0,0,0
R_47_watts_strogatz_0.15_0_const,DETERMINISTIC_EMPIRICAL_ABM,watts_strogatz,0.15,47,0,constant,19,500,0,0,0,0.0,0,0.0012380819626239,0.0012380819626239,0.0012380819626239,0.0,0.0,0,0
R_47_watts_strogatz_0.15_0_const,DETERMINISTIC_EMPIRICAL_ABM,watts_strogatz,0.15,47,0,constant,20,500,0,0,0,0.0,0,0.0012380819626239,0.0012380819626239,0.0012380819626239,0.0,0.0,0,0
R_47_watts_strogatz_0.15_0_const,DETERMINISTIC_EMPIRICAL_ABM,watts_strogatz,0.15,47,0,constant,21,500,0,0,0,0.0,0,0.0012380819626239,0.0012380819626239,0.0012380819626239,0.0,0.0,0,0
R_47_watts_strogatz_0.15_0_const,DETERMINISTIC_EMPIRICAL_ABM,watts_strogatz,0.15,47,0,constant,22,500,0,0,0,0.0,0,0.0012380819626239,0.0012380819626239,0.0012380819626239,0.0,0.0,0,0
R_47_watts_strogatz_0.15_0_const,DETERMINISTIC_EMPIRICAL_ABM,watts_strogatz,0.15,47,0,constant,23,500,0,0,0,0.0,0,0.0012380819626239,0.0012380819626239,0.0012380819626239,0.0,0.0,0,0
R_47_watts_strogatz_0.15_0_const,DETERMINISTIC_EMPIRICAL_ABM,watts_strogatz,0.15,47,0,constant,24,500,0,0,0,0.0,0,0.0012380819626239,0.0012380819626239,0.0012380819626239,0.0,0.0,0,0
R_47_watts_strogatz_0.15_0_emp,DETERMINISTIC_EMPIRICAL_ABM,watts_strogatz,0.15,47,0,empirical,0,500,0,0,0,0.0,5,0.0012380819626239,0.0003295956104831,0.0018152066289457,0.0,0.0,0,0
R_47_watts_strogatz_0.15_0_emp,DETERMINISTIC_EMPIRICAL_ABM,watts_strogatz,0.15,47,0,empirical,1,500,0,0,0,0.0,0,0.0012380819626239,0.0003295956104831,0.0018152066289457,0.0,0.0,0,0
R_47_watts_strogatz_0.15_0_emp,DETERMINISTIC_EMPIRICAL_ABM,watts_strogatz,0.15,47,0,empirical,2,500,0,0,0,0.0,0,0.0012380819626239,0.0003295956104831,0.0018152066289457,0.0,0.0,0,0
R_47_watts_strogatz_0.15_0_emp,DETERMINISTIC_EMPIRICAL_ABM,watts_strogatz,0.15,47,0,empirical,3,500,0,0,0,0.0,0,0.0012380819626239,0.0003295956104831,0.0018152066289457,0.0,0.0,0,0
R_47_watts_strogatz_0.15_0_emp,DETERMINISTIC_EMPIRICAL_ABM,watts_strogatz,0.15,47,0,empirical,4,500,0,0,0,0.0,0,0.0012380819626239,0.0003295956104831,0.0018152066289457,0.0,0.0,0,0
R_47_watts_strogatz_0.15_0_emp,DETERMINISTIC_EMPIRICAL_ABM,watts_strogatz,0.15,47,0,empirical,5,500,0,0,0,0.0,0,0.0012380819626239,0.0003295956104831,0.0018152066289457,0.0,0.0,0,0
R_47_watts_strogatz_0.15_0_emp,DETERMINISTIC_EMPIRICAL_ABM,watts_strogatz,0.15,47,0,empirical,6,500,0,0,0,0.0,0,0.0012380819626239,0.0003295956104831,0.0018152066289457,0.0,0.0,0,0
R_47_watts_strogatz_0.15_0_emp,DETERMINISTIC_EMPIRICAL_ABM,watts_strogatz,0.15,47,0,empirical,7,500,0,0,0,0.0,0,0.0012380819626239,0.0003295956104831,0.0018152066289457,0.0,0.0,0,0
R_47_watts_strogatz_0.15_0_emp,DETERMINISTIC_EMPIRICAL_ABM,watts_strogatz,0.15,47,0,empirical,8,500,0,0,0,0.0,0,0.0012380819626239,0.0003295956104831,0.0018152066289457,0.0,0.0,0,0
R_47_watts_strogatz_0.15_0_emp,DETERMINISTIC_EMPIRICAL_ABM,watts_strogatz,0.15,47,0,empirical,9,500,0,0,0,0.0,0,0.0012380819626239,0.0003295956104831,0.0018152066289457,0.0,0.0,0,0
R_47_watts_strogatz_0.15_0_emp,DETERMINISTIC_EMPIRICAL_ABM,watts_strogatz,0.15,47,0,empirical,10,500,0,0,0,0.0,0,0.0012380819626239,0.0003295956104831,0.0018152066289457,0.0,0.0,0,0
R_47_watts_strogatz_0.15_0_emp,DETERMINISTIC_EMPIRICAL_ABM,watts_strogatz,0.15,47,0,empirical,11,500,0,0,0,0.0,0,0.0012380819626239,0.0003295956104831,0.0018152066289457,0.0,0.0,0,0
R_47_watts_strogatz_0.15_0_emp,DETERMINISTIC_EMPIRICAL_ABM,watts_strogatz,0.15,47,0,empirical,12,500,0,0,0,0.0,0,0.0012380819626239,0.0003295956104831,0.0018152066289457,0.0,0.0,0,0
R_47_watts_strogatz_0.15_0_emp,DETERMINISTIC_EMPIRICAL_ABM,watts_strogatz,0.15,47,0,empirical,13,500,0,0,0,0.0,0,0.0012380819626239,0.0003295956104831,0.0018152066289457,0.0,0.0,0,0
R_47_watts_strogatz_0.15_0_emp,DETERMINISTIC_EMPIRICAL_ABM,watts_strogatz,0.15,47,0,empirical,14,500,0,0,0,0.0,0,0.0012380819626239,0.0003295956104831,0.0018152066289457,0.0,0.0,0,0
R_47_watts_strogatz_0.15_0_emp,DETERMINISTIC_EMPIRICAL_ABM,watts_strogatz,0.15,47,0,empirical,15,500,0,0,0,0.0,0,0.0012380819626239,0.0003295956104831,0.0018152066289457,0.0,0.0,0,0
R_47_watts_strogatz_0.15_0_emp,DETERMINISTIC_EMPIRICAL_ABM,watts_strogatz,0.15,47,0,empirical,16,500,0,0,0,0.0,0,0.0012380819626239,0.0003295956104831,0.0018152066289457,0.0,0.0,0,0
R_47_watts_strogatz_0.15_0_emp,DETERMINISTIC_EMPIRICAL_ABM,watts_strogatz,0.15,47,0,empirical,17,500,0,0,0,0.0,0,0.0012380819626239,0.0003295956104831,0.0018152066289457,0.0,0.0,0,0
R_47_watts_strogatz_0.15_0_emp,DETERMINISTIC_EMPIRICAL_ABM,watts_strogatz,0.15,47,0,empirical,18,500,0,0,0,0.0,0,0.0012380819626239,0.0003295956104831,0.0018152066289457,0.0,0.0,0,0
R_47_watts_strogatz_0.15_0_emp,DETERMINISTIC_EMPIRICAL_ABM,watts_strogatz,0.15,47,0,empirical,19,500,0,0,0,0.0,0,0.0012380819626239,0.0003295956104831,0.0018152066289457,0.0,0.0,0,0
R_47_watts_strogatz_0.15_0_emp,DETERMINISTIC_EMPIRICAL_ABM,watts_strogatz,0.15,47,0,empirical,20,500,0,0,0,0.0,0,0.0012380819626239,0.0003295956104831,0.0018152066289457,0.0,0.0,0,0
R_47_watts_strogatz_0.15_0_emp,DETERMINISTIC_EMPIRICAL_ABM,watts_strogatz,0.15,47,0,empirical,21,500,0,0,0,0.0,0,0.0012380819626239,0.0003295956104831,0.0018152066289457,0.0,0.0,0,0
R_47_watts_strogatz_0.15_0_emp,DETERMINISTIC_EMPIRICAL_ABM,watts_strogatz,0.15,47,0,empirical,22,500,0,0,0,0.0,0,0.0012380819626239,0.0003295956104831,0.0018152066289457,0.0,0.0,0,0
R_47_watts_strogatz_0.15_0_emp,DETERMINISTIC_EMPIRICAL_ABM,watts_strogatz,0.15,47,0,empirical,23,500,0,0,0,0.0,0,0.0012380819626239,0.0003295956104831,0.0018152066289457,0.0,0.0,0,0
R_47_watts_strogatz_0.15_0_emp,DETERMINISTIC_EMPIRICAL_ABM,watts_strogatz,0.15,47,0,empirical,24,500,0,0,0,0.0,0,0.0012380819626239,0.0003295956104831,0.0018152066289457,0.0,0.0,0,0
R_47_watts_strogatz_0.3_0_const,DETERMINISTIC_EMPIRICAL_ABM,watts_strogatz,0.3,47,0,constant,0,500,0,0,0,0.0,5,0.0012380819626239,0.0012380819626239,0.0012380819626239,0.0,0.0,0,0
R_47_watts_strogatz_0.3_0_const,DETERMINISTIC_EMPIRICAL_ABM,watts_strogatz,0.3,47,0,constant,1,500,0,0,0,0.0,0,0.0012380819626239,0.0012380819626239,0.0012380819626239,0.0,0.0,0,0
R_47_watts_strogatz_0.3_0_const,DETERMINISTIC_EMPIRICAL_ABM,watts_strogatz,0.3,47,0,constant,2,500,0,0,0,0.0,0,0.0012380819626239,0.0012380819626239,0.0012380819626239,0.0,0.0,0,0
R_47_watts_strogatz_0.3_0_const,DETERMINISTIC_EMPIRICAL_ABM,watts_strogatz,0.3,47,0,constant,3,500,0,0,0,0.0,0,0.0012380819626239,0.0012380819626239,0.0012380819626239,0.0,0.0,0,0
R_47_watts_strogatz_0.3_0_const,DETERMINISTIC_EMPIRICAL_ABM,watts_strogatz,0.3,47,0,constant,4,500,0,0,0,0.0,0,0.0012380819626239,0.0012380819626239,0.0012380819626239,0.0,0.0,0,0
R_47_watts_strogatz_0.3_0_const,DETERMINISTIC_EMPIRICAL_ABM,watts_strogatz,0.3,47,0,constant,5,500,0,0,0,0.0,0,0.0012380819626239,0.0012380819626239,0.0012380819626239,0.0,0.0,0,0
R_47_watts_strogatz_0.3_0_const,DETERMINISTIC_EMPIRICAL_ABM,watts_strogatz,0.3,47,0,constant,6,500,0,0,0,0.0,0,0.0012380819626239,0.0012380819626239,0.0012380819626239,0.0,0.0,0,0
R_47_watts_strogatz_0.3_0_const,DETERMINISTIC_EMPIRICAL_ABM,watts_strogatz,0.3,47,0,constant,7,500,0,0,0,0.0,0,0.0012380819626239,0.0012380819626239,0.0012380819626239,0.0,0.0,0,0
R_47_watts_strogatz_0.3_0_const,DETERMINISTIC_EMPIRICAL_ABM,watts_strogatz,0.3,47,0,constant,8,500,0,0,0,0.0,0,0.0012380819626239,0.0012380819626239,0.0012380819626239,0.0,0.0,0,0
R_47_watts_strogatz_0.3_0_const,DETERMINISTIC_EMPIRICAL_ABM,watts_strogatz,0.3,47,0,constant,9,500,0,0,0,0.0,0,0.0012380819626239,0.0012380819626239,0.0012380819626239,0.0,0.0,0,0
R_47_watts_strogatz_0.3_0_const,DETERMINISTIC_EMPIRICAL_ABM,watts_strogatz,0.3,47,0,constant,10,500,0,0,0,0.0,0,0.0012380819626239,0.0012380819626239,0.0012380819626239,0.0,0.0,0,0
R_47_watts_strogatz_0.3_0_const,DETERMINISTIC_EMPIRICAL_ABM,watts_strogatz,0.3,47,0,constant,11,500,0,0,0,0.0,0,0.0012380819626239,0.0012380819626239,0.0012380819626239,0.0,0.0,0,0
R_47_watts_strogatz_0.3_0_const,DETERMINISTIC_EMPIRICAL_ABM,watts_strogatz,0.3,47,0,constant,12,500,0,0,0,0.0,0,0.0012380819626239,0.0012380819626239,0.0012380819626239,0.0,0.0,0,0
R_47_watts_strogatz_0.3_0_const,DETERMINISTIC_EMPIRICAL_ABM,watts_strogatz,0.3,47,0,constant,13,500,0,0,0,0.0,0,0.0012380819626239,0.0012380819626239,0.0012380819626239,0.0,0.0,0,0
R_47_watts_strogatz_0.3_0_const,DETERMINISTIC_EMPIRICAL_ABM,watts_strogatz,0.3,47,0,constant,14,500,0,0,0,0.0,0,0.0012380819626239,0.0012380819626239,0.0012380819626239,0.0,0.0,0,0
R_47_watts_strogatz_0.3_0_const,DETERMINISTIC_EMPIRICAL_ABM,watts_strogatz,0.3,47,0,constant,15,500,0,0,0,0.0,0,0.0012380819626239,0.0012380819626239,0.0012380819626239,0.0,0.0,0,0
R_47_watts_strogatz_0.3_0_const,DETERMINISTIC_EMPIRICAL_ABM,watts_strogatz,0.3,47,0,constant,16,500,0,0,0,0.0,0,0.0012380819626239,0.0012380819626239,0.0012380819626239,0.0,0.0,0,0
R_47_watts_strogatz_0.3_0_const,DETERMINISTIC_EMPIRICAL_ABM,watts_strogatz,0.3,47,0,constant,17,500,0,0,0,0.0,0,0.0012380819626239,0.0012380819626239,0.0012380819626239,0.0,0.0,0,0
R_47_watts_strogatz_0.3_0_const,DETERMINISTIC_EMPIRICAL_ABM,watts_strogatz,0.3,47,0,constant,18,500,0,0,0,0.0,0,0.0012380819626239,0.0012380819626239,0.0012380819626239,0.0,0.0,0,0
R_47_watts_strogatz_0.3_0_const,DETERMINISTIC_EMPIRICAL_ABM,watts_strogatz,0.3,47,0,constant,19,500,0,0,0,0.0,0,0.0012380819626239,0.0012380819626239,0.0012380819626239,0.0,0.0,0,0
R_47_watts_strogatz_0.3_0_const,DETERMINISTIC_EMPIRICAL_ABM,watts_strogatz,0.3,47,0,constant,20,500,0,0,0,0.0,0,0.0012380819626239,0.0012380819626239,0.0012380819626239,0.0,0.0,0,0
R_47_watts_strogatz_0.3_0_const,DETERMINISTIC_EMPIRICAL_ABM,watts_strogatz,0.3,47,0,constant,21,500,0,0,0,0.0,0,0.0012380819626239,0.0012380819626239,0.0012380819626239,0.0,0.0,0,0
R_47_watts_strogatz_0.3_0_const,DETERMINISTIC_EMPIRICAL_ABM,watts_strogatz,0.3,47,0,constant,22,500,0,0,0,0.0,0,0.0012380819626239,0.0012380819626239,0.0012380819626239,0.0,0.0,0,0
R_47_watts_strogatz_0.3_0_const,DETERMINISTIC_EMPIRICAL_ABM,watts_strogatz,0.3,47,0,constant,23,500,0,0,0,0.0,0,0.0012380819626239,0.0012380819626239,0.0012380819626239,0.0,0.0,0,0
R_47_watts_strogatz_0.3_0_const,DETERMINISTIC_EMPIRICAL_ABM,watts_strogatz,0.3,47,0,constant,24,500,0,0,0,0.0,0,0.0012380819626239,0.0012380819626239,0.0012380819626239,0.0,0.0,0,0
R_47_watts_strogatz_0.3_0_emp,DETERMINISTIC_EMPIRICAL_ABM,watts_strogatz,0.3,47,0,empirical,0,500,0,0,0,0.0,5,0.0012380819626239,0.0003295956104831,0.0018152066289457,0.0,0.0,0,0
R_47_watts_strogatz_0.3_0_emp,DETERMINISTIC_EMPIRICAL_ABM,watts_strogatz,0.3,47,0,empirical,1,500,0,0,0,0.0,0,0.0012380819626239,0.0003295956104831,0.0018152066289457,0.0,0.0,0,0
R_47_watts_strogatz_0.3_0_emp,DETERMINISTIC_EMPIRICAL_ABM,watts_strogatz,0.3,47,0,empirical,2,500,0,0,0,0.0,0,0.0012380819626239,0.0003295956104831,0.0018152066289457,0.0,0.0,0,0
R_47_watts_strogatz_0.3_0_emp,DETERMINISTIC_EMPIRICAL_ABM,watts_strogatz,0.3,47,0,empirical,3,500,0,0,0,0.0,0,0.0012380819626239,0.0003295956104831,0.0018152066289457,0.0,0.0,0,0
R_47_watts_strogatz_0.3_0_emp,DETERMINISTIC_EMPIRICAL_ABM,watts_strogatz,0.3,47,0,empirical,4,500,0,0,0,0.0,0,0.0012380819626239,0.0003295956104831,0.0018152066289457,0.0,0.0,0,0
R_47_watts_strogatz_0.3_0_emp,DETERMINISTIC_EMPIRICAL_ABM,watts_strogatz,0.3,47,0,empirical,5,500,0,0,0,0.0,0,0.0012380819626239,0.0003295956104831,0.0018152066289457,0.0,0.0,0,0
R_47_watts_strogatz_0.3_0_emp,DETERMINISTIC_EMPIRICAL_ABM,watts_strogatz,0.3,47,0,empirical,6,500,0,0,0,0.0,0,0.0012380819626239,0.0003295956104831,0.0018152066289457,0.0,0.0,0,0
R_47_watts_strogatz_0.3_0_emp,DETERMINISTIC_EMPIRICAL_ABM,watts_strogatz,0.3,47,0,empirical,7,500,0,0,0,0.0,0,0.0012380819626239,0.0003295956104831,0.0018152066289457,0.0,0.0,0,0
R_47_watts_strogatz_0.3_0_emp,DETERMINISTIC_EMPIRICAL_ABM,watts_strogatz,0.3,47,0,empirical,8,500,0,0,0,0.0,0,0.0012380819626239,0.0003295956104831,0.0018152066289457,0.0,0.0,0,0
R_47_watts_strogatz_0.3_0_emp,DETERMINISTIC_EMPIRICAL_ABM,watts_strogatz,0.3,47,0,empirical,9,500,0,0,0,0.0,0,0.0012380819626239,0.0003295956104831,0.0018152066289457,0.0,0.0,0,0
R_47_watts_strogatz_0.3_0_emp,DETERMINISTIC_EMPIRICAL_ABM,watts_strogatz,0.3,47,0,empirical,10,500,0,0,0,0.0,0,0.0012380819626239,0.0003295956104831,0.0018152066289457,0.0,0.0,0,0
R_47_watts_strogatz_0.3_0_emp,DETERMINISTIC_EMPIRICAL_ABM,watts_strogatz,0.3,47,0,empirical,11,500,0,0,0,0.0,0,0.0012380819626239,0.0003295956104831,0.0018152066289457,0.0,0.0,0,0
R_47_watts_strogatz_0.3_0_emp,DETERMINISTIC_EMPIRICAL_ABM,watts_strogatz,0.3,47,0,empirical,12,500,0,0,0,0.0,0,0.0012380819626239,0.0003295956104831,0.0018152066289457,0.0,0.0,0,0
R_47_watts_strogatz_0.3_0_emp,DETERMINISTIC_EMPIRICAL_ABM,watts_strogatz,0.3,47,0,empirical,13,500,0,0,0,0.0,0,0.0012380819626239,0.0003295956104831,0.0018152066289457,0.0,0.0,0,0
R_47_watts_strogatz_0.3_0_emp,DETERMINISTIC_EMPIRICAL_ABM,watts_strogatz,0.3,47,0,empirical,14,500,0,0,0,0.0,0,0.0012380819626239,0.0003295956104831,0.0018152066289457,0.0,0.0,0,0
R_47_watts_strogatz_0.3_0_emp,DETERMINISTIC_EMPIRICAL_ABM,watts_strogatz,0.3,47,0,empirical,15,500,0,0,0,0.0,0,0.0012380819626239,0.0003295956104831,0.0018152066289457,0.0,0.0,0,0
R_47_watts_strogatz_0.3_0_emp,DETERMINISTIC_EMPIRICAL_ABM,watts_strogatz,0.3,47,0,empirical,16,500,0,0,0,0.0,0,0.0012380819626239,0.0003295956104831,0.0018152066289457,0.0,0.0,0,0
R_47_watts_strogatz_0.3_0_emp,DETERMINISTIC_EMPIRICAL_ABM,watts_strogatz,0.3,47,0,empirical,17,500,0,0,0,0.0,0,0.0012380819626239,0.0003295956104831,0.0018152066289457,0.0,0.0,0,0
R_47_watts_strogatz_0.3_0_emp,DETERMINISTIC_EMPIRICAL_ABM,watts_strogatz,0.3,47,0,empirical,18,500,0,0,0,0.0,0,0.0012380819626239,0.0003295956104831,0.0018152066289457,0.0,0.0,0,0
R_47_watts_strogatz_0.3_0_emp,DETERMINISTIC_EMPIRICAL_ABM,watts_strogatz,0.3,47,0,empirical,19,500,0,0,0,0.0,0,0.0012380819626239,0.0003295956104831,0.0018152066289457,0.0,0.0,0,0
R_47_watts_strogatz_0.3_0_emp,DETERMINISTIC_EMPIRICAL_ABM,watts_strogatz,0.3,47,0,empirical,20,500,0,0,0,0.0,0,0.0012380819626239,0.0003295956104831,0.0018152066289457,0.0,0.0,0,0
R_47_watts_strogatz_0.3_0_emp,DETERMINISTIC_EMPIRICAL_ABM,watts_strogatz,0.3,47,0,empirical,21,500,0,0,0,0.0,0,0.0012380819626239,0.0003295956104831,0.0018152066289457,0.0,0.0,0,0
R_47_watts_strogatz_0.3_0_emp,DETERMINISTIC_EMPIRICAL_ABM,watts_strogatz,0.3,47,0,empirical,22,500,0,0,0,0.0,0,0.0012380819626239,0.0003295956104831,0.0018152066289457,0.0,0.0,0,0
R_47_watts_strogatz_0.3_0_emp,DETERMINISTIC_EMPIRICAL_ABM,watts_strogatz,0.3,47,0,empirical,23,500,0,0,0,0.0,0,0.0012380819626239,0.0003295956104831,0.0018152066289457,0.0,0.0,0,0
R_47_watts_strogatz_0.3_0_emp,DETERMINISTIC_EMPIRICAL_ABM,watts_strogatz,0.3,47,0,empirical,24,500,0,0,0,0.0,0,0.0012380819626239,0.0003295956104831,0.0018152066289457,0.0,0.0,0,0
R_48_barabasi_albert_0.05_0_const,DETERMINISTIC_EMPIRICAL_ABM,barabasi_albert,0.05,48,0,constant,0,499,1,0,1,0.002,5,0.0012380819626239,0.0012380819626239,0.0012380819626239,0.0003,0.0,0,0
R_48_barabasi_albert_0.05_0_const,DETERMINISTIC_EMPIRICAL_ABM,barabasi_albert,0.05,48,0,constant,1,499,1,0,1,0.002,0,0.0012380819626239,0.0012380819626239,0.0012380819626239,0.0003,0.0,0,0
R_48_barabasi_albert_0.05_0_const,DETERMINISTIC_EMPIRICAL_ABM,barabasi_albert,0.05,48,0,constant,2,499,0,1,1,0.002,0,0.0012380819626239,0.0012380819626239,0.0012380819626239,0.0,0.0,0,0
R_48_barabasi_albert_0.05_0_const,DETERMINISTIC_EMPIRICAL_ABM,barabasi_albert,0.05,48,0,constant,3,499,0,1,1,0.002,0,0.0012380819626239,0.0012380819626239,0.0012380819626239,0.0,0.0,0,0
R_48_barabasi_albert_0.05_0_const,DETERMINISTIC_EMPIRICAL_ABM,barabasi_albert,0.05,48,0,constant,4,499,0,1,1,0.002,0,0.0012380819626239,0.0012380819626239,0.0012380819626239,0.0,0.0,0,0
R_48_barabasi_albert_0.05_0_const,DETERMINISTIC_EMPIRICAL_ABM,barabasi_albert,0.05,48,0,constant,5,499,0,1,1,0.002,0,0.0012380819626239,0.0012380819626239,0.0012380819626239,0.0,0.0,0,0
R_48_barabasi_albert_0.05_0_const,DETERMINISTIC_EMPIRICAL_ABM,barabasi_albert,0.05,48,0,constant,6,499,0,1,1,0.002,0,0.0012380819626239,0.0012380819626239,0.0012380819626239,0.0,0.0,0,0
R_48_barabasi_albert_0.05_0_const,DETERMINISTIC_EMPIRICAL_ABM,barabasi_albert,0.05,48,0,constant,7,499,0,1,1,0.002,0,0.0012380819626239,0.0012380819626239,0.0012380819626239,0.0,0.0,0,0
R_48_barabasi_albert_0.05_0_const,DETERMINISTIC_EMPIRICAL_ABM,barabasi_albert,0.05,48,0,constant,8,499,0,1,1,0.002,0,0.0012380819626239,0.0012380819626239,0.0012380819626239,0.0,0.0,0,0
R_48_barabasi_albert_0.05_0_const,DETERMINISTIC_EMPIRICAL_ABM,barabasi_albert,0.05,48,0,constant,9,499,0,1,1,0.002,0,0.0012380819626239,0.0012380819626239,0.0012380819626239,0.0,0.0,0,0
R_48_barabasi_albert_0.05_0_const,DETERMINISTIC_EMPIRICAL_ABM,barabasi_albert,0.05,48,0,constant,10,499,0,1,1,0.002,0,0.0012380819626239,0.0012380819626239,0.0012380819626239,0.0,0.0,0,0
R_48_barabasi_albert_0.05_0_const,DETERMINISTIC_EMPIRICAL_ABM,barabasi_albert,0.05,48,0,constant,11,499,0,1,1,0.002,0,0.0012380819626239,0.0012380819626239,0.0012380819626239,0.0,0.0,0,0
R_48_barabasi_albert_0.05_0_const,DETERMINISTIC_EMPIRICAL_ABM,barabasi_albert,0.05,48,0,constant,12,499,0,1,1,0.002,0,0.0012380819626239,0.0012380819626239,0.0012380819626239,0.0,0.0,0,0
R_48_barabasi_albert_0.05_0_const,DETERMINISTIC_EMPIRICAL_ABM,barabasi_albert,0.05,48,0,constant,13,499,0,1,1,0.002,0,0.0012380819626239,0.0012380819626239,0.0012380819626239,0.0,0.0,0,0
R_48_barabasi_albert_0.05_0_const,DETERMINISTIC_EMPIRICAL_ABM,barabasi_albert,0.05,48,0,constant,14,499,0,1,1,0.002,0,0.0012380819626239,0.0012380819626239,0.0012380819626239,0.0,0.0,0,0
R_48_barabasi_albert_0.05_0_const,DETERMINISTIC_EMPIRICAL_ABM,barabasi_albert,0.05,48,0,constant,15,499,0,1,1,0.002,0,0.0012380819626239,0.0012380819626239,0.0012380819626239,0.0,0.0,0,0
R_48_barabasi_albert_0.05_0_const,DETERMINISTIC_EMPIRICAL_ABM,barabasi_albert,0.05,48,0,constant,16,499,0,1,1,0.002,0,0.0012380819626239,0.0012380819626239,0.0012380819626239,0.0,0.0,0,0
R_48_barabasi_albert_0.05_0_const,DETERMINISTIC_EMPIRICAL_ABM,barabasi_albert,0.05,48,0,constant,17,499,0,1,1,0.002,0,0.0012380819626239,0.0012380819626239,0.0012380819626239,0.0,0.0,0,0
R_48_barabasi_albert_0.05_0_const,DETERMINISTIC_EMPIRICAL_ABM,barabasi_albert,0.05,48,0,constant,18,499,0,1,1,0.002,0,0.0012380819626239,0.0012380819626239,0.0012380819626239,0.0,0.0,0,0
R_48_barabasi_albert_0.05_0_const,DETERMINISTIC_EMPIRICAL_ABM,barabasi_albert,0.05,48,0,constant,19,499,0,1,1,0.002,0,0.0012380819626239,0.0012380819626239,0.0012380819626239,0.0,0.0,0,0
R_48_barabasi_albert_0.05_0_const,DETERMINISTIC_EMPIRICAL_ABM,barabasi_albert,0.05,48,0,constant,20,499,0,1,1,0.002,0,0.0012380819626239,0.0012380819626239,0.0012380819626239,0.0,0.0,0,0
R_48_barabasi_albert_0.05_0_const,DETERMINISTIC_EMPIRICAL_ABM,barabasi_albert,0.05,48,0,constant,21,499,0,1,1,0.002,0,0.0012380819626239,0.0012380819626239,0.0012380819626239,0.0,0.0,0,0
R_48_barabasi_albert_0.05_0_const,DETERMINISTIC_EMPIRICAL_ABM,barabasi_albert,0.05,48,0,constant,22,499,0,1,1,0.002,0,0.0012380819626239,0.0012380819626239,0.0012380819626239,0.0,0.0,0,0
R_48_barabasi_albert_0.05_0_const,DETERMINISTIC_EMPIRICAL_ABM,barabasi_albert,0.05,48,0,constant,23,499,0,1,1,0.002,0,0.0012380819626239,0.0012380819626239,0.0012380819626239,0.0,0.0,0,0
R_48_barabasi_albert_0.05_0_const,DETERMINISTIC_EMPIRICAL_ABM,barabasi_albert,0.05,48,0,constant,24,499,0,1,1,0.002,0,0.0012380819626239,0.0012380819626239,0.0012380819626239,0.0,0.0,0,0
R_48_barabasi_albert_0.05_0_emp,DETERMINISTIC_EMPIRICAL_ABM,barabasi_albert,0.05,48,0,empirical,0,499,1,0,1,0.002,5,0.0012380819626239,0.0003295956104831,0.0018152066289457,0.0003,0.0,0,0
R_48_barabasi_albert_0.05_0_emp,DETERMINISTIC_EMPIRICAL_ABM,barabasi_albert,0.05,48,0,empirical,1,499,1,0,1,0.002,0,0.0012380819626239,0.0003295956104831,0.0018152066289457,0.0003,0.0,0,0
R_48_barabasi_albert_0.05_0_emp,DETERMINISTIC_EMPIRICAL_ABM,barabasi_albert,0.05,48,0,empirical,2,499,0,1,1,0.002,0,0.0012380819626239,0.0003295956104831,0.0018152066289457,0.0,0.0,0,0
R_48_barabasi_albert_0.05_0_emp,DETERMINISTIC_EMPIRICAL_ABM,barabasi_albert,0.05,48,0,empirical,3,499,0,1,1,0.002,0,0.0012380819626239,0.0003295956104831,0.0018152066289457,0.0,0.0,0,0
R_48_barabasi_albert_0.05_0_emp,DETERMINISTIC_EMPIRICAL_ABM,barabasi_albert,0.05,48,0,empirical,4,499,0,1,1,0.002,0,0.0012380819626239,0.0003295956104831,0.0018152066289457,0.0,0.0,0,0
R_48_barabasi_albert_0.05_0_emp,DETERMINISTIC_EMPIRICAL_ABM,barabasi_albert,0.05,48,0,empirical,5,499,0,1,1,0.002,0,0.0012380819626239,0.0003295956104831,0.0018152066289457,0.0,0.0,0,0
R_48_barabasi_albert_0.05_0_emp,DETERMINISTIC_EMPIRICAL_ABM,barabasi_albert,0.05,48,0,empirical,6,499,0,1,1,0.002,0,0.0012380819626239,0.0003295956104831,0.0018152066289457,0.0,0.0,0,0
R_48_barabasi_albert_0.05_0_emp,DETERMINISTIC_EMPIRICAL_ABM,barabasi_albert,0.05,48,0,empirical,7,499,0,1,1,0.002,0,0.0012380819626239,0.0003295956104831,0.0018152066289457,0.0,0.0,0,0
R_48_barabasi_albert_0.05_0_emp,DETERMINISTIC_EMPIRICAL_ABM,barabasi_albert,0.05,48,0,empirical,8,499,0,1,1,0.002,0,0.0012380819626239,0.0003295956104831,0.0018152066289457,0.0,0.0,0,0
R_48_barabasi_albert_0.05_0_emp,DETERMINISTIC_EMPIRICAL_ABM,barabasi_albert,0.05,48,0,empirical,9,499,0,1,1,0.002,0,0.0012380819626239,0.0003295956104831,0.0018152066289457,0.0,0.0,0,0
R_48_barabasi_albert_0.05_0_emp,DETERMINISTIC_EMPIRICAL_ABM,barabasi_albert,0.05,48,0,empirical,10,499,0,1,1,0.002,0,0.0012380819626239,0.0003295956104831,0.0018152066289457,0.0,0.0,0,0
R_48_barabasi_albert_0.05_0_emp,DETERMINISTIC_EMPIRICAL_ABM,barabasi_albert,0.05,48,0,empirical,11,499,0,1,1,0.002,0,0.0012380819626239,0.0003295956104831,0.0018152066289457,0.0,0.0,0,0
R_48_barabasi_albert_0.05_0_emp,DETERMINISTIC_EMPIRICAL_ABM,barabasi_albert,0.05,48,0,empirical,12,499,0,1,1,0.002,0,0.0012380819626239,0.0003295956104831,0.0018152066289457,0.0,0.0,0,0
R_48_barabasi_albert_0.05_0_emp,DETERMINISTIC_EMPIRICAL_ABM,barabasi_albert,0.05,48,0,empirical,13,499,0,1,1,0.002,0,0.0012380819626239,0.0003295956104831,0.0018152066289457,0.0,0.0,0,0
R_48_barabasi_albert_0.05_0_emp,DETERMINISTIC_EMPIRICAL_ABM,barabasi_albert,0.05,48,0,empirical,14,499,0,1,1,0.002,0,0.0012380819626239,0.0003295956104831,0.0018152066289457,0.0,0.0,0,0
R_48_barabasi_albert_0.05_0_emp,DETERMINISTIC_EMPIRICAL_ABM,barabasi_albert,0.05,48,0,empirical,15,499,0,1,1,0.002,0,0.0012380819626239,0.0003295956104831,0.0018152066289457,0.0,0.0,0,0
R_48_barabasi_albert_0.05_0_emp,DETERMINISTIC_EMPIRICAL_ABM,barabasi_albert,0.05,48,0,empirical,16,499,0,1,1,0.002,0,0.0012380819626239,0.0003295956104831,0.0018152066289457,0.0,0.0,0,0
R_48_barabasi_albert_0.05_0_emp,DETERMINISTIC_EMPIRICAL_ABM,barabasi_albert,0.05,48,0,empirical,17,499,0,1,1,0.002,0,0.0012380819626239,0.0003295956104831,0.0018152066289457,0.0,0.0,0,0
R_48_barabasi_albert_0.05_0_emp,DETERMINISTIC_EMPIRICAL_ABM,barabasi_albert,0.05,48,0,empirical,18,499,0,1,1,0.002,0,0.0012380819626239,0.0003295956104831,0.0018152066289457,0.0,0.0,0,0
R_48_barabasi_albert_0.05_0_emp,DETERMINISTIC_EMPIRICAL_ABM,barabasi_albert,0.05,48,0,empirical,19,499,0,1,1,0.002,0,0.0012380819626239,0.0003295956104831,0.0018152066289457,0.0,0.0,0,0
R_48_barabasi_albert_0.05_0_emp,DETERMINISTIC_EMPIRICAL_ABM,barabasi_albert,0.05,48,0,empirical,20,499,0,1,1,0.002,0,0.0012380819626239,0.0003295956104831,0.0018152066289457,0.0,0.0,0,0
R_48_barabasi_albert_0.05_0_emp,DETERMINISTIC_EMPIRICAL_ABM,barabasi_albert,0.05,48,0,empirical,21,499,0,1,1,0.002,0,0.0012380819626239,0.0003295956104831,0.0018152066289457,0.0,0.0,0,0
R_48_barabasi_albert_0.05_0_emp,DETERMINISTIC_EMPIRICAL_ABM,barabasi_albert,0.05,48,0,empirical,22,499,0,1,1,0.002,0,0.0012380819626239,0.0003295956104831,0.0018152066289457,0.0,0.0,0,0
R_48_barabasi_albert_0.05_0_emp,DETERMINISTIC_EMPIRICAL_ABM,barabasi_albert,0.05,48,0,empirical,23,499,0,1,1,0.002,0,0.0012380819626239,0.0003295956104831,0.0018152066289457,0.0,0.0,0,0
R_48_barabasi_albert_0.05_0_emp,DETERMINISTIC_EMPIRICAL_ABM,barabasi_albert,0.05,48,0,empirical,24,499,0,1,1,0.002,0,0.0012380819626239,0.0003295956104831,0.0018152066289457,0.0,0.0,0,0
R_48_barabasi_albert_0.15_0_const,DETERMINISTIC_EMPIRICAL_ABM,barabasi_albert,0.15,48,0,constant,0,499,1,0,1,0.002,5,0.0012380819626239,0.0012380819626239,0.0012380819626239,0.0009,0.0,0,0
R_48_barabasi_albert_0.15_0_const,DETERMINISTIC_EMPIRICAL_ABM,barabasi_albert,0.15,48,0,constant,1,499,1,0,1,0.002,0,0.0012380819626239,0.0012380819626239,0.0012380819626239,0.0009,0.0,3,0
R_48_barabasi_albert_0.15_0_const,DETERMINISTIC_EMPIRICAL_ABM,barabasi_albert,0.15,48,0,constant,2,499,0,1,1,0.002,0,0.0012380819626239,0.0012380819626239,0.0012380819626239,0.0,0.0,5,0
R_48_barabasi_albert_0.15_0_const,DETERMINISTIC_EMPIRICAL_ABM,barabasi_albert,0.15,48,0,constant,3,499,0,1,1,0.002,0,0.0012380819626239,0.0012380819626239,0.0012380819626239,0.0,0.0,5,0
R_48_barabasi_albert_0.15_0_const,DETERMINISTIC_EMPIRICAL_ABM,barabasi_albert,0.15,48,0,constant,4,499,0,1,1,0.002,0,0.0012380819626239,0.0012380819626239,0.0012380819626239,0.0,0.0,5,0
R_48_barabasi_albert_0.15_0_const,DETERMINISTIC_EMPIRICAL_ABM,barabasi_albert,0.15,48,0,constant,5,499,0,1,1,0.002,0,0.0012380819626239,0.0012380819626239,0.0012380819626239,0.0,0.0,5,0
R_48_barabasi_albert_0.15_0_const,DETERMINISTIC_EMPIRICAL_ABM,barabasi_albert,0.15,48,0,constant,6,499,0,1,1,0.002,0,0.0012380819626239,0.0012380819626239,0.0012380819626239,0.0,0.0,5,0
R_48_barabasi_albert_0.15_0_const,DETERMINISTIC_EMPIRICAL_ABM,barabasi_albert,0.15,48,0,constant,7,499,0,1,1,0.002,0,0.0012380819626239,0.0012380819626239,0.0012380819626239,0.0,0.0,5,0
R_48_barabasi_albert_0.15_0_const,DETERMINISTIC_EMPIRICAL_ABM,barabasi_albert,0.15,48,0,constant,8,499,0,1,1,0.002,0,0.0012380819626239,0.0012380819626239,0.0012380819626239,0.0,0.0,5,0
R_48_barabasi_albert_0.15_0_const,DETERMINISTIC_EMPIRICAL_ABM,barabasi_albert,0.15,48,0,constant,9,499,0,1,1,0.002,0,0.0012380819626239,0.0012380819626239,0.0012380819626239,0.0,0.0,5,0
R_48_barabasi_albert_0.15_0_const,DETERMINISTIC_EMPIRICAL_ABM,barabasi_albert,0.15,48,0,constant,10,499,0,1,1,0.002,0,0.0012380819626239,0.0012380819626239,0.0012380819626239,0.0,0.0,5,0
R_48_barabasi_albert_0.15_0_const,DETERMINISTIC_EMPIRICAL_ABM,barabasi_albert,0.15,48,0,constant,11,499,0,1,1,0.002,0,0.0012380819626239,0.0012380819626239,0.0012380819626239,0.0,0.0,5,0
R_48_barabasi_albert_0.15_0_const,DETERMINISTIC_EMPIRICAL_ABM,barabasi_albert,0.15,48,0,constant,12,499,0,1,1,0.002,0,0.0012380819626239,0.0012380819626239,0.0012380819626239,0.0,0.0,5,0
R_48_barabasi_albert_0.15_0_const,DETERMINISTIC_EMPIRICAL_ABM,barabasi_albert,0.15,48,0,constant,13,499,0,1,1,0.002,0,0.0012380819626239,0.0012380819626239,0.0012380819626239,0.0,0.0,5,0
R_48_barabasi_albert_0.15_0_const,DETERMINISTIC_EMPIRICAL_ABM,barabasi_albert,0.15,48,0,constant,14,499,0,1,1,0.002,0,0.0012380819626239,0.0012380819626239,0.0012380819626239,0.0,0.0,5,0
R_48_barabasi_albert_0.15_0_const,DETERMINISTIC_EMPIRICAL_ABM,barabasi_albert,0.15,48,0,constant,15,499,0,1,1,0.002,0,0.0012380819626239,0.0012380819626239,0.0012380819626239,0.0,0.0,5,0
R_48_barabasi_albert_0.15_0_const,DETERMINISTIC_EMPIRICAL_ABM,barabasi_albert,0.15,48,0,constant,16,499,0,1,1,0.002,0,0.0012380819626239,0.0012380819626239,0.0012380819626239,0.0,0.0,5,0
R_48_barabasi_albert_0.15_0_const,DETERMINISTIC_EMPIRICAL_ABM,barabasi_albert,0.15,48,0,constant,17,499,0,1,1,0.002,0,0.0012380819626239,0.0012380819626239,0.0012380819626239,0.0,0.0,5,0
R_48_barabasi_albert_0.15_0_const,DETERMINISTIC_EMPIRICAL_ABM,barabasi_albert,0.15,48,0,constant,18,499,0,1,1,0.002,0,0.0012380819626239,0.0012380819626239,0.0012380819626239,0.0,0.0,5,0
R_48_barabasi_albert_0.15_0_const,DETERMINISTIC_EMPIRICAL_ABM,barabasi_albert,0.15,48,0,constant,19,499,0,1,1,0.002,0,0.0012380819626239,0.0012380819626239,0.0012380819626239,0.0,0.0,5,0
R_48_barabasi_albert_0.15_0_const,DETERMINISTIC_EMPIRICAL_ABM,barabasi_albert,0.15,48,0,constant,20,499,0,1,1,0.002,0,0.0012380819626239,0.0012380819626239,0.0012380819626239,0.0,0.0,5,0
R_48_barabasi_albert_0.15_0_const,DETERMINISTIC_EMPIRICAL_ABM,barabasi_albert,0.15,48,0,constant,21,499,0,1,1,0.002,0,0.0012380819626239,0.0012380819626239,0.0012380819626239,0.0,0.0,5,0
R_48_barabasi_albert_0.15_0_const,DETERMINISTIC_EMPIRICAL_ABM,barabasi_albert,0.15,48,0,constant,22,499,0,1,1,0.002,0,0.0012380819626239,0.0012380819626239,0.0012380819626239,0.0,0.0,5,0
R_48_barabasi_albert_0.15_0_const,DETERMINISTIC_EMPIRICAL_ABM,barabasi_albert,0.15,48,0,constant,23,499,0,1,1,0.002,0,0.0012380819626239,0.0012380819626239,0.0012380819626239,0.0,0.0,5,0
R_48_barabasi_albert_0.15_0_const,DETERMINISTIC_EMPIRICAL_ABM,barabasi_albert,0.15,48,0,constant,24,499,0,1,1,0.002,0,0.0012380819626239,0.0012380819626239,0.0012380819626239,0.0,0.0,5,0
R_48_barabasi_albert_0.15_0_emp,DETERMINISTIC_EMPIRICAL_ABM,barabasi_albert,0.15,48,0,empirical,0,499,1,0,1,0.002,5,0.0012380819626239,0.0003295956104831,0.0018152066289457,0.0009,0.0,0,0
R_48_barabasi_albert_0.15_0_emp,DETERMINISTIC_EMPIRICAL_ABM,barabasi_albert,0.15,48,0,empirical,1,499,1,0,1,0.002,0,0.0012380819626239,0.0003295956104831,0.0018152066289457,0.0009,0.0,3,0
R_48_barabasi_albert_0.15_0_emp,DETERMINISTIC_EMPIRICAL_ABM,barabasi_albert,0.15,48,0,empirical,2,499,0,1,1,0.002,0,0.0012380819626239,0.0003295956104831,0.0018152066289457,0.0,0.0,5,0
R_48_barabasi_albert_0.15_0_emp,DETERMINISTIC_EMPIRICAL_ABM,barabasi_albert,0.15,48,0,empirical,3,499,0,1,1,0.002,0,0.0012380819626239,0.0003295956104831,0.0018152066289457,0.0,0.0,5,0
R_48_barabasi_albert_0.15_0_emp,DETERMINISTIC_EMPIRICAL_ABM,barabasi_albert,0.15,48,0,empirical,4,499,0,1,1,0.002,0,0.0012380819626239,0.0003295956104831,0.0018152066289457,0.0,0.0,5,0
R_48_barabasi_albert_0.15_0_emp,DETERMINISTIC_EMPIRICAL_ABM,barabasi_albert,0.15,48,0,empirical,5,499,0,1,1,0.002,0,0.0012380819626239,0.0003295956104831,0.0018152066289457,0.0,0.0,5,0
R_48_barabasi_albert_0.15_0_emp,DETERMINISTIC_EMPIRICAL_ABM,barabasi_albert,0.15,48,0,empirical,6,499,0,1,1,0.002,0,0.0012380819626239,0.0003295956104831,0.0018152066289457,0.0,0.0,5,0
R_48_barabasi_albert_0.15_0_emp,DETERMINISTIC_EMPIRICAL_ABM,barabasi_albert,0.15,48,0,empirical,7,499,0,1,1,0.002,0,0.0012380819626239,0.0003295956104831,0.0018152066289457,0.0,0.0,5,0
R_48_barabasi_albert_0.15_0_emp,DETERMINISTIC_EMPIRICAL_ABM,barabasi_albert,0.15,48,0,empirical,8,499,0,1,1,0.002,0,0.0012380819626239,0.0003295956104831,0.0018152066289457,0.0,0.0,5,0
R_48_barabasi_albert_0.15_0_emp,DETERMINISTIC_EMPIRICAL_ABM,barabasi_albert,0.15,48,0,empirical,9,499,0,1,1,0.002,0,0.0012380819626239,0.0003295956104831,0.0018152066289457,0.0,0.0,5,0
R_48_barabasi_albert_0.15_0_emp,DETERMINISTIC_EMPIRICAL_ABM,barabasi_albert,0.15,48,0,empirical,10,499,0,1,1,0.002,0,0.0012380819626239,0.0003295956104831,0.0018152066289457,0.0,0.0,5,0
R_48_barabasi_albert_0.15_0_emp,DETERMINISTIC_EMPIRICAL_ABM,barabasi_albert,0.15,48,0,empirical,11,499,0,1,1,0.002,0,0.0012380819626239,0.0003295956104831,0.0018152066289457,0.0,0.0,5,0
R_48_barabasi_albert_0.15_0_emp,DETERMINISTIC_EMPIRICAL_ABM,barabasi_albert,0.15,48,0,empirical,12,499,0,1,1,0.002,0,0.0012380819626239,0.0003295956104831,0.0018152066289457,0.0,0.0,5,0
R_48_barabasi_albert_0.15_0_emp,DETERMINISTIC_EMPIRICAL_ABM,barabasi_albert,0.15,48,0,empirical,13,499,0,1,1,0.002,0,0.0012380819626239,0.0003295956104831,0.0018152066289457,0.0,0.0,5,0
R_48_barabasi_albert_0.15_0_emp,DETERMINISTIC_EMPIRICAL_ABM,barabasi_albert,0.15,48,0,empirical,14,499,0,1,1,0.002,0,0.0012380819626239,0.0003295956104831,0.0018152066289457,0.0,0.0,5,0
R_48_barabasi_albert_0.15_0_emp,DETERMINISTIC_EMPIRICAL_ABM,barabasi_albert,0.15,48,0,empirical,15,499,0,1,1,0.002,0,0.0012380819626239,0.0003295956104831,0.0018152066289457,0.0,0.0,5,0
R_48_barabasi_albert_0.15_0_emp,DETERMINISTIC_EMPIRICAL_ABM,barabasi_albert,0.15,48,0,empirical,16,499,0,1,1,0.002,0,0.0012380819626239,0.0003295956104831,0.0018152066289457,0.0,0.0,5,0
R_48_barabasi_albert_0.15_0_emp,DETERMINISTIC_EMPIRICAL_ABM,barabasi_albert,0.15,48,0,empirical,17,499,0,1,1,0.002,0,0.0012380819626239,0.0003295956104831,0.0018152066289457,0.0,0.0,5,0
R_48_barabasi_albert_0.15_0_emp,DETERMINISTIC_EMPIRICAL_ABM,barabasi_albert,0.15,48,0,empirical,18,499,0,1,1,0.002,0,0.0012380819626239,0.0003295956104831,0.0018152066289457,0.0,0.0,5,0
R_48_barabasi_albert_0.15_0_emp,DETERMINISTIC_EMPIRICAL_ABM,barabasi_albert,0.15,48,0,empirical,19,499,0,1,1,0.002,0,0.0012380819626239,0.0003295956104831,0.0018152066289457,0.0,0.0,5,0
R_48_barabasi_albert_0.15_0_emp,DETERMINISTIC_EMPIRICAL_ABM,barabasi_albert,0.15,48,0,empirical,20,499,0,1,1,0.002,0,0.0012380819626239,0.0003295956104831,0.0018152066289457,0.0,0.0,5,0
R_48_barabasi_albert_0.15_0_emp,DETERMINISTIC_EMPIRICAL_ABM,barabasi_albert,0.15,48,0,empirical,21,499,0,1,1,0.002,0,0.0012380819626239,0.0003295956104831,0.0018152066289457,0.0,0.0,5,0
R_48_barabasi_albert_0.15_0_emp,DETERMINISTIC_EMPIRICAL_ABM,barabasi_albert,0.15,48,0,empirical,22,499,0,1,1,0.002,0,0.0012380819626239,0.0003295956104831,0.0018152066289457,0.0,0.0,5,0
R_48_barabasi_albert_0.15_0_emp,DETERMINISTIC_EMPIRICAL_ABM,barabasi_albert,0.15,48,0,empirical,23,499,0,1,1,0.002,0,0.0012380819626239,0.0003295956104831,0.0018152066289457,0.0,0.0,5,0
R_48_barabasi_albert_0.15_0_emp,DETERMINISTIC_EMPIRICAL_ABM,barabasi_albert,0.15,48,0,empirical,24,499,0,1,1,0.002,0,0.0012380819626239,0.0003295956104831,0.0018152066289457,0.0,0.0,5,0
R_48_barabasi_albert_0.3_0_const,DETERMINISTIC_EMPIRICAL_ABM,barabasi_albert,0.3,48,0,constant,0,499,1,0,1,0.002,5,0.0012380819626239,0.0012380819626239,0.0012380819626239,0.0018,0.0,0,0
R_48_barabasi_albert_0.3_0_const,DETERMINISTIC_EMPIRICAL_ABM,barabasi_albert,0.3,48,0,constant,1,499,1,0,1,0.002,0,0.0012380819626239,0.0012380819626239,0.0012380819626239,0.0018,0.0,3,0
R_48_barabasi_albert_0.3_0_const,DETERMINISTIC_EMPIRICAL_ABM,barabasi_albert,0.3,48,0,constant,2,499,0,1,1,0.002,0,0.0012380819626239,0.0012380819626239,0.0012380819626239,0.0,0.0,5,0
R_48_barabasi_albert_0.3_0_const,DETERMINISTIC_EMPIRICAL_ABM,barabasi_albert,0.3,48,0,constant,3,499,0,1,1,0.002,0,0.0012380819626239,0.0012380819626239,0.0012380819626239,0.0,0.0,5,0
R_48_barabasi_albert_0.3_0_const,DETERMINISTIC_EMPIRICAL_ABM,barabasi_albert,0.3,48,0,constant,4,499,0,1,1,0.002,0,0.0012380819626239,0.0012380819626239,0.0012380819626239,0.0,0.0,5,0
R_48_barabasi_albert_0.3_0_const,DETERMINISTIC_EMPIRICAL_ABM,barabasi_albert,0.3,48,0,constant,5,499,0,1,1,0.002,0,0.0012380819626239,0.0012380819626239,0.0012380819626239,0.0,0.0,5,0
R_48_barabasi_albert_0.3_0_const,DETERMINISTIC_EMPIRICAL_ABM,barabasi_albert,0.3,48,0,constant,6,499,0,1,1,0.002,0,0.0012380819626239,0.0012380819626239,0.0012380819626239,0.0,0.0,5,0
R_48_barabasi_albert_0.3_0_const,DETERMINISTIC_EMPIRICAL_ABM,barabasi_albert,0.3,48,0,constant,7,499,0,1,1,0.002,0,0.0012380819626239,0.0012380819626239,0.0012380819626239,0.0,0.0,5,0
R_48_barabasi_albert_0.3_0_const,DETERMINISTIC_EMPIRICAL_ABM,barabasi_albert,0.3,48,0,constant,8,499,0,1,1,0.002,0,0.0012380819626239,0.0012380819626239,0.0012380819626239,0.0,0.0,5,0
R_48_barabasi_albert_0.3_0_const,DETERMINISTIC_EMPIRICAL_ABM,barabasi_albert,0.3,48,0,constant,9,499,0,1,1,0.002,0,0.0012380819626239,0.0012380819626239,0.0012380819626239,0.0,0.0,5,0
R_48_barabasi_albert_0.3_0_const,DETERMINISTIC_EMPIRICAL_ABM,barabasi_albert,0.3,48,0,constant,10,499,0,1,1,0.002,0,0.0012380819626239,0.0012380819626239,0.0012380819626239,0.0,0.0,5,0
R_48_barabasi_albert_0.3_0_const,DETERMINISTIC_EMPIRICAL_ABM,barabasi_albert,0.3,48,0,constant,11,499,0,1,1,0.002,0,0.0012380819626239,0.0012380819626239,0.0012380819626239,0.0,0.0,5,0
R_48_barabasi_albert_0.3_0_const,DETERMINISTIC_EMPIRICAL_ABM,barabasi_albert,0.3,48,0,constant,12,499,0,1,1,0.002,0,0.0012380819626239,0.0012380819626239,0.0012380819626239,0.0,0.0,5,0
R_48_barabasi_albert_0.3_0_const,DETERMINISTIC_EMPIRICAL_ABM,barabasi_albert,0.3,48,0,constant,13,499,0,1,1,0.002,0,0.0012380819626239,0.0012380819626239,0.0012380819626239,0.0,0.0,5,0
R_48_barabasi_albert_0.3_0_const,DETERMINISTIC_EMPIRICAL_ABM,barabasi_albert,0.3,48,0,constant,14,499,0,1,1,0.002,0,0.0012380819626239,0.0012380819626239,0.0012380819626239,0.0,0.0,5,0
R_48_barabasi_albert_0.3_0_const,DETERMINISTIC_EMPIRICAL_ABM,barabasi_albert,0.3,48,0,constant,15,499,0,1,1,0.002,0,0.0012380819626239,0.0012380819626239,0.0012380819626239,0.0,0.0,5,0
R_48_barabasi_albert_0.3_0_const,DETERMINISTIC_EMPIRICAL_ABM,barabasi_albert,0.3,48,0,constant,16,499,0,1,1,0.002,0,0.0012380819626239,0.0012380819626239,0.0012380819626239,0.0,0.0,5,0
R_48_barabasi_albert_0.3_0_const,DETERMINISTIC_EMPIRICAL_ABM,barabasi_albert,0.3,48,0,constant,17,499,0,1,1,0.002,0,0.0012380819626239,0.0012380819626239,0.0012380819626239,0.0,0.0,5,0
R_48_barabasi_albert_0.3_0_const,DETERMINISTIC_EMPIRICAL_ABM,barabasi_albert,0.3,48,0,constant,18,499,0,1,1,0.002,0,0.0012380819626239,0.0012380819626239,0.0012380819626239,0.0,0.0,5,0
R_48_barabasi_albert_0.3_0_const,DETERMINISTIC_EMPIRICAL_ABM,barabasi_albert,0.3,48,0,constant,19,499,0,1,1,0.002,0,0.0012380819626239,0.0012380819626239,0.0012380819626239,0.0,0.0,5,0
R_48_barabasi_albert_0.3_0_const,DETERMINISTIC_EMPIRICAL_ABM,barabasi_albert,0.3,48,0,constant,20,499,0,1,1,0.002,0,0.0012380819626239,0.0012380819626239,0.0012380819626239,0.0,0.0,5,0
R_48_barabasi_albert_0.3_0_const,DETERMINISTIC_EMPIRICAL_ABM,barabasi_albert,0.3,48,0,constant,21,499,0,1,1,0.002,0,0.0012380819626239,0.0012380819626239,0.0012380819626239,0.0,0.0,5,0
R_48_barabasi_albert_0.3_0_const,DETERMINISTIC_EMPIRICAL_ABM,barabasi_albert,0.3,48,0,constant,22,499,0,1,1,0.002,0,0.0012380819626239,0.0012380819626239,0.0012380819626239,0.0,0.0,5,0
R_48_barabasi_albert_0.3_0_const,DETERMINISTIC_EMPIRICAL_ABM,barabasi_albert,0.3,48,0,constant,23,499,0,1,1,0.002,0,0.0012380819626239,0.0012380819626239,0.0012380819626239,0.0,0.0,5,0
R_48_barabasi_albert_0.3_0_const,DETERMINISTIC_EMPIRICAL_ABM,barabasi_albert,0.3,48,0,constant,24,499,0,1,1,0.002,0,0.0012380819626239,0.0012380819626239,0.0012380819626239,0.0,0.0,5,0
R_48_barabasi_albert_0.3_0_emp,DETERMINISTIC_EMPIRICAL_ABM,barabasi_albert,0.3,48,0,empirical,0,499,1,0,1,0.002,5,0.0012380819626239,0.0003295956104831,0.0018152066289457,0.0018,0.0,0,0
R_48_barabasi_albert_0.3_0_emp,DETERMINISTIC_EMPIRICAL_ABM,barabasi_albert,0.3,48,0,empirical,1,499,1,0,1,0.002,0,0.0012380819626239,0.0003295956104831,0.0018152066289457,0.0018,0.0,3,0
R_48_barabasi_albert_0.3_0_emp,DETERMINISTIC_EMPIRICAL_ABM,barabasi_albert,0.3,48,0,empirical,2,499,0,1,1,0.002,0,0.0012380819626239,0.0003295956104831,0.0018152066289457,0.0,0.0,5,0
R_48_barabasi_albert_0.3_0_emp,DETERMINISTIC_EMPIRICAL_ABM,barabasi_albert,0.3,48,0,empirical,3,499,0,1,1,0.002,0,0.0012380819626239,0.0003295956104831,0.0018152066289457,0.0,0.0,5,0
R_48_barabasi_albert_0.3_0_emp,DETERMINISTIC_EMPIRICAL_ABM,barabasi_albert,0.3,48,0,empirical,4,499,0,1,1,0.002,0,0.0012380819626239,0.0003295956104831,0.0018152066289457,0.0,0.0,5,0
R_48_barabasi_albert_0.3_0_emp,DETERMINISTIC_EMPIRICAL_ABM,barabasi_albert,0.3,48,0,empirical,5,499,0,1,1,0.002,0,0.0012380819626239,0.0003295956104831,0.0018152066289457,0.0,0.0,5,0
R_48_barabasi_albert_0.3_0_emp,DETERMINISTIC_EMPIRICAL_ABM,barabasi_albert,0.3,48,0,empirical,6,499,0,1,1,0.002,0,0.0012380819626239,0.0003295956104831,0.0018152066289457,0.0,0.0,5,0
R_48_barabasi_albert_0.3_0_emp,DETERMINISTIC_EMPIRICAL_ABM,barabasi_albert,0.3,48,0,empirical,7,499,0,1,1,0.002,0,0.0012380819626239,0.0003295956104831,0.0018152066289457,0.0,0.0,5,0
R_48_barabasi_albert_0.3_0_emp,DETERMINISTIC_EMPIRICAL_ABM,barabasi_albert,0.3,48,0,empirical,8,499,0,1,1,0.002,0,0.0012380819626239,0.0003295956104831,0.0018152066289457,0.0,0.0,5,0
R_48_barabasi_albert_0.3_0_emp,DETERMINISTIC_EMPIRICAL_ABM,barabasi_albert,0.3,48,0,empirical,9,499,0,1,1,0.002,0,0.0012380819626239,0.0003295956104831,0.0018152066289457,0.0,0.0,5,0
R_48_barabasi_albert_0.3_0_emp,DETERMINISTIC_EMPIRICAL_ABM,barabasi_albert,0.3,48,0,empirical,10,499,0,1,1,0.002,0,0.0012380819626239,0.0003295956104831,0.0018152066289457,0.0,0.0,5,0
R_48_barabasi_albert_0.3_0_emp,DETERMINISTIC_EMPIRICAL_ABM,barabasi_albert,0.3,48,0,empirical,11,499,0,1,1,0.002,0,0.0012380819626239,0.0003295956104831,0.0018152066289457,0.0,0.0,5,0
R_48_barabasi_albert_0.3_0_emp,DETERMINISTIC_EMPIRICAL_ABM,barabasi_albert,0.3,48,0,empirical,12,499,0,1,1,0.002,0,0.0012380819626239,0.0003295956104831,0.0018152066289457,0.0,0.0,5,0
R_48_barabasi_albert_0.3_0_emp,DETERMINISTIC_EMPIRICAL_ABM,barabasi_albert,0.3,48,0,empirical,13,499,0,1,1,0.002,0,0.0012380819626239,0.0003295956104831,0.0018152066289457,0.0,0.0,5,0
R_48_barabasi_albert_0.3_0_emp,DETERMINISTIC_EMPIRICAL_ABM,barabasi_albert,0.3,48,0,empirical,14,499,0,1,1,0.002,0,0.0012380819626239,0.0003295956104831,0.0018152066289457,0.0,0.0,5,0
R_48_barabasi_albert_0.3_0_emp,DETERMINISTIC_EMPIRICAL_ABM,barabasi_albert,0.3,48,0,empirical,15,499,0,1,1,0.002,0,0.0012380819626239,0.0003295956104831,0.0018152066289457,0.0,0.0,5,0
R_48_barabasi_albert_0.3_0_emp,DETERMINISTIC_EMPIRICAL_ABM,barabasi_albert,0.3,48,0,empirical,16,499,0,1,1,0.002,0,0.0012380819626239,0.0003295956104831,0.0018152066289457,0.0,0.0,5,0
R_48_barabasi_albert_0.3_0_emp,DETERMINISTIC_EMPIRICAL_ABM,barabasi_albert,0.3,48,0,empirical,17,499,0,1,1,0.002,0,0.0012380819626239,0.0003295956104831,0.0018152066289457,0.0,0.0,5,0
R_48_barabasi_albert_0.3_0_emp,DETERMINISTIC_EMPIRICAL_ABM,barabasi_albert,0.3,48,0,empirical,18,499,0,1,1,0.002,0,0.0012380819626239,0.0003295956104831,0.0018152066289457,0.0,0.0,5,0
R_48_barabasi_albert_0.3_0_emp,DETERMINISTIC_EMPIRICAL_ABM,barabasi_albert,0.3,48,0,empirical,19,499,0,1,1,0.002,0,0.0012380819626239,0.0003295956104831,0.0018152066289457,0.0,0.0,5,0
R_48_barabasi_albert_0.3_0_emp,DETERMINISTIC_EMPIRICAL_ABM,barabasi_albert,0.3,48,0,empirical,20,499,0,1,1,0.002,0,0.0012380819626239,0.0003295956104831,0.0018152066289457,0.0,0.0,5,0
R_48_barabasi_albert_0.3_0_emp,DETERMINISTIC_EMPIRICAL_ABM,barabasi_albert,0.3,48,0,empirical,21,499,0,1,1,0.002,0,0.0012380819626239,0.0003295956104831,0.0018152066289457,0.0,0.0,5,0
R_48_barabasi_albert_0.3_0_emp,DETERMINISTIC_EMPIRICAL_ABM,barabasi_albert,0.3,48,0,empirical,22,499,0,1,1,0.002,0,0.0012380819626239,0.0003295956104831,0.0018152066289457,0.0,0.0,5,0
R_48_barabasi_albert_0.3_0_emp,DETERMINISTIC_EMPIRICAL_ABM,barabasi_albert,0.3,48,0,empirical,23,499,0,1,1,0.002,0,0.0012380819626239,0.0003295956104831,0.0018152066289457,0.0,0.0,5,0
R_48_barabasi_albert_0.3_0_emp,DETERMINISTIC_EMPIRICAL_ABM,barabasi_albert,0.3,48,0,empirical,24,499,0,1,1,0.002,0,0.0012380819626239,0.0003295956104831,0.0018152066289457,0.0,0.0,5,0
R_48_STATIC_0_emp,STATIC_BASELINE,,,48,0,empirical,0,499,1,0,1,0.002,5,0.0012380819626239,0.0003295956104831,0.0018152066289457,0.0,0.0,0,0
R_48_STATIC_0_emp,STATIC_BASELINE,,,48,0,empirical,1,499,1,0,1,0.002,0,0.0012380819626239,0.0003295956104831,0.0018152066289457,0.0,0.0,0,0
R_48_STATIC_0_emp,STATIC_BASELINE,,,48,0,empirical,2,499,0,1,1,0.002,0,0.0012380819626239,0.0003295956104831,0.0018152066289457,0.0,0.0,0,0
R_48_STATIC_0_emp,STATIC_BASELINE,,,48,0,empirical,3,499,0,1,1,0.002,0,0.0012380819626239,0.0003295956104831,0.0018152066289457,0.0,0.0,0,0
R_48_STATIC_0_emp,STATIC_BASELINE,,,48,0,empirical,4,499,0,1,1,0.002,0,0.0012380819626239,0.0003295956104831,0.0018152066289457,0.0,0.0,0,0
R_48_STATIC_0_emp,STATIC_BASELINE,,,48,0,empirical,5,499,0,1,1,0.002,0,0.0012380819626239,0.0003295956104831,0.0018152066289457,0.0,0.0,0,0
R_48_STATIC_0_emp,STATIC_BASELINE,,,48,0,empirical,6,499,0,1,1,0.002,0,0.0012380819626239,0.0003295956104831,0.0018152066289457,0.0,0.0,0,0
R_48_STATIC_0_emp,STATIC_BASELINE,,,48,0,empirical,7,499,0,1,1,0.002,0,0.0012380819626239,0.0003295956104831,0.0018152066289457,0.0,0.0,0,0
R_48_STATIC_0_emp,STATIC_BASELINE,,,48,0,empirical,8,499,0,1,1,0.002,0,0.0012380819626239,0.0003295956104831,0.0018152066289457,0.0,0.0,0,0
R_48_STATIC_0_emp,STATIC_BASELINE,,,48,0,empirical,9,499,0,1,1,0.002,0,0.0012380819626239,0.0003295956104831,0.0018152066289457,0.0,0.0,0,0
R_48_STATIC_0_emp,STATIC_BASELINE,,,48,0,empirical,10,499,0,1,1,0.002,0,0.0012380819626239,0.0003295956104831,0.0018152066289457,0.0,0.0,0,0
R_48_STATIC_0_emp,STATIC_BASELINE,,,48,0,empirical,11,499,0,1,1,0.002,0,0.0012380819626239,0.0003295956104831,0.0018152066289457,0.0,0.0,0,0
R_48_STATIC_0_emp,STATIC_BASELINE,,,48,0,empirical,12,499,0,1,1,0.002,0,0.0012380819626239,0.0003295956104831,0.0018152066289457,0.0,0.0,0,0
R_48_STATIC_0_emp,STATIC_BASELINE,,,48,0,empirical,13,499,0,1,1,0.002,0,0.0012380819626239,0.0003295956104831,0.0018152066289457,0.0,0.0,0,0
R_48_STATIC_0_emp,STATIC_BASELINE,,,48,0,empirical,14,499,0,1,1,0.002,0,0.0012380819626239,0.0003295956104831,0.0018152066289457,0.0,0.0,0,0
R_48_STATIC_0_emp,STATIC_BASELINE,,,48,0,empirical,15,499,0,1,1,0.002,0,0.0012380819626239,0.0003295956104831,0.0018152066289457,0.0,0.0,0,0
R_48_STATIC_0_emp,STATIC_BASELINE,,,48,0,empirical,16,499,0,1,1,0.002,0,0.0012380819626239,0.0003295956104831,0.0018152066289457,0.0,0.0,0,0
R_48_STATIC_0_emp,STATIC_BASELINE,,,48,0,empirical,17,499,0,1,1,0.002,0,0.0012380819626239,0.0003295956104831,0.0018152066289457,0.0,0.0,0,0
R_48_STATIC_0_emp,STATIC_BASELINE,,,48,0,empirical,18,499,0,1,1,0.002,0,0.0012380819626239,0.0003295956104831,0.0018152066289457,0.0,0.0,0,0
R_48_STATIC_0_emp,STATIC_BASELINE,,,48,0,empirical,19,499,0,1,1,0.002,0,0.0012380819626239,0.0003295956104831,0.0018152066289457,0.0,0.0,0,0
R_48_STATIC_0_emp,STATIC_BASELINE,,,48,0,empirical,20,499,0,1,1,0.002,0,0.0012380819626239,0.0003295956104831,0.0018152066289457,0.0,0.0,0,0
R_48_STATIC_0_emp,STATIC_BASELINE,,,48,0,empirical,21,499,0,1,1,0.002,0,0.0012380819626239,0.0003295956104831,0.0018152066289457,0.0,0.0,0,0
R_48_STATIC_0_emp,STATIC_BASELINE,,,48,0,empirical,22,499,0,1,1,0.002,0,0.0012380819626239,0.0003295956104831,0.0018152066289457,0.0,0.0,0,0
R_48_STATIC_0_emp,STATIC_BASELINE,,,48,0,empirical,23,499,0,1,1,0.002,0,0.0012380819626239,0.0003295956104831,0.0018152066289457,0.0,0.0,0,0
R_48_STATIC_0_emp,STATIC_BASELINE,,,48,0,empirical,24,499,0,1,1,0.002,0,0.0012380819626239,0.0003295956104831,0.0018152066289457,0.0,0.0,0,0
R_48_watts_strogatz_0.05_0_const,DETERMINISTIC_EMPIRICAL_ABM,watts_strogatz,0.05,48,0,constant,0,499,1,0,1,0.002,5,0.0012380819626239,0.0012380819626239,0.0012380819626239,0.0003,0.0,0,0
R_48_watts_strogatz_0.05_0_const,DETERMINISTIC_EMPIRICAL_ABM,watts_strogatz,0.05,48,0,constant,1,499,1,0,1,0.002,0,0.0012380819626239,0.0012380819626239,0.0012380819626239,0.0003,0.0,0,0
R_48_watts_strogatz_0.05_0_const,DETERMINISTIC_EMPIRICAL_ABM,watts_strogatz,0.05,48,0,constant,2,499,0,1,1,0.002,0,0.0012380819626239,0.0012380819626239,0.0012380819626239,0.0,0.0,0,0
R_48_watts_strogatz_0.05_0_const,DETERMINISTIC_EMPIRICAL_ABM,watts_strogatz,0.05,48,0,constant,3,499,0,1,1,0.002,0,0.0012380819626239,0.0012380819626239,0.0012380819626239,0.0,0.0,0,0
R_48_watts_strogatz_0.05_0_const,DETERMINISTIC_EMPIRICAL_ABM,watts_strogatz,0.05,48,0,constant,4,499,0,1,1,0.002,0,0.0012380819626239,0.0012380819626239,0.0012380819626239,0.0,0.0,0,0
R_48_watts_strogatz_0.05_0_const,DETERMINISTIC_EMPIRICAL_ABM,watts_strogatz,0.05,48,0,constant,5,499,0,1,1,0.002,0,0.0012380819626239,0.0012380819626239,0.0012380819626239,0.0,0.0,0,0
R_48_watts_strogatz_0.05_0_const,DETERMINISTIC_EMPIRICAL_ABM,watts_strogatz,0.05,48,0,constant,6,499,0,1,1,0.002,0,0.0012380819626239,0.0012380819626239,0.0012380819626239,0.0,0.0,0,0
R_48_watts_strogatz_0.05_0_const,DETERMINISTIC_EMPIRICAL_ABM,watts_strogatz,0.05,48,0,constant,7,499,0,1,1,0.002,0,0.0012380819626239,0.0012380819626239,0.0012380819626239,0.0,0.0,0,0
R_48_watts_strogatz_0.05_0_const,DETERMINISTIC_EMPIRICAL_ABM,watts_strogatz,0.05,48,0,constant,8,499,0,1,1,0.002,0,0.0012380819626239,0.0012380819626239,0.0012380819626239,0.0,0.0,0,0
R_48_watts_strogatz_0.05_0_const,DETERMINISTIC_EMPIRICAL_ABM,watts_strogatz,0.05,48,0,constant,9,499,0,1,1,0.002,0,0.0012380819626239,0.0012380819626239,0.0012380819626239,0.0,0.0,0,0
R_48_watts_strogatz_0.05_0_const,DETERMINISTIC_EMPIRICAL_ABM,watts_strogatz,0.05,48,0,constant,10,499,0,1,1,0.002,0,0.0012380819626239,0.0012380819626239,0.0012380819626239,0.0,0.0,0,0
R_48_watts_strogatz_0.05_0_const,DETERMINISTIC_EMPIRICAL_ABM,watts_strogatz,0.05,48,0,constant,11,499,0,1,1,0.002,0,0.0012380819626239,0.0012380819626239,0.0012380819626239,0.0,0.0,0,0
R_48_watts_strogatz_0.05_0_const,DETERMINISTIC_EMPIRICAL_ABM,watts_strogatz,0.05,48,0,constant,12,499,0,1,1,0.002,0,0.0012380819626239,0.0012380819626239,0.0012380819626239,0.0,0.0,0,0
R_48_watts_strogatz_0.05_0_const,DETERMINISTIC_EMPIRICAL_ABM,watts_strogatz,0.05,48,0,constant,13,499,0,1,1,0.002,0,0.0012380819626239,0.0012380819626239,0.0012380819626239,0.0,0.0,0,0
R_48_watts_strogatz_0.05_0_const,DETERMINISTIC_EMPIRICAL_ABM,watts_strogatz,0.05,48,0,constant,14,499,0,1,1,0.002,0,0.0012380819626239,0.0012380819626239,0.0012380819626239,0.0,0.0,0,0
R_48_watts_strogatz_0.05_0_const,DETERMINISTIC_EMPIRICAL_ABM,watts_strogatz,0.05,48,0,constant,15,499,0,1,1,0.002,0,0.0012380819626239,0.0012380819626239,0.0012380819626239,0.0,0.0,0,0
R_48_watts_strogatz_0.05_0_const,DETERMINISTIC_EMPIRICAL_ABM,watts_strogatz,0.05,48,0,constant,16,499,0,1,1,0.002,0,0.0012380819626239,0.0012380819626239,0.0012380819626239,0.0,0.0,0,0
R_48_watts_strogatz_0.05_0_const,DETERMINISTIC_EMPIRICAL_ABM,watts_strogatz,0.05,48,0,constant,17,499,0,1,1,0.002,0,0.0012380819626239,0.0012380819626239,0.0012380819626239,0.0,0.0,0,0
R_48_watts_strogatz_0.05_0_const,DETERMINISTIC_EMPIRICAL_ABM,watts_strogatz,0.05,48,0,constant,18,499,0,1,1,0.002,0,0.0012380819626239,0.0012380819626239,0.0012380819626239,0.0,0.0,0,0
R_48_watts_strogatz_0.05_0_const,DETERMINISTIC_EMPIRICAL_ABM,watts_strogatz,0.05,48,0,constant,19,499,0,1,1,0.002,0,0.0012380819626239,0.0012380819626239,0.0012380819626239,0.0,0.0,0,0
R_48_watts_strogatz_0.05_0_const,DETERMINISTIC_EMPIRICAL_ABM,watts_strogatz,0.05,48,0,constant,20,499,0,1,1,0.002,0,0.0012380819626239,0.0012380819626239,0.0012380819626239,0.0,0.0,0,0
R_48_watts_strogatz_0.05_0_const,DETERMINISTIC_EMPIRICAL_ABM,watts_strogatz,0.05,48,0,constant,21,499,0,1,1,0.002,0,0.0012380819626239,0.0012380819626239,0.0012380819626239,0.0,0.0,0,0
R_48_watts_strogatz_0.05_0_const,DETERMINISTIC_EMPIRICAL_ABM,watts_strogatz,0.05,48,0,constant,22,499,0,1,1,0.002,0,0.0012380819626239,0.0012380819626239,0.0012380819626239,0.0,0.0,0,0
R_48_watts_strogatz_0.05_0_const,DETERMINISTIC_EMPIRICAL_ABM,watts_strogatz,0.05,48,0,constant,23,499,0,1,1,0.002,0,0.0012380819626239,0.0012380819626239,0.0012380819626239,0.0,0.0,0,0
R_48_watts_strogatz_0.05_0_const,DETERMINISTIC_EMPIRICAL_ABM,watts_strogatz,0.05,48,0,constant,24,499,0,1,1,0.002,0,0.0012380819626239,0.0012380819626239,0.0012380819626239,0.0,0.0,0,0
R_48_watts_strogatz_0.05_0_emp,DETERMINISTIC_EMPIRICAL_ABM,watts_strogatz,0.05,48,0,empirical,0,499,1,0,1,0.002,5,0.0012380819626239,0.0003295956104831,0.0018152066289457,0.0003,0.0,0,0
R_48_watts_strogatz_0.05_0_emp,DETERMINISTIC_EMPIRICAL_ABM,watts_strogatz,0.05,48,0,empirical,1,499,1,0,1,0.002,0,0.0012380819626239,0.0003295956104831,0.0018152066289457,0.0003,0.0,0,0
R_48_watts_strogatz_0.05_0_emp,DETERMINISTIC_EMPIRICAL_ABM,watts_strogatz,0.05,48,0,empirical,2,499,0,1,1,0.002,0,0.0012380819626239,0.0003295956104831,0.0018152066289457,0.0,0.0,0,0
R_48_watts_strogatz_0.05_0_emp,DETERMINISTIC_EMPIRICAL_ABM,watts_strogatz,0.05,48,0,empirical,3,499,0,1,1,0.002,0,0.0012380819626239,0.0003295956104831,0.0018152066289457,0.0,0.0,0,0
R_48_watts_strogatz_0.05_0_emp,DETERMINISTIC_EMPIRICAL_ABM,watts_strogatz,0.05,48,0,empirical,4,499,0,1,1,0.002,0,0.0012380819626239,0.0003295956104831,0.0018152066289457,0.0,0.0,0,0
R_48_watts_strogatz_0.05_0_emp,DETERMINISTIC_EMPIRICAL_ABM,watts_strogatz,0.05,48,0,empirical,5,499,0,1,1,0.002,0,0.0012380819626239,0.0003295956104831,0.0018152066289457,0.0,0.0,0,0
R_48_watts_strogatz_0.05_0_emp,DETERMINISTIC_EMPIRICAL_ABM,watts_strogatz,0.05,48,0,empirical,6,499,0,1,1,0.002,0,0.0012380819626239,0.0003295956104831,0.0018152066289457,0.0,0.0,0,0
R_48_watts_strogatz_0.05_0_emp,DETERMINISTIC_EMPIRICAL_ABM,watts_strogatz,0.05,48,0,empirical,7,499,0,1,1,0.002,0,0.0012380819626239,0.0003295956104831,0.0018152066289457,0.0,0.0,0,0
R_48_watts_strogatz_0.05_0_emp,DETERMINISTIC_EMPIRICAL_ABM,watts_strogatz,0.05,48,0,empirical,8,499,0,1,1,0.002,0,0.0012380819626239,0.0003295956104831,0.0018152066289457,0.0,0.0,0,0
R_48_watts_strogatz_0.05_0_emp,DETERMINISTIC_EMPIRICAL_ABM,watts_strogatz,0.05,48,0,empirical,9,499,0,1,1,0.002,0,0.0012380819626239,0.0003295956104831,0.0018152066289457,0.0,0.0,0,0
R_48_watts_strogatz_0.05_0_emp,DETERMINISTIC_EMPIRICAL_ABM,watts_strogatz,0.05,48,0,empirical,10,499,0,1,1,0.002,0,0.0012380819626239,0.0003295956104831,0.0018152066289457,0.0,0.0,0,0
R_48_watts_strogatz_0.05_0_emp,DETERMINISTIC_EMPIRICAL_ABM,watts_strogatz,0.05,48,0,empirical,11,499,0,1,1,0.002,0,0.0012380819626239,0.0003295956104831,0.0018152066289457,0.0,0.0,0,0
R_48_watts_strogatz_0.05_0_emp,DETERMINISTIC_EMPIRICAL_ABM,watts_strogatz,0.05,48,0,empirical,12,499,0,1,1,0.002,0,0.0012380819626239,0.0003295956104831,0.0018152066289457,0.0,0.0,0,0
R_48_watts_strogatz_0.05_0_emp,DETERMINISTIC_EMPIRICAL_ABM,watts_strogatz,0.05,48,0,empirical,13,499,0,1,1,0.002,0,0.0012380819626239,0.0003295956104831,0.0018152066289457,0.0,0.0,0,0
R_48_watts_strogatz_0.05_0_emp,DETERMINISTIC_EMPIRICAL_ABM,watts_strogatz,0.05,48,0,empirical,14,499,0,1,1,0.002,0,0.0012380819626239,0.0003295956104831,0.0018152066289457,0.0,0.0,0,0
R_48_watts_strogatz_0.05_0_emp,DETERMINISTIC_EMPIRICAL_ABM,watts_strogatz,0.05,48,0,empirical,15,499,0,1,1,0.002,0,0.0012380819626239,0.0003295956104831,0.0018152066289457,0.0,0.0,0,0
R_48_watts_strogatz_0.05_0_emp,DETERMINISTIC_EMPIRICAL_ABM,watts_strogatz,0.05,48,0,empirical,16,499,0,1,1,0.002,0,0.0012380819626239,0.0003295956104831,0.0018152066289457,0.0,0.0,0,0
R_48_watts_strogatz_0.05_0_emp,DETERMINISTIC_EMPIRICAL_ABM,watts_strogatz,0.05,48,0,empirical,17,499,0,1,1,0.002,0,0.0012380819626239,0.0003295956104831,0.0018152066289457,0.0,0.0,0,0
R_48_watts_strogatz_0.05_0_emp,DETERMINISTIC_EMPIRICAL_ABM,watts_strogatz,0.05,48,0,empirical,18,499,0,1,1,0.002,0,0.0012380819626239,0.0003295956104831,0.0018152066289457,0.0,0.0,0,0
R_48_watts_strogatz_0.05_0_emp,DETERMINISTIC_EMPIRICAL_ABM,watts_strogatz,0.05,48,0,empirical,19,499,0,1,1,0.002,0,0.0012380819626239,0.0003295956104831,0.0018152066289457,0.0,0.0,0,0
R_48_watts_strogatz_0.05_0_emp,DETERMINISTIC_EMPIRICAL_ABM,watts_strogatz,0.05,48,0,empirical,20,499,0,1,1,0.002,0,0.0012380819626239,0.0003295956104831,0.0018152066289457,0.0,0.0,0,0
R_48_watts_strogatz_0.05_0_emp,DETERMINISTIC_EMPIRICAL_ABM,watts_strogatz,0.05,48,0,empirical,21,499,0,1,1,0.002,0,0.0012380819626239,0.0003295956104831,0.0018152066289457,0.0,0.0,0,0
R_48_watts_strogatz_0.05_0_emp,DETERMINISTIC_EMPIRICAL_ABM,watts_strogatz,0.05,48,0,empirical,22,499,0,1,1,0.002,0,0.0012380819626239,0.0003295956104831,0.0018152066289457,0.0,0.0,0,0
R_48_watts_strogatz_0.05_0_emp,DETERMINISTIC_EMPIRICAL_ABM,watts_strogatz,0.05,48,0,empirical,23,499,0,1,1,0.002,0,0.0012380819626239,0.0003295956104831,0.0018152066289457,0.0,0.0,0,0
R_48_watts_strogatz_0.05_0_emp,DETERMINISTIC_EMPIRICAL_ABM,watts_strogatz,0.05,48,0,empirical,24,499,0,1,1,0.002,0,0.0012380819626239,0.0003295956104831,0.0018152066289457,0.0,0.0,0,0
R_48_watts_strogatz_0.15_0_const,DETERMINISTIC_EMPIRICAL_ABM,watts_strogatz,0.15,48,0,constant,0,499,1,0,1,0.002,5,0.0012380819626239,0.0012380819626239,0.0012380819626239,0.0009,0.0,0,0
R_48_watts_strogatz_0.15_0_const,DETERMINISTIC_EMPIRICAL_ABM,watts_strogatz,0.15,48,0,constant,1,499,1,0,1,0.002,0,0.0012380819626239,0.0012380819626239,0.0012380819626239,0.0009,0.0,3,0
R_48_watts_strogatz_0.15_0_const,DETERMINISTIC_EMPIRICAL_ABM,watts_strogatz,0.15,48,0,constant,2,499,0,1,1,0.002,0,0.0012380819626239,0.0012380819626239,0.0012380819626239,0.0,0.0,5,0
R_48_watts_strogatz_0.15_0_const,DETERMINISTIC_EMPIRICAL_ABM,watts_strogatz,0.15,48,0,constant,3,499,0,1,1,0.002,0,0.0012380819626239,0.0012380819626239,0.0012380819626239,0.0,0.0,5,0
R_48_watts_strogatz_0.15_0_const,DETERMINISTIC_EMPIRICAL_ABM,watts_strogatz,0.15,48,0,constant,4,499,0,1,1,0.002,0,0.0012380819626239,0.0012380819626239,0.0012380819626239,0.0,0.0,5,0
R_48_watts_strogatz_0.15_0_const,DETERMINISTIC_EMPIRICAL_ABM,watts_strogatz,0.15,48,0,constant,5,499,0,1,1,0.002,0,0.0012380819626239,0.0012380819626239,0.0012380819626239,0.0,0.0,5,0
R_48_watts_strogatz_0.15_0_const,DETERMINISTIC_EMPIRICAL_ABM,watts_strogatz,0.15,48,0,constant,6,499,0,1,1,0.002,0,0.0012380819626239,0.0012380819626239,0.0012380819626239,0.0,0.0,5,0
R_48_watts_strogatz_0.15_0_const,DETERMINISTIC_EMPIRICAL_ABM,watts_strogatz,0.15,48,0,constant,7,499,0,1,1,0.002,0,0.0012380819626239,0.0012380819626239,0.0012380819626239,0.0,0.0,5,0
R_48_watts_strogatz_0.15_0_const,DETERMINISTIC_EMPIRICAL_ABM,watts_strogatz,0.15,48,0,constant,8,499,0,1,1,0.002,0,0.0012380819626239,0.0012380819626239,0.0012380819626239,0.0,0.0,5,0
R_48_watts_strogatz_0.15_0_const,DETERMINISTIC_EMPIRICAL_ABM,watts_strogatz,0.15,48,0,constant,9,499,0,1,1,0.002,0,0.0012380819626239,0.0012380819626239,0.0012380819626239,0.0,0.0,5,0
R_48_watts_strogatz_0.15_0_const,DETERMINISTIC_EMPIRICAL_ABM,watts_strogatz,0.15,48,0,constant,10,499,0,1,1,0.002,0,0.0012380819626239,0.0012380819626239,0.0012380819626239,0.0,0.0,5,0
R_48_watts_strogatz_0.15_0_const,DETERMINISTIC_EMPIRICAL_ABM,watts_strogatz,0.15,48,0,constant,11,499,0,1,1,0.002,0,0.0012380819626239,0.0012380819626239,0.0012380819626239,0.0,0.0,5,0
R_48_watts_strogatz_0.15_0_const,DETERMINISTIC_EMPIRICAL_ABM,watts_strogatz,0.15,48,0,constant,12,499,0,1,1,0.002,0,0.0012380819626239,0.0012380819626239,0.0012380819626239,0.0,0.0,5,0
R_48_watts_strogatz_0.15_0_const,DETERMINISTIC_EMPIRICAL_ABM,watts_strogatz,0.15,48,0,constant,13,499,0,1,1,0.002,0,0.0012380819626239,0.0012380819626239,0.0012380819626239,0.0,0.0,5,0
R_48_watts_strogatz_0.15_0_const,DETERMINISTIC_EMPIRICAL_ABM,watts_strogatz,0.15,48,0,constant,14,499,0,1,1,0.002,0,0.0012380819626239,0.0012380819626239,0.0012380819626239,0.0,0.0,5,0
R_48_watts_strogatz_0.15_0_const,DETERMINISTIC_EMPIRICAL_ABM,watts_strogatz,0.15,48,0,constant,15,499,0,1,1,0.002,0,0.0012380819626239,0.0012380819626239,0.0012380819626239,0.0,0.0,5,0
R_48_watts_strogatz_0.15_0_const,DETERMINISTIC_EMPIRICAL_ABM,watts_strogatz,0.15,48,0,constant,16,499,0,1,1,0.002,0,0.0012380819626239,0.0012380819626239,0.0012380819626239,0.0,0.0,5,0
R_48_watts_strogatz_0.15_0_const,DETERMINISTIC_EMPIRICAL_ABM,watts_strogatz,0.15,48,0,constant,17,499,0,1,1,0.002,0,0.0012380819626239,0.0012380819626239,0.0012380819626239,0.0,0.0,5,0
R_48_watts_strogatz_0.15_0_const,DETERMINISTIC_EMPIRICAL_ABM,watts_strogatz,0.15,48,0,constant,18,499,0,1,1,0.002,0,0.0012380819626239,0.0012380819626239,0.0012380819626239,0.0,0.0,5,0
R_48_watts_strogatz_0.15_0_const,DETERMINISTIC_EMPIRICAL_ABM,watts_strogatz,0.15,48,0,constant,19,499,0,1,1,0.002,0,0.0012380819626239,0.0012380819626239,0.0012380819626239,0.0,0.0,5,0
R_48_watts_strogatz_0.15_0_const,DETERMINISTIC_EMPIRICAL_ABM,watts_strogatz,0.15,48,0,constant,20,499,0,1,1,0.002,0,0.0012380819626239,0.0012380819626239,0.0012380819626239,0.0,0.0,5,0
R_48_watts_strogatz_0.15_0_const,DETERMINISTIC_EMPIRICAL_ABM,watts_strogatz,0.15,48,0,constant,21,499,0,1,1,0.002,0,0.0012380819626239,0.0012380819626239,0.0012380819626239,0.0,0.0,5,0
R_48_watts_strogatz_0.15_0_const,DETERMINISTIC_EMPIRICAL_ABM,watts_strogatz,0.15,48,0,constant,22,499,0,1,1,0.002,0,0.0012380819626239,0.0012380819626239,0.0012380819626239,0.0,0.0,5,0
R_48_watts_strogatz_0.15_0_const,DETERMINISTIC_EMPIRICAL_ABM,watts_strogatz,0.15,48,0,constant,23,499,0,1,1,0.002,0,0.0012380819626239,0.0012380819626239,0.0012380819626239,0.0,0.0,5,0
R_48_watts_strogatz_0.15_0_const,DETERMINISTIC_EMPIRICAL_ABM,watts_strogatz,0.15,48,0,constant,24,499,0,1,1,0.002,0,0.0012380819626239,0.0012380819626239,0.0012380819626239,0.0,0.0,5,0
R_48_watts_strogatz_0.15_0_emp,DETERMINISTIC_EMPIRICAL_ABM,watts_strogatz,0.15,48,0,empirical,0,499,1,0,1,0.002,5,0.0012380819626239,0.0003295956104831,0.0018152066289457,0.0009,0.0,0,0
R_48_watts_strogatz_0.15_0_emp,DETERMINISTIC_EMPIRICAL_ABM,watts_strogatz,0.15,48,0,empirical,1,499,1,0,1,0.002,0,0.0012380819626239,0.0003295956104831,0.0018152066289457,0.0009,0.0,3,0
R_48_watts_strogatz_0.15_0_emp,DETERMINISTIC_EMPIRICAL_ABM,watts_strogatz,0.15,48,0,empirical,2,499,0,1,1,0.002,0,0.0012380819626239,0.0003295956104831,0.0018152066289457,0.0,0.0,5,0
R_48_watts_strogatz_0.15_0_emp,DETERMINISTIC_EMPIRICAL_ABM,watts_strogatz,0.15,48,0,empirical,3,499,0,1,1,0.002,0,0.0012380819626239,0.0003295956104831,0.0018152066289457,0.0,0.0,5,0
R_48_watts_strogatz_0.15_0_emp,DETERMINISTIC_EMPIRICAL_ABM,watts_strogatz,0.15,48,0,empirical,4,499,0,1,1,0.002,0,0.0012380819626239,0.0003295956104831,0.0018152066289457,0.0,0.0,5,0
R_48_watts_strogatz_0.15_0_emp,DETERMINISTIC_EMPIRICAL_ABM,watts_strogatz,0.15,48,0,empirical,5,499,0,1,1,0.002,0,0.0012380819626239,0.0003295956104831,0.0018152066289457,0.0,0.0,5,0
R_48_watts_strogatz_0.15_0_emp,DETERMINISTIC_EMPIRICAL_ABM,watts_strogatz,0.15,48,0,empirical,6,499,0,1,1,0.002,0,0.0012380819626239,0.0003295956104831,0.0018152066289457,0.0,0.0,5,0
R_48_watts_strogatz_0.15_0_emp,DETERMINISTIC_EMPIRICAL_ABM,watts_strogatz,0.15,48,0,empirical,7,499,0,1,1,0.002,0,0.0012380819626239,0.0003295956104831,0.0018152066289457,0.0,0.0,5,0
R_48_watts_strogatz_0.15_0_emp,DETERMINISTIC_EMPIRICAL_ABM,watts_strogatz,0.15,48,0,empirical,8,499,0,1,1,0.002,0,0.0012380819626239,0.0003295956104831,0.0018152066289457,0.0,0.0,5,0
R_48_watts_strogatz_0.15_0_emp,DETERMINISTIC_EMPIRICAL_ABM,watts_strogatz,0.15,48,0,empirical,9,499,0,1,1,0.002,0,0.0012380819626239,0.0003295956104831,0.0018152066289457,0.0,0.0,5,0
R_48_watts_strogatz_0.15_0_emp,DETERMINISTIC_EMPIRICAL_ABM,watts_strogatz,0.15,48,0,empirical,10,499,0,1,1,0.002,0,0.0012380819626239,0.0003295956104831,0.0018152066289457,0.0,0.0,5,0
R_48_watts_strogatz_0.15_0_emp,DETERMINISTIC_EMPIRICAL_ABM,watts_strogatz,0.15,48,0,empirical,11,499,0,1,1,0.002,0,0.0012380819626239,0.0003295956104831,0.0018152066289457,0.0,0.0,5,0
R_48_watts_strogatz_0.15_0_emp,DETERMINISTIC_EMPIRICAL_ABM,watts_strogatz,0.15,48,0,empirical,12,499,0,1,1,0.002,0,0.0012380819626239,0.0003295956104831,0.0018152066289457,0.0,0.0,5,0
R_48_watts_strogatz_0.15_0_emp,DETERMINISTIC_EMPIRICAL_ABM,watts_strogatz,0.15,48,0,empirical,13,499,0,1,1,0.002,0,0.0012380819626239,0.0003295956104831,0.0018152066289457,0.0,0.0,5,0
R_48_watts_strogatz_0.15_0_emp,DETERMINISTIC_EMPIRICAL_ABM,watts_strogatz,0.15,48,0,empirical,14,499,0,1,1,0.002,0,0.0012380819626239,0.0003295956104831,0.0018152066289457,0.0,0.0,5,0
R_48_watts_strogatz_0.15_0_emp,DETERMINISTIC_EMPIRICAL_ABM,watts_strogatz,0.15,48,0,empirical,15,499,0,1,1,0.002,0,0.0012380819626239,0.0003295956104831,0.0018152066289457,0.0,0.0,5,0
R_48_watts_strogatz_0.15_0_emp,DETERMINISTIC_EMPIRICAL_ABM,watts_strogatz,0.15,48,0,empirical,16,499,0,1,1,0.002,0,0.0012380819626239,0.0003295956104831,0.0018152066289457,0.0,0.0,5,0
R_48_watts_strogatz_0.15_0_emp,DETERMINISTIC_EMPIRICAL_ABM,watts_strogatz,0.15,48,0,empirical,17,499,0,1,1,0.002,0,0.0012380819626239,0.0003295956104831,0.0018152066289457,0.0,0.0,5,0
R_48_watts_strogatz_0.15_0_emp,DETERMINISTIC_EMPIRICAL_ABM,watts_strogatz,0.15,48,0,empirical,18,499,0,1,1,0.002,0,0.0012380819626239,0.0003295956104831,0.0018152066289457,0.0,0.0,5,0
R_48_watts_strogatz_0.15_0_emp,DETERMINISTIC_EMPIRICAL_ABM,watts_strogatz,0.15,48,0,empirical,19,499,0,1,1,0.002,0,0.0012380819626239,0.0003295956104831,0.0018152066289457,0.0,0.0,5,0
R_48_watts_strogatz_0.15_0_emp,DETERMINISTIC_EMPIRICAL_ABM,watts_strogatz,0.15,48,0,empirical,20,499,0,1,1,0.002,0,0.0012380819626239,0.0003295956104831,0.0018152066289457,0.0,0.0,5,0
R_48_watts_strogatz_0.15_0_emp,DETERMINISTIC_EMPIRICAL_ABM,watts_strogatz,0.15,48,0,empirical,21,499,0,1,1,0.002,0,0.0012380819626239,0.0003295956104831,0.0018152066289457,0.0,0.0,5,0
R_48_watts_strogatz_0.15_0_emp,DETERMINISTIC_EMPIRICAL_ABM,watts_strogatz,0.15,48,0,empirical,22,499,0,1,1,0.002,0,0.0012380819626239,0.0003295956104831,0.0018152066289457,0.0,0.0,5,0
R_48_watts_strogatz_0.15_0_emp,DETERMINISTIC_EMPIRICAL_ABM,watts_strogatz,0.15,48,0,empirical,23,499,0,1,1,0.002,0,0.0012380819626239,0.0003295956104831,0.0018152066289457,0.0,0.0,5,0
R_48_watts_strogatz_0.15_0_emp,DETERMINISTIC_EMPIRICAL_ABM,watts_strogatz,0.15,48,0,empirical,24,499,0,1,1,0.002,0,0.0012380819626239,0.0003295956104831,0.0018152066289457,0.0,0.0,5,0
R_48_watts_strogatz_0.3_0_const,DETERMINISTIC_EMPIRICAL_ABM,watts_strogatz,0.3,48,0,constant,0,499,1,0,1,0.002,5,0.0012380819626239,0.0012380819626239,0.0012380819626239,0.0018,0.0,0,0
R_48_watts_strogatz_0.3_0_const,DETERMINISTIC_EMPIRICAL_ABM,watts_strogatz,0.3,48,0,constant,1,499,1,0,1,0.002,0,0.0012380819626239,0.0012380819626239,0.0012380819626239,0.0018,0.0,3,0
R_48_watts_strogatz_0.3_0_const,DETERMINISTIC_EMPIRICAL_ABM,watts_strogatz,0.3,48,0,constant,2,499,0,1,1,0.002,0,0.0012380819626239,0.0012380819626239,0.0012380819626239,0.0,0.0,5,0
R_48_watts_strogatz_0.3_0_const,DETERMINISTIC_EMPIRICAL_ABM,watts_strogatz,0.3,48,0,constant,3,499,0,1,1,0.002,0,0.0012380819626239,0.0012380819626239,0.0012380819626239,0.0,0.0,5,0
R_48_watts_strogatz_0.3_0_const,DETERMINISTIC_EMPIRICAL_ABM,watts_strogatz,0.3,48,0,constant,4,499,0,1,1,0.002,0,0.0012380819626239,0.0012380819626239,0.0012380819626239,0.0,0.0,5,0
R_48_watts_strogatz_0.3_0_const,DETERMINISTIC_EMPIRICAL_ABM,watts_strogatz,0.3,48,0,constant,5,499,0,1,1,0.002,0,0.0012380819626239,0.0012380819626239,0.0012380819626239,0.0,0.0,5,0
R_48_watts_strogatz_0.3_0_const,DETERMINISTIC_EMPIRICAL_ABM,watts_strogatz,0.3,48,0,constant,6,499,0,1,1,0.002,0,0.0012380819626239,0.0012380819626239,0.0012380819626239,0.0,0.0,5,0
R_48_watts_strogatz_0.3_0_const,DETERMINISTIC_EMPIRICAL_ABM,watts_strogatz,0.3,48,0,constant,7,499,0,1,1,0.002,0,0.0012380819626239,0.0012380819626239,0.0012380819626239,0.0,0.0,5,0
R_48_watts_strogatz_0.3_0_const,DETERMINISTIC_EMPIRICAL_ABM,watts_strogatz,0.3,48,0,constant,8,499,0,1,1,0.002,0,0.0012380819626239,0.0012380819626239,0.0012380819626239,0.0,0.0,5,0
R_48_watts_strogatz_0.3_0_const,DETERMINISTIC_EMPIRICAL_ABM,watts_strogatz,0.3,48,0,constant,9,499,0,1,1,0.002,0,0.0012380819626239,0.0012380819626239,0.0012380819626239,0.0,0.0,5,0
R_48_watts_strogatz_0.3_0_const,DETERMINISTIC_EMPIRICAL_ABM,watts_strogatz,0.3,48,0,constant,10,499,0,1,1,0.002,0,0.0012380819626239,0.0012380819626239,0.0012380819626239,0.0,0.0,5,0
R_48_watts_strogatz_0.3_0_const,DETERMINISTIC_EMPIRICAL_ABM,watts_strogatz,0.3,48,0,constant,11,499,0,1,1,0.002,0,0.0012380819626239,0.0012380819626239,0.0012380819626239,0.0,0.0,5,0
R_48_watts_strogatz_0.3_0_const,DETERMINISTIC_EMPIRICAL_ABM,watts_strogatz,0.3,48,0,constant,12,499,0,1,1,0.002,0,0.0012380819626239,0.0012380819626239,0.0012380819626239,0.0,0.0,5,0
R_48_watts_strogatz_0.3_0_const,DETERMINISTIC_EMPIRICAL_ABM,watts_strogatz,0.3,48,0,constant,13,499,0,1,1,0.002,0,0.0012380819626239,0.0012380819626239,0.0012380819626239,0.0,0.0,5,0
R_48_watts_strogatz_0.3_0_const,DETERMINISTIC_EMPIRICAL_ABM,watts_strogatz,0.3,48,0,constant,14,499,0,1,1,0.002,0,0.0012380819626239,0.0012380819626239,0.0012380819626239,0.0,0.0,5,0
R_48_watts_strogatz_0.3_0_const,DETERMINISTIC_EMPIRICAL_ABM,watts_strogatz,0.3,48,0,constant,15,499,0,1,1,0.002,0,0.0012380819626239,0.0012380819626239,0.0012380819626239,0.0,0.0,5,0
R_48_watts_strogatz_0.3_0_const,DETERMINISTIC_EMPIRICAL_ABM,watts_strogatz,0.3,48,0,constant,16,499,0,1,1,0.002,0,0.0012380819626239,0.0012380819626239,0.0012380819626239,0.0,0.0,5,0
R_48_watts_strogatz_0.3_0_const,DETERMINISTIC_EMPIRICAL_ABM,watts_strogatz,0.3,48,0,constant,17,499,0,1,1,0.002,0,0.0012380819626239,0.0012380819626239,0.0012380819626239,0.0,0.0,5,0
R_48_watts_strogatz_0.3_0_const,DETERMINISTIC_EMPIRICAL_ABM,watts_strogatz,0.3,48,0,constant,18,499,0,1,1,0.002,0,0.0012380819626239,0.0012380819626239,0.0012380819626239,0.0,0.0,5,0
R_48_watts_strogatz_0.3_0_const,DETERMINISTIC_EMPIRICAL_ABM,watts_strogatz,0.3,48,0,constant,19,499,0,1,1,0.002,0,0.0012380819626239,0.0012380819626239,0.0012380819626239,0.0,0.0,5,0
R_48_watts_strogatz_0.3_0_const,DETERMINISTIC_EMPIRICAL_ABM,watts_strogatz,0.3,48,0,constant,20,499,0,1,1,0.002,0,0.0012380819626239,0.0012380819626239,0.0012380819626239,0.0,0.0,5,0
R_48_watts_strogatz_0.3_0_const,DETERMINISTIC_EMPIRICAL_ABM,watts_strogatz,0.3,48,0,constant,21,499,0,1,1,0.002,0,0.0012380819626239,0.0012380819626239,0.0012380819626239,0.0,0.0,5,0
R_48_watts_strogatz_0.3_0_const,DETERMINISTIC_EMPIRICAL_ABM,watts_strogatz,0.3,48,0,constant,22,499,0,1,1,0.002,0,0.0012380819626239,0.0012380819626239,0.0012380819626239,0.0,0.0,5,0
R_48_watts_strogatz_0.3_0_const,DETERMINISTIC_EMPIRICAL_ABM,watts_strogatz,0.3,48,0,constant,23,499,0,1,1,0.002,0,0.0012380819626239,0.0012380819626239,0.0012380819626239,0.0,0.0,5,0
R_48_watts_strogatz_0.3_0_const,DETERMINISTIC_EMPIRICAL_ABM,watts_strogatz,0.3,48,0,constant,24,499,0,1,1,0.002,0,0.0012380819626239,0.0012380819626239,0.0012380819626239,0.0,0.0,5,0
R_48_watts_strogatz_0.3_0_emp,DETERMINISTIC_EMPIRICAL_ABM,watts_strogatz,0.3,48,0,empirical,0,499,1,0,1,0.002,5,0.0012380819626239,0.0003295956104831,0.0018152066289457,0.0018,0.0,0,0
R_48_watts_strogatz_0.3_0_emp,DETERMINISTIC_EMPIRICAL_ABM,watts_strogatz,0.3,48,0,empirical,1,499,1,0,1,0.002,0,0.0012380819626239,0.0003295956104831,0.0018152066289457,0.0018,0.0,3,0
R_48_watts_strogatz_0.3_0_emp,DETERMINISTIC_EMPIRICAL_ABM,watts_strogatz,0.3,48,0,empirical,2,499,0,1,1,0.002,0,0.0012380819626239,0.0003295956104831,0.0018152066289457,0.0,0.0,5,0
R_48_watts_strogatz_0.3_0_emp,DETERMINISTIC_EMPIRICAL_ABM,watts_strogatz,0.3,48,0,empirical,3,499,0,1,1,0.002,0,0.0012380819626239,0.0003295956104831,0.0018152066289457,0.0,0.0,5,0
R_48_watts_strogatz_0.3_0_emp,DETERMINISTIC_EMPIRICAL_ABM,watts_strogatz,0.3,48,0,empirical,4,499,0,1,1,0.002,0,0.0012380819626239,0.0003295956104831,0.0018152066289457,0.0,0.0,5,0
R_48_watts_strogatz_0.3_0_emp,DETERMINISTIC_EMPIRICAL_ABM,watts_strogatz,0.3,48,0,empirical,5,499,0,1,1,0.002,0,0.0012380819626239,0.0003295956104831,0.0018152066289457,0.0,0.0,5,0
R_48_watts_strogatz_0.3_0_emp,DETERMINISTIC_EMPIRICAL_ABM,watts_strogatz,0.3,48,0,empirical,6,499,0,1,1,0.002,0,0.0012380819626239,0.0003295956104831,0.0018152066289457,0.0,0.0,5,0
R_48_watts_strogatz_0.3_0_emp,DETERMINISTIC_EMPIRICAL_ABM,watts_strogatz,0.3,48,0,empirical,7,499,0,1,1,0.002,0,0.0012380819626239,0.0003295956104831,0.0018152066289457,0.0,0.0,5,0
R_48_watts_strogatz_0.3_0_emp,DETERMINISTIC_EMPIRICAL_ABM,watts_strogatz,0.3,48,0,empirical,8,499,0,1,1,0.002,0,0.0012380819626239,0.0003295956104831,0.0018152066289457,0.0,0.0,5,0
R_48_watts_strogatz_0.3_0_emp,DETERMINISTIC_EMPIRICAL_ABM,watts_strogatz,0.3,48,0,empirical,9,499,0,1,1,0.002,0,0.0012380819626239,0.0003295956104831,0.0018152066289457,0.0,0.0,5,0
R_48_watts_strogatz_0.3_0_emp,DETERMINISTIC_EMPIRICAL_ABM,watts_strogatz,0.3,48,0,empirical,10,499,0,1,1,0.002,0,0.0012380819626239,0.0003295956104831,0.0018152066289457,0.0,0.0,5,0
R_48_watts_strogatz_0.3_0_emp,DETERMINISTIC_EMPIRICAL_ABM,watts_strogatz,0.3,48,0,empirical,11,499,0,1,1,0.002,0,0.0012380819626239,0.0003295956104831,0.0018152066289457,0.0,0.0,5,0
R_48_watts_strogatz_0.3_0_emp,DETERMINISTIC_EMPIRICAL_ABM,watts_strogatz,0.3,48,0,empirical,12,499,0,1,1,0.002,0,0.0012380819626239,0.0003295956104831,0.0018152066289457,0.0,0.0,5,0
R_48_watts_strogatz_0.3_0_emp,DETERMINISTIC_EMPIRICAL_ABM,watts_strogatz,0.3,48,0,empirical,13,499,0,1,1,0.002,0,0.0012380819626239,0.0003295956104831,0.0018152066289457,0.0,0.0,5,0
R_48_watts_strogatz_0.3_0_emp,DETERMINISTIC_EMPIRICAL_ABM,watts_strogatz,0.3,48,0,empirical,14,499,0,1,1,0.002,0,0.0012380819626239,0.0003295956104831,0.0018152066289457,0.0,0.0,5,0
R_48_watts_strogatz_0.3_0_emp,DETERMINISTIC_EMPIRICAL_ABM,watts_strogatz,0.3,48,0,empirical,15,499,0,1,1,0.002,0,0.0012380819626239,0.0003295956104831,0.0018152066289457,0.0,0.0,5,0
R_48_watts_strogatz_0.3_0_emp,DETERMINISTIC_EMPIRICAL_ABM,watts_strogatz,0.3,48,0,empirical,16,499,0,1,1,0.002,0,0.0012380819626239,0.0003295956104831,0.0018152066289457,0.0,0.0,5,0
R_48_watts_strogatz_0.3_0_emp,DETERMINISTIC_EMPIRICAL_ABM,watts_strogatz,0.3,48,0,empirical,17,499,0,1,1,0.002,0,0.0012380819626239,0.0003295956104831,0.0018152066289457,0.0,0.0,5,0
R_48_watts_strogatz_0.3_0_emp,DETERMINISTIC_EMPIRICAL_ABM,watts_strogatz,0.3,48,0,empirical,18,499,0,1,1,0.002,0,0.0012380819626239,0.0003295956104831,0.0018152066289457,0.0,0.0,5,0
R_48_watts_strogatz_0.3_0_emp,DETERMINISTIC_EMPIRICAL_ABM,watts_strogatz,0.3,48,0,empirical,19,499,0,1,1,0.002,0,0.0012380819626239,0.0003295956104831,0.0018152066289457,0.0,0.0,5,0
R_48_watts_strogatz_0.3_0_emp,DETERMINISTIC_EMPIRICAL_ABM,watts_strogatz,0.3,48,0,empirical,20,499,0,1,1,0.002,0,0.0012380819626239,0.0003295956104831,0.0018152066289457,0.0,0.0,5,0
R_48_watts_strogatz_0.3_0_emp,DETERMINISTIC_EMPIRICAL_ABM,watts_strogatz,0.3,48,0,empirical,21,499,0,1,1,0.002,0,0.0012380819626239,0.0003295956104831,0.0018152066289457,0.0,0.0,5,0
R_48_watts_strogatz_0.3_0_emp,DETERMINISTIC_EMPIRICAL_ABM,watts_strogatz,0.3,48,0,empirical,22,499,0,1,1,0.002,0,0.0012380819626239,0.0003295956104831,0.0018152066289457,0.0,0.0,5,0
R_48_watts_strogatz_0.3_0_emp,DETERMINISTIC_EMPIRICAL_ABM,watts_strogatz,0.3,48,0,empirical,23,499,0,1,1,0.002,0,0.0012380819626239,0.0003295956104831,0.0018152066289457,0.0,0.0,5,0
R_48_watts_strogatz_0.3_0_emp,DETERMINISTIC_EMPIRICAL_ABM,watts_strogatz,0.3,48,0,empirical,24,499,0,1,1,0.002,0,0.0012380819626239,0.0003295956104831,0.0018152066289457,0.0,0.0,5,0
R_49_barabasi_albert_0.05_0_const,DETERMINISTIC_EMPIRICAL_ABM,barabasi_albert,0.05,49,0,constant,0,500,0,0,0,0.0,5,0.0012380819626239,0.0012380819626239,0.0012380819626239,0.0,0.0,0,0
R_49_barabasi_albert_0.05_0_const,DETERMINISTIC_EMPIRICAL_ABM,barabasi_albert,0.05,49,0,constant,1,500,0,0,0,0.0,0,0.0012380819626239,0.0012380819626239,0.0012380819626239,0.0,0.0,0,0
R_49_barabasi_albert_0.05_0_const,DETERMINISTIC_EMPIRICAL_ABM,barabasi_albert,0.05,49,0,constant,2,500,0,0,0,0.0,0,0.0012380819626239,0.0012380819626239,0.0012380819626239,0.0,0.0,0,0
R_49_barabasi_albert_0.05_0_const,DETERMINISTIC_EMPIRICAL_ABM,barabasi_albert,0.05,49,0,constant,3,500,0,0,0,0.0,0,0.0012380819626239,0.0012380819626239,0.0012380819626239,0.0,0.0,0,0
R_49_barabasi_albert_0.05_0_const,DETERMINISTIC_EMPIRICAL_ABM,barabasi_albert,0.05,49,0,constant,4,500,0,0,0,0.0,0,0.0012380819626239,0.0012380819626239,0.0012380819626239,0.0,0.0,0,0
R_49_barabasi_albert_0.05_0_const,DETERMINISTIC_EMPIRICAL_ABM,barabasi_albert,0.05,49,0,constant,5,500,0,0,0,0.0,0,0.0012380819626239,0.0012380819626239,0.0012380819626239,0.0,0.0,0,0
R_49_barabasi_albert_0.05_0_const,DETERMINISTIC_EMPIRICAL_ABM,barabasi_albert,0.05,49,0,constant,6,500,0,0,0,0.0,0,0.0012380819626239,0.0012380819626239,0.0012380819626239,0.0,0.0,0,0
R_49_barabasi_albert_0.05_0_const,DETERMINISTIC_EMPIRICAL_ABM,barabasi_albert,0.05,49,0,constant,7,500,0,0,0,0.0,0,0.0012380819626239,0.0012380819626239,0.0012380819626239,0.0,0.0,0,0
R_49_barabasi_albert_0.05_0_const,DETERMINISTIC_EMPIRICAL_ABM,barabasi_albert,0.05,49,0,constant,8,500,0,0,0,0.0,0,0.0012380819626239,0.0012380819626239,0.0012380819626239,0.0,0.0,0,0
R_49_barabasi_albert_0.05_0_const,DETERMINISTIC_EMPIRICAL_ABM,barabasi_albert,0.05,49,0,constant,9,500,0,0,0,0.0,0,0.0012380819626239,0.0012380819626239,0.0012380819626239,0.0,0.0,0,0
R_49_barabasi_albert_0.05_0_const,DETERMINISTIC_EMPIRICAL_ABM,barabasi_albert,0.05,49,0,constant,10,500,0,0,0,0.0,0,0.0012380819626239,0.0012380819626239,0.0012380819626239,0.0,0.0,0,0
R_49_barabasi_albert_0.05_0_const,DETERMINISTIC_EMPIRICAL_ABM,barabasi_albert,0.05,49,0,constant,11,500,0,0,0,0.0,0,0.0012380819626239,0.0012380819626239,0.0012380819626239,0.0,0.0,0,0
R_49_barabasi_albert_0.05_0_const,DETERMINISTIC_EMPIRICAL_ABM,barabasi_albert,0.05,49,0,constant,12,500,0,0,0,0.0,0,0.0012380819626239,0.0012380819626239,0.0012380819626239,0.0,0.0,0,0
R_49_barabasi_albert_0.05_0_const,DETERMINISTIC_EMPIRICAL_ABM,barabasi_albert,0.05,49,0,constant,13,500,0,0,0,0.0,0,0.0012380819626239,0.0012380819626239,0.0012380819626239,0.0,0.0,0,0
R_49_barabasi_albert_0.05_0_const,DETERMINISTIC_EMPIRICAL_ABM,barabasi_albert,0.05,49,0,constant,14,500,0,0,0,0.0,0,0.0012380819626239,0.0012380819626239,0.0012380819626239,0.0,0.0,0,0
R_49_barabasi_albert_0.05_0_const,DETERMINISTIC_EMPIRICAL_ABM,barabasi_albert,0.05,49,0,constant,15,500,0,0,0,0.0,0,0.0012380819626239,0.0012380819626239,0.0012380819626239,0.0,0.0,0,0
R_49_barabasi_albert_0.05_0_const,DETERMINISTIC_EMPIRICAL_ABM,barabasi_albert,0.05,49,0,constant,16,500,0,0,0,0.0,0,0.0012380819626239,0.0012380819626239,0.0012380819626239,0.0,0.0,0,0
R_49_barabasi_albert_0.05_0_const,DETERMINISTIC_EMPIRICAL_ABM,barabasi_albert,0.05,49,0,constant,17,500,0,0,0,0.0,0,0.0012380819626239,0.0012380819626239,0.0012380819626239,0.0,0.0,0,0
R_49_barabasi_albert_0.05_0_const,DETERMINISTIC_EMPIRICAL_ABM,barabasi_albert,0.05,49,0,constant,18,500,0,0,0,0.0,0,0.0012380819626239,0.0012380819626239,0.0012380819626239,0.0,0.0,0,0
R_49_barabasi_albert_0.05_0_const,DETERMINISTIC_EMPIRICAL_ABM,barabasi_albert,0.05,49,0,constant,19,500,0,0,0,0.0,0,0.0012380819626239,0.0012380819626239,0.0012380819626239,0.0,0.0,0,0
R_49_barabasi_albert_0.05_0_const,DETERMINISTIC_EMPIRICAL_ABM,barabasi_albert,0.05,49,0,constant,20,500,0,0,0,0.0,0,0.0012380819626239,0.0012380819626239,0.0012380819626239,0.0,0.0,0,0
R_49_barabasi_albert_0.05_0_const,DETERMINISTIC_EMPIRICAL_ABM,barabasi_albert,0.05,49,0,constant,21,500,0,0,0,0.0,0,0.0012380819626239,0.0012380819626239,0.0012380819626239,0.0,0.0,0,0
R_49_barabasi_albert_0.05_0_const,DETERMINISTIC_EMPIRICAL_ABM,barabasi_albert,0.05,49,0,constant,22,500,0,0,0,0.0,0,0.0012380819626239,0.0012380819626239,0.0012380819626239,0.0,0.0,0,0
R_49_barabasi_albert_0.05_0_const,DETERMINISTIC_EMPIRICAL_ABM,barabasi_albert,0.05,49,0,constant,23,500,0,0,0,0.0,0,0.0012380819626239,0.0012380819626239,0.0012380819626239,0.0,0.0,0,0
R_49_barabasi_albert_0.05_0_const,DETERMINISTIC_EMPIRICAL_ABM,barabasi_albert,0.05,49,0,constant,24,500,0,0,0,0.0,0,0.0012380819626239,0.0012380819626239,0.0012380819626239,0.0,0.0,0,0
R_49_barabasi_albert_0.05_0_emp,DETERMINISTIC_EMPIRICAL_ABM,barabasi_albert,0.05,49,0,empirical,0,500,0,0,0,0.0,5,0.0012380819626239,0.0003295956104831,0.0018152066289457,0.0,0.0,0,0
R_49_barabasi_albert_0.05_0_emp,DETERMINISTIC_EMPIRICAL_ABM,barabasi_albert,0.05,49,0,empirical,1,500,0,0,0,0.0,0,0.0012380819626239,0.0003295956104831,0.0018152066289457,0.0,0.0,0,0
R_49_barabasi_albert_0.05_0_emp,DETERMINISTIC_EMPIRICAL_ABM,barabasi_albert,0.05,49,0,empirical,2,500,0,0,0,0.0,0,0.0012380819626239,0.0003295956104831,0.0018152066289457,0.0,0.0,0,0
R_49_barabasi_albert_0.05_0_emp,DETERMINISTIC_EMPIRICAL_ABM,barabasi_albert,0.05,49,0,empirical,3,500,0,0,0,0.0,0,0.0012380819626239,0.0003295956104831,0.0018152066289457,0.0,0.0,0,0
R_49_barabasi_albert_0.05_0_emp,DETERMINISTIC_EMPIRICAL_ABM,barabasi_albert,0.05,49,0,empirical,4,500,0,0,0,0.0,0,0.0012380819626239,0.0003295956104831,0.0018152066289457,0.0,0.0,0,0
R_49_barabasi_albert_0.05_0_emp,DETERMINISTIC_EMPIRICAL_ABM,barabasi_albert,0.05,49,0,empirical,5,500,0,0,0,0.0,0,0.0012380819626239,0.0003295956104831,0.0018152066289457,0.0,0.0,0,0
R_49_barabasi_albert_0.05_0_emp,DETERMINISTIC_EMPIRICAL_ABM,barabasi_albert,0.05,49,0,empirical,6,500,0,0,0,0.0,0,0.0012380819626239,0.0003295956104831,0.0018152066289457,0.0,0.0,0,0
R_49_barabasi_albert_0.05_0_emp,DETERMINISTIC_EMPIRICAL_ABM,barabasi_albert,0.05,49,0,empirical,7,500,0,0,0,0.0,0,0.0012380819626239,0.0003295956104831,0.0018152066289457,0.0,0.0,0,0
R_49_barabasi_albert_0.05_0_emp,DETERMINISTIC_EMPIRICAL_ABM,barabasi_albert,0.05,49,0,empirical,8,500,0,0,0,0.0,0,0.0012380819626239,0.0003295956104831,0.0018152066289457,0.0,0.0,0,0
R_49_barabasi_albert_0.05_0_emp,DETERMINISTIC_EMPIRICAL_ABM,barabasi_albert,0.05,49,0,empirical,9,500,0,0,0,0.0,0,0.0012380819626239,0.0003295956104831,0.0018152066289457,0.0,0.0,0,0
R_49_barabasi_albert_0.05_0_emp,DETERMINISTIC_EMPIRICAL_ABM,barabasi_albert,0.05,49,0,empirical,10,500,0,0,0,0.0,0,0.0012380819626239,0.0003295956104831,0.0018152066289457,0.0,0.0,0,0
R_49_barabasi_albert_0.05_0_emp,DETERMINISTIC_EMPIRICAL_ABM,barabasi_albert,0.05,49,0,empirical,11,500,0,0,0,0.0,0,0.0012380819626239,0.0003295956104831,0.0018152066289457,0.0,0.0,0,0
R_49_barabasi_albert_0.05_0_emp,DETERMINISTIC_EMPIRICAL_ABM,barabasi_albert,0.05,49,0,empirical,12,500,0,0,0,0.0,0,0.0012380819626239,0.0003295956104831,0.0018152066289457,0.0,0.0,0,0
R_49_barabasi_albert_0.05_0_emp,DETERMINISTIC_EMPIRICAL_ABM,barabasi_albert,0.05,49,0,empirical,13,500,0,0,0,0.0,0,0.0012380819626239,0.0003295956104831,0.0018152066289457,0.0,0.0,0,0
R_49_barabasi_albert_0.05_0_emp,DETERMINISTIC_EMPIRICAL_ABM,barabasi_albert,0.05,49,0,empirical,14,500,0,0,0,0.0,0,0.0012380819626239,0.0003295956104831,0.0018152066289457,0.0,0.0,0,0
R_49_barabasi_albert_0.05_0_emp,DETERMINISTIC_EMPIRICAL_ABM,barabasi_albert,0.05,49,0,empirical,15,500,0,0,0,0.0,0,0.0012380819626239,0.0003295956104831,0.0018152066289457,0.0,0.0,0,0
R_49_barabasi_albert_0.05_0_emp,DETERMINISTIC_EMPIRICAL_ABM,barabasi_albert,0.05,49,0,empirical,16,500,0,0,0,0.0,0,0.0012380819626239,0.0003295956104831,0.0018152066289457,0.0,0.0,0,0
R_49_barabasi_albert_0.05_0_emp,DETERMINISTIC_EMPIRICAL_ABM,barabasi_albert,0.05,49,0,empirical,17,500,0,0,0,0.0,0,0.0012380819626239,0.0003295956104831,0.0018152066289457,0.0,0.0,0,0
R_49_barabasi_albert_0.05_0_emp,DETERMINISTIC_EMPIRICAL_ABM,barabasi_albert,0.05,49,0,empirical,18,500,0,0,0,0.0,0,0.0012380819626239,0.0003295956104831,0.0018152066289457,0.0,0.0,0,0
R_49_barabasi_albert_0.05_0_emp,DETERMINISTIC_EMPIRICAL_ABM,barabasi_albert,0.05,49,0,empirical,19,500,0,0,0,0.0,0,0.0012380819626239,0.0003295956104831,0.0018152066289457,0.0,0.0,0,0
R_49_barabasi_albert_0.05_0_emp,DETERMINISTIC_EMPIRICAL_ABM,barabasi_albert,0.05,49,0,empirical,20,500,0,0,0,0.0,0,0.0012380819626239,0.0003295956104831,0.0018152066289457,0.0,0.0,0,0
R_49_barabasi_albert_0.05_0_emp,DETERMINISTIC_EMPIRICAL_ABM,barabasi_albert,0.05,49,0,empirical,21,500,0,0,0,0.0,0,0.0012380819626239,0.0003295956104831,0.0018152066289457,0.0,0.0,0,0
R_49_barabasi_albert_0.05_0_emp,DETERMINISTIC_EMPIRICAL_ABM,barabasi_albert,0.05,49,0,empirical,22,500,0,0,0,0.0,0,0.0012380819626239,0.0003295956104831,0.0018152066289457,0.0,0.0,0,0
R_49_barabasi_albert_0.05_0_emp,DETERMINISTIC_EMPIRICAL_ABM,barabasi_albert,0.05,49,0,empirical,23,500,0,0,0,0.0,0,0.0012380819626239,0.0003295956104831,0.0018152066289457,0.0,0.0,0,0
R_49_barabasi_albert_0.05_0_emp,DETERMINISTIC_EMPIRICAL_ABM,barabasi_albert,0.05,49,0,empirical,24,500,0,0,0,0.0,0,0.0012380819626239,0.0003295956104831,0.0018152066289457,0.0,0.0,0,0
R_49_barabasi_albert_0.15_0_const,DETERMINISTIC_EMPIRICAL_ABM,barabasi_albert,0.15,49,0,constant,0,500,0,0,0,0.0,5,0.0012380819626239,0.0012380819626239,0.0012380819626239,0.0,0.0,0,0
R_49_barabasi_albert_0.15_0_const,DETERMINISTIC_EMPIRICAL_ABM,barabasi_albert,0.15,49,0,constant,1,500,0,0,0,0.0,0,0.0012380819626239,0.0012380819626239,0.0012380819626239,0.0,0.0,0,0
R_49_barabasi_albert_0.15_0_const,DETERMINISTIC_EMPIRICAL_ABM,barabasi_albert,0.15,49,0,constant,2,500,0,0,0,0.0,0,0.0012380819626239,0.0012380819626239,0.0012380819626239,0.0,0.0,0,0
R_49_barabasi_albert_0.15_0_const,DETERMINISTIC_EMPIRICAL_ABM,barabasi_albert,0.15,49,0,constant,3,500,0,0,0,0.0,0,0.0012380819626239,0.0012380819626239,0.0012380819626239,0.0,0.0,0,0
R_49_barabasi_albert_0.15_0_const,DETERMINISTIC_EMPIRICAL_ABM,barabasi_albert,0.15,49,0,constant,4,500,0,0,0,0.0,0,0.0012380819626239,0.0012380819626239,0.0012380819626239,0.0,0.0,0,0
R_49_barabasi_albert_0.15_0_const,DETERMINISTIC_EMPIRICAL_ABM,barabasi_albert,0.15,49,0,constant,5,500,0,0,0,0.0,0,0.0012380819626239,0.0012380819626239,0.0012380819626239,0.0,0.0,0,0
R_49_barabasi_albert_0.15_0_const,DETERMINISTIC_EMPIRICAL_ABM,barabasi_albert,0.15,49,0,constant,6,500,0,0,0,0.0,0,0.0012380819626239,0.0012380819626239,0.0012380819626239,0.0,0.0,0,0
R_49_barabasi_albert_0.15_0_const,DETERMINISTIC_EMPIRICAL_ABM,barabasi_albert,0.15,49,0,constant,7,500,0,0,0,0.0,0,0.0012380819626239,0.0012380819626239,0.0012380819626239,0.0,0.0,0,0
R_49_barabasi_albert_0.15_0_const,DETERMINISTIC_EMPIRICAL_ABM,barabasi_albert,0.15,49,0,constant,8,500,0,0,0,0.0,0,0.0012380819626239,0.0012380819626239,0.0012380819626239,0.0,0.0,0,0
R_49_barabasi_albert_0.15_0_const,DETERMINISTIC_EMPIRICAL_ABM,barabasi_albert,0.15,49,0,constant,9,500,0,0,0,0.0,0,0.0012380819626239,0.0012380819626239,0.0012380819626239,0.0,0.0,0,0
R_49_barabasi_albert_0.15_0_const,DETERMINISTIC_EMPIRICAL_ABM,barabasi_albert,0.15,49,0,constant,10,500,0,0,0,0.0,0,0.0012380819626239,0.0012380819626239,0.0012380819626239,0.0,0.0,0,0
R_49_barabasi_albert_0.15_0_const,DETERMINISTIC_EMPIRICAL_ABM,barabasi_albert,0.15,49,0,constant,11,500,0,0,0,0.0,0,0.0012380819626239,0.0012380819626239,0.0012380819626239,0.0,0.0,0,0
R_49_barabasi_albert_0.15_0_const,DETERMINISTIC_EMPIRICAL_ABM,barabasi_albert,0.15,49,0,constant,12,500,0,0,0,0.0,0,0.0012380819626239,0.0012380819626239,0.0012380819626239,0.0,0.0,0,0
R_49_barabasi_albert_0.15_0_const,DETERMINISTIC_EMPIRICAL_ABM,barabasi_albert,0.15,49,0,constant,13,500,0,0,0,0.0,0,0.0012380819626239,0.0012380819626239,0.0012380819626239,0.0,0.0,0,0
R_49_barabasi_albert_0.15_0_const,DETERMINISTIC_EMPIRICAL_ABM,barabasi_albert,0.15,49,0,constant,14,500,0,0,0,0.0,0,0.0012380819626239,0.0012380819626239,0.0012380819626239,0.0,0.0,0,0
R_49_barabasi_albert_0.15_0_const,DETERMINISTIC_EMPIRICAL_ABM,barabasi_albert,0.15,49,0,constant,15,500,0,0,0,0.0,0,0.0012380819626239,0.0012380819626239,0.0012380819626239,0.0,0.0,0,0
R_49_barabasi_albert_0.15_0_const,DETERMINISTIC_EMPIRICAL_ABM,barabasi_albert,0.15,49,0,constant,16,500,0,0,0,0.0,0,0.0012380819626239,0.0012380819626239,0.0012380819626239,0.0,0.0,0,0
R_49_barabasi_albert_0.15_0_const,DETERMINISTIC_EMPIRICAL_ABM,barabasi_albert,0.15,49,0,constant,17,500,0,0,0,0.0,0,0.0012380819626239,0.0012380819626239,0.0012380819626239,0.0,0.0,0,0
R_49_barabasi_albert_0.15_0_const,DETERMINISTIC_EMPIRICAL_ABM,barabasi_albert,0.15,49,0,constant,18,500,0,0,0,0.0,0,0.0012380819626239,0.0012380819626239,0.0012380819626239,0.0,0.0,0,0
R_49_barabasi_albert_0.15_0_const,DETERMINISTIC_EMPIRICAL_ABM,barabasi_albert,0.15,49,0,constant,19,500,0,0,0,0.0,0,0.0012380819626239,0.0012380819626239,0.0012380819626239,0.0,0.0,0,0
R_49_barabasi_albert_0.15_0_const,DETERMINISTIC_EMPIRICAL_ABM,barabasi_albert,0.15,49,0,constant,20,500,0,0,0,0.0,0,0.0012380819626239,0.0012380819626239,0.0012380819626239,0.0,0.0,0,0
R_49_barabasi_albert_0.15_0_const,DETERMINISTIC_EMPIRICAL_ABM,barabasi_albert,0.15,49,0,constant,21,500,0,0,0,0.0,0,0.0012380819626239,0.0012380819626239,0.0012380819626239,0.0,0.0,0,0
R_49_barabasi_albert_0.15_0_const,DETERMINISTIC_EMPIRICAL_ABM,barabasi_albert,0.15,49,0,constant,22,500,0,0,0,0.0,0,0.0012380819626239,0.0012380819626239,0.0012380819626239,0.0,0.0,0,0
R_49_barabasi_albert_0.15_0_const,DETERMINISTIC_EMPIRICAL_ABM,barabasi_albert,0.15,49,0,constant,23,500,0,0,0,0.0,0,0.0012380819626239,0.0012380819626239,0.0012380819626239,0.0,0.0,0,0
R_49_barabasi_albert_0.15_0_const,DETERMINISTIC_EMPIRICAL_ABM,barabasi_albert,0.15,49,0,constant,24,500,0,0,0,0.0,0,0.0012380819626239,0.0012380819626239,0.0012380819626239,0.0,0.0,0,0
R_49_barabasi_albert_0.15_0_emp,DETERMINISTIC_EMPIRICAL_ABM,barabasi_albert,0.15,49,0,empirical,0,500,0,0,0,0.0,5,0.0012380819626239,0.0003295956104831,0.0018152066289457,0.0,0.0,0,0
R_49_barabasi_albert_0.15_0_emp,DETERMINISTIC_EMPIRICAL_ABM,barabasi_albert,0.15,49,0,empirical,1,500,0,0,0,0.0,0,0.0012380819626239,0.0003295956104831,0.0018152066289457,0.0,0.0,0,0
R_49_barabasi_albert_0.15_0_emp,DETERMINISTIC_EMPIRICAL_ABM,barabasi_albert,0.15,49,0,empirical,2,500,0,0,0,0.0,0,0.0012380819626239,0.0003295956104831,0.0018152066289457,0.0,0.0,0,0
R_49_barabasi_albert_0.15_0_emp,DETERMINISTIC_EMPIRICAL_ABM,barabasi_albert,0.15,49,0,empirical,3,500,0,0,0,0.0,0,0.0012380819626239,0.0003295956104831,0.0018152066289457,0.0,0.0,0,0
R_49_barabasi_albert_0.15_0_emp,DETERMINISTIC_EMPIRICAL_ABM,barabasi_albert,0.15,49,0,empirical,4,500,0,0,0,0.0,0,0.0012380819626239,0.0003295956104831,0.0018152066289457,0.0,0.0,0,0
R_49_barabasi_albert_0.15_0_emp,DETERMINISTIC_EMPIRICAL_ABM,barabasi_albert,0.15,49,0,empirical,5,500,0,0,0,0.0,0,0.0012380819626239,0.0003295956104831,0.0018152066289457,0.0,0.0,0,0
R_49_barabasi_albert_0.15_0_emp,DETERMINISTIC_EMPIRICAL_ABM,barabasi_albert,0.15,49,0,empirical,6,500,0,0,0,0.0,0,0.0012380819626239,0.0003295956104831,0.0018152066289457,0.0,0.0,0,0
R_49_barabasi_albert_0.15_0_emp,DETERMINISTIC_EMPIRICAL_ABM,barabasi_albert,0.15,49,0,empirical,7,500,0,0,0,0.0,0,0.0012380819626239,0.0003295956104831,0.0018152066289457,0.0,0.0,0,0
R_49_barabasi_albert_0.15_0_emp,DETERMINISTIC_EMPIRICAL_ABM,barabasi_albert,0.15,49,0,empirical,8,500,0,0,0,0.0,0,0.0012380819626239,0.0003295956104831,0.0018152066289457,0.0,0.0,0,0
R_49_barabasi_albert_0.15_0_emp,DETERMINISTIC_EMPIRICAL_ABM,barabasi_albert,0.15,49,0,empirical,9,500,0,0,0,0.0,0,0.0012380819626239,0.0003295956104831,0.0018152066289457,0.0,0.0,0,0
R_49_barabasi_albert_0.15_0_emp,DETERMINISTIC_EMPIRICAL_ABM,barabasi_albert,0.15,49,0,empirical,10,500,0,0,0,0.0,0,0.0012380819626239,0.0003295956104831,0.0018152066289457,0.0,0.0,0,0
R_49_barabasi_albert_0.15_0_emp,DETERMINISTIC_EMPIRICAL_ABM,barabasi_albert,0.15,49,0,empirical,11,500,0,0,0,0.0,0,0.0012380819626239,0.0003295956104831,0.0018152066289457,0.0,0.0,0,0
R_49_barabasi_albert_0.15_0_emp,DETERMINISTIC_EMPIRICAL_ABM,barabasi_albert,0.15,49,0,empirical,12,500,0,0,0,0.0,0,0.0012380819626239,0.0003295956104831,0.0018152066289457,0.0,0.0,0,0
R_49_barabasi_albert_0.15_0_emp,DETERMINISTIC_EMPIRICAL_ABM,barabasi_albert,0.15,49,0,empirical,13,500,0,0,0,0.0,0,0.0012380819626239,0.0003295956104831,0.0018152066289457,0.0,0.0,0,0
R_49_barabasi_albert_0.15_0_emp,DETERMINISTIC_EMPIRICAL_ABM,barabasi_albert,0.15,49,0,empirical,14,500,0,0,0,0.0,0,0.0012380819626239,0.0003295956104831,0.0018152066289457,0.0,0.0,0,0
R_49_barabasi_albert_0.15_0_emp,DETERMINISTIC_EMPIRICAL_ABM,barabasi_albert,0.15,49,0,empirical,15,500,0,0,0,0.0,0,0.0012380819626239,0.0003295956104831,0.0018152066289457,0.0,0.0,0,0
R_49_barabasi_albert_0.15_0_emp,DETERMINISTIC_EMPIRICAL_ABM,barabasi_albert,0.15,49,0,empirical,16,500,0,0,0,0.0,0,0.0012380819626239,0.0003295956104831,0.0018152066289457,0.0,0.0,0,0
R_49_barabasi_albert_0.15_0_emp,DETERMINISTIC_EMPIRICAL_ABM,barabasi_albert,0.15,49,0,empirical,17,500,0,0,0,0.0,0,0.0012380819626239,0.0003295956104831,0.0018152066289457,0.0,0.0,0,0
R_49_barabasi_albert_0.15_0_emp,DETERMINISTIC_EMPIRICAL_ABM,barabasi_albert,0.15,49,0,empirical,18,500,0,0,0,0.0,0,0.0012380819626239,0.0003295956104831,0.0018152066289457,0.0,0.0,0,0
R_49_barabasi_albert_0.15_0_emp,DETERMINISTIC_EMPIRICAL_ABM,barabasi_albert,0.15,49,0,empirical,19,500,0,0,0,0.0,0,0.0012380819626239,0.0003295956104831,0.0018152066289457,0.0,0.0,0,0
R_49_barabasi_albert_0.15_0_emp,DETERMINISTIC_EMPIRICAL_ABM,barabasi_albert,0.15,49,0,empirical,20,500,0,0,0,0.0,0,0.0012380819626239,0.0003295956104831,0.0018152066289457,0.0,0.0,0,0
R_49_barabasi_albert_0.15_0_emp,DETERMINISTIC_EMPIRICAL_ABM,barabasi_albert,0.15,49,0,empirical,21,500,0,0,0,0.0,0,0.0012380819626239,0.0003295956104831,0.0018152066289457,0.0,0.0,0,0
R_49_barabasi_albert_0.15_0_emp,DETERMINISTIC_EMPIRICAL_ABM,barabasi_albert,0.15,49,0,empirical,22,500,0,0,0,0.0,0,0.0012380819626239,0.0003295956104831,0.0018152066289457,0.0,0.0,0,0
R_49_barabasi_albert_0.15_0_emp,DETERMINISTIC_EMPIRICAL_ABM,barabasi_albert,0.15,49,0,empirical,23,500,0,0,0,0.0,0,0.0012380819626239,0.0003295956104831,0.0018152066289457,0.0,0.0,0,0
R_49_barabasi_albert_0.15_0_emp,DETERMINISTIC_EMPIRICAL_ABM,barabasi_albert,0.15,49,0,empirical,24,500,0,0,0,0.0,0,0.0012380819626239,0.0003295956104831,0.0018152066289457,0.0,0.0,0,0
R_49_barabasi_albert_0.3_0_const,DETERMINISTIC_EMPIRICAL_ABM,barabasi_albert,0.3,49,0,constant,0,500,0,0,0,0.0,5,0.0012380819626239,0.0012380819626239,0.0012380819626239,0.0,0.0,0,0
R_49_barabasi_albert_0.3_0_const,DETERMINISTIC_EMPIRICAL_ABM,barabasi_albert,0.3,49,0,constant,1,500,0,0,0,0.0,0,0.0012380819626239,0.0012380819626239,0.0012380819626239,0.0,0.0,0,0
R_49_barabasi_albert_0.3_0_const,DETERMINISTIC_EMPIRICAL_ABM,barabasi_albert,0.3,49,0,constant,2,500,0,0,0,0.0,0,0.0012380819626239,0.0012380819626239,0.0012380819626239,0.0,0.0,0,0
R_49_barabasi_albert_0.3_0_const,DETERMINISTIC_EMPIRICAL_ABM,barabasi_albert,0.3,49,0,constant,3,500,0,0,0,0.0,0,0.0012380819626239,0.0012380819626239,0.0012380819626239,0.0,0.0,0,0
R_49_barabasi_albert_0.3_0_const,DETERMINISTIC_EMPIRICAL_ABM,barabasi_albert,0.3,49,0,constant,4,500,0,0,0,0.0,0,0.0012380819626239,0.0012380819626239,0.0012380819626239,0.0,0.0,0,0
R_49_barabasi_albert_0.3_0_const,DETERMINISTIC_EMPIRICAL_ABM,barabasi_albert,0.3,49,0,constant,5,500,0,0,0,0.0,0,0.0012380819626239,0.0012380819626239,0.0012380819626239,0.0,0.0,0,0
R_49_barabasi_albert_0.3_0_const,DETERMINISTIC_EMPIRICAL_ABM,barabasi_albert,0.3,49,0,constant,6,500,0,0,0,0.0,0,0.0012380819626239,0.0012380819626239,0.0012380819626239,0.0,0.0,0,0
R_49_barabasi_albert_0.3_0_const,DETERMINISTIC_EMPIRICAL_ABM,barabasi_albert,0.3,49,0,constant,7,500,0,0,0,0.0,0,0.0012380819626239,0.0012380819626239,0.0012380819626239,0.0,0.0,0,0
R_49_barabasi_albert_0.3_0_const,DETERMINISTIC_EMPIRICAL_ABM,barabasi_albert,0.3,49,0,constant,8,500,0,0,0,0.0,0,0.0012380819626239,0.0012380819626239,0.0012380819626239,0.0,0.0,0,0
R_49_barabasi_albert_0.3_0_const,DETERMINISTIC_EMPIRICAL_ABM,barabasi_albert,0.3,49,0,constant,9,500,0,0,0,0.0,0,0.0012380819626239,0.0012380819626239,0.0012380819626239,0.0,0.0,0,0
R_49_barabasi_albert_0.3_0_const,DETERMINISTIC_EMPIRICAL_ABM,barabasi_albert,0.3,49,0,constant,10,500,0,0,0,0.0,0,0.0012380819626239,0.0012380819626239,0.0012380819626239,0.0,0.0,0,0
R_49_barabasi_albert_0.3_0_const,DETERMINISTIC_EMPIRICAL_ABM,barabasi_albert,0.3,49,0,constant,11,500,0,0,0,0.0,0,0.0012380819626239,0.0012380819626239,0.0012380819626239,0.0,0.0,0,0
R_49_barabasi_albert_0.3_0_const,DETERMINISTIC_EMPIRICAL_ABM,barabasi_albert,0.3,49,0,constant,12,500,0,0,0,0.0,0,0.0012380819626239,0.0012380819626239,0.0012380819626239,0.0,0.0,0,0
R_49_barabasi_albert_0.3_0_const,DETERMINISTIC_EMPIRICAL_ABM,barabasi_albert,0.3,49,0,constant,13,500,0,0,0,0.0,0,0.0012380819626239,0.0012380819626239,0.0012380819626239,0.0,0.0,0,0
R_49_barabasi_albert_0.3_0_const,DETERMINISTIC_EMPIRICAL_ABM,barabasi_albert,0.3,49,0,constant,14,500,0,0,0,0.0,0,0.0012380819626239,0.0012380819626239,0.0012380819626239,0.0,0.0,0,0
R_49_barabasi_albert_0.3_0_const,DETERMINISTIC_EMPIRICAL_ABM,barabasi_albert,0.3,49,0,constant,15,500,0,0,0,0.0,0,0.0012380819626239,0.0012380819626239,0.0012380819626239,0.0,0.0,0,0
R_49_barabasi_albert_0.3_0_const,DETERMINISTIC_EMPIRICAL_ABM,barabasi_albert,0.3,49,0,constant,16,500,0,0,0,0.0,0,0.0012380819626239,0.0012380819626239,0.0012380819626239,0.0,0.0,0,0
R_49_barabasi_albert_0.3_0_const,DETERMINISTIC_EMPIRICAL_ABM,barabasi_albert,0.3,49,0,constant,17,500,0,0,0,0.0,0,0.0012380819626239,0.0012380819626239,0.0012380819626239,0.0,0.0,0,0
R_49_barabasi_albert_0.3_0_const,DETERMINISTIC_EMPIRICAL_ABM,barabasi_albert,0.3,49,0,constant,18,500,0,0,0,0.0,0,0.0012380819626239,0.0012380819626239,0.0012380819626239,0.0,0.0,0,0
R_49_barabasi_albert_0.3_0_const,DETERMINISTIC_EMPIRICAL_ABM,barabasi_albert,0.3,49,0,constant,19,500,0,0,0,0.0,0,0.0012380819626239,0.0012380819626239,0.0012380819626239,0.0,0.0,0,0
R_49_barabasi_albert_0.3_0_const,DETERMINISTIC_EMPIRICAL_ABM,barabasi_albert,0.3,49,0,constant,20,500,0,0,0,0.0,0,0.0012380819626239,0.0012380819626239,0.0012380819626239,0.0,0.0,0,0
R_49_barabasi_albert_0.3_0_const,DETERMINISTIC_EMPIRICAL_ABM,barabasi_albert,0.3,49,0,constant,21,500,0,0,0,0.0,0,0.0012380819626239,0.0012380819626239,0.0012380819626239,0.0,0.0,0,0
R_49_barabasi_albert_0.3_0_const,DETERMINISTIC_EMPIRICAL_ABM,barabasi_albert,0.3,49,0,constant,22,500,0,0,0,0.0,0,0.0012380819626239,0.0012380819626239,0.0012380819626239,0.0,0.0,0,0
R_49_barabasi_albert_0.3_0_const,DETERMINISTIC_EMPIRICAL_ABM,barabasi_albert,0.3,49,0,constant,23,500,0,0,0,0.0,0,0.0012380819626239,0.0012380819626239,0.0012380819626239,0.0,0.0,0,0
R_49_barabasi_albert_0.3_0_const,DETERMINISTIC_EMPIRICAL_ABM,barabasi_albert,0.3,49,0,constant,24,500,0,0,0,0.0,0,0.0012380819626239,0.0012380819626239,0.0012380819626239,0.0,0.0,0,0
R_49_barabasi_albert_0.3_0_emp,DETERMINISTIC_EMPIRICAL_ABM,barabasi_albert,0.3,49,0,empirical,0,500,0,0,0,0.0,5,0.0012380819626239,0.0003295956104831,0.0018152066289457,0.0,0.0,0,0
R_49_barabasi_albert_0.3_0_emp,DETERMINISTIC_EMPIRICAL_ABM,barabasi_albert,0.3,49,0,empirical,1,500,0,0,0,0.0,0,0.0012380819626239,0.0003295956104831,0.0018152066289457,0.0,0.0,0,0
R_49_barabasi_albert_0.3_0_emp,DETERMINISTIC_EMPIRICAL_ABM,barabasi_albert,0.3,49,0,empirical,2,500,0,0,0,0.0,0,0.0012380819626239,0.0003295956104831,0.0018152066289457,0.0,0.0,0,0
R_49_barabasi_albert_0.3_0_emp,DETERMINISTIC_EMPIRICAL_ABM,barabasi_albert,0.3,49,0,empirical,3,500,0,0,0,0.0,0,0.0012380819626239,0.0003295956104831,0.0018152066289457,0.0,0.0,0,0
R_49_barabasi_albert_0.3_0_emp,DETERMINISTIC_EMPIRICAL_ABM,barabasi_albert,0.3,49,0,empirical,4,500,0,0,0,0.0,0,0.0012380819626239,0.0003295956104831,0.0018152066289457,0.0,0.0,0,0
R_49_barabasi_albert_0.3_0_emp,DETERMINISTIC_EMPIRICAL_ABM,barabasi_albert,0.3,49,0,empirical,5,500,0,0,0,0.0,0,0.0012380819626239,0.0003295956104831,0.0018152066289457,0.0,0.0,0,0
R_49_barabasi_albert_0.3_0_emp,DETERMINISTIC_EMPIRICAL_ABM,barabasi_albert,0.3,49,0,empirical,6,500,0,0,0,0.0,0,0.0012380819626239,0.0003295956104831,0.0018152066289457,0.0,0.0,0,0
R_49_barabasi_albert_0.3_0_emp,DETERMINISTIC_EMPIRICAL_ABM,barabasi_albert,0.3,49,0,empirical,7,500,0,0,0,0.0,0,0.0012380819626239,0.0003295956104831,0.0018152066289457,0.0,0.0,0,0
R_49_barabasi_albert_0.3_0_emp,DETERMINISTIC_EMPIRICAL_ABM,barabasi_albert,0.3,49,0,empirical,8,500,0,0,0,0.0,0,0.0012380819626239,0.0003295956104831,0.0018152066289457,0.0,0.0,0,0
R_49_barabasi_albert_0.3_0_emp,DETERMINISTIC_EMPIRICAL_ABM,barabasi_albert,0.3,49,0,empirical,9,500,0,0,0,0.0,0,0.0012380819626239,0.0003295956104831,0.0018152066289457,0.0,0.0,0,0
R_49_barabasi_albert_0.3_0_emp,DETERMINISTIC_EMPIRICAL_ABM,barabasi_albert,0.3,49,0,empirical,10,500,0,0,0,0.0,0,0.0012380819626239,0.0003295956104831,0.0018152066289457,0.0,0.0,0,0
R_49_barabasi_albert_0.3_0_emp,DETERMINISTIC_EMPIRICAL_ABM,barabasi_albert,0.3,49,0,empirical,11,500,0,0,0,0.0,0,0.0012380819626239,0.0003295956104831,0.0018152066289457,0.0,0.0,0,0
R_49_barabasi_albert_0.3_0_emp,DETERMINISTIC_EMPIRICAL_ABM,barabasi_albert,0.3,49,0,empirical,12,500,0,0,0,0.0,0,0.0012380819626239,0.0003295956104831,0.0018152066289457,0.0,0.0,0,0
R_49_barabasi_albert_0.3_0_emp,DETERMINISTIC_EMPIRICAL_ABM,barabasi_albert,0.3,49,0,empirical,13,500,0,0,0,0.0,0,0.0012380819626239,0.0003295956104831,0.0018152066289457,0.0,0.0,0,0
R_49_barabasi_albert_0.3_0_emp,DETERMINISTIC_EMPIRICAL_ABM,barabasi_albert,0.3,49,0,empirical,14,500,0,0,0,0.0,0,0.0012380819626239,0.0003295956104831,0.0018152066289457,0.0,0.0,0,0
R_49_barabasi_albert_0.3_0_emp,DETERMINISTIC_EMPIRICAL_ABM,barabasi_albert,0.3,49,0,empirical,15,500,0,0,0,0.0,0,0.0012380819626239,0.0003295956104831,0.0018152066289457,0.0,0.0,0,0
R_49_barabasi_albert_0.3_0_emp,DETERMINISTIC_EMPIRICAL_ABM,barabasi_albert,0.3,49,0,empirical,16,500,0,0,0,0.0,0,0.0012380819626239,0.0003295956104831,0.0018152066289457,0.0,0.0,0,0
R_49_barabasi_albert_0.3_0_emp,DETERMINISTIC_EMPIRICAL_ABM,barabasi_albert,0.3,49,0,empirical,17,500,0,0,0,0.0,0,0.0012380819626239,0.0003295956104831,0.0018152066289457,0.0,0.0,0,0
R_49_barabasi_albert_0.3_0_emp,DETERMINISTIC_EMPIRICAL_ABM,barabasi_albert,0.3,49,0,empirical,18,500,0,0,0,0.0,0,0.0012380819626239,0.0003295956104831,0.0018152066289457,0.0,0.0,0,0
R_49_barabasi_albert_0.3_0_emp,DETERMINISTIC_EMPIRICAL_ABM,barabasi_albert,0.3,49,0,empirical,19,500,0,0,0,0.0,0,0.0012380819626239,0.0003295956104831,0.0018152066289457,0.0,0.0,0,0
R_49_barabasi_albert_0.3_0_emp,DETERMINISTIC_EMPIRICAL_ABM,barabasi_albert,0.3,49,0,empirical,20,500,0,0,0,0.0,0,0.0012380819626239,0.0003295956104831,0.0018152066289457,0.0,0.0,0,0
R_49_barabasi_albert_0.3_0_emp,DETERMINISTIC_EMPIRICAL_ABM,barabasi_albert,0.3,49,0,empirical,21,500,0,0,0,0.0,0,0.0012380819626239,0.0003295956104831,0.0018152066289457,0.0,0.0,0,0
R_49_barabasi_albert_0.3_0_emp,DETERMINISTIC_EMPIRICAL_ABM,barabasi_albert,0.3,49,0,empirical,22,500,0,0,0,0.0,0,0.0012380819626239,0.0003295956104831,0.0018152066289457,0.0,0.0,0,0
R_49_barabasi_albert_0.3_0_emp,DETERMINISTIC_EMPIRICAL_ABM,barabasi_albert,0.3,49,0,empirical,23,500,0,0,0,0.0,0,0.0012380819626239,0.0003295956104831,0.0018152066289457,0.0,0.0,0,0
R_49_barabasi_albert_0.3_0_emp,DETERMINISTIC_EMPIRICAL_ABM,barabasi_albert,0.3,49,0,empirical,24,500,0,0,0,0.0,0,0.0012380819626239,0.0003295956104831,0.0018152066289457,0.0,0.0,0,0
R_49_STATIC_0_emp,STATIC_BASELINE,,,49,0,empirical,0,500,0,0,0,0.0,5,0.0012380819626239,0.0003295956104831,0.0018152066289457,0.0,0.0,0,0
R_49_STATIC_0_emp,STATIC_BASELINE,,,49,0,empirical,1,500,0,0,0,0.0,0,0.0012380819626239,0.0003295956104831,0.0018152066289457,0.0,0.0,0,0
R_49_STATIC_0_emp,STATIC_BASELINE,,,49,0,empirical,2,500,0,0,0,0.0,0,0.0012380819626239,0.0003295956104831,0.0018152066289457,0.0,0.0,0,0
R_49_STATIC_0_emp,STATIC_BASELINE,,,49,0,empirical,3,500,0,0,0,0.0,0,0.0012380819626239,0.0003295956104831,0.0018152066289457,0.0,0.0,0,0
R_49_STATIC_0_emp,STATIC_BASELINE,,,49,0,empirical,4,500,0,0,0,0.0,0,0.0012380819626239,0.0003295956104831,0.0018152066289457,0.0,0.0,0,0
R_49_STATIC_0_emp,STATIC_BASELINE,,,49,0,empirical,5,500,0,0,0,0.0,0,0.0012380819626239,0.0003295956104831,0.0018152066289457,0.0,0.0,0,0
R_49_STATIC_0_emp,STATIC_BASELINE,,,49,0,empirical,6,500,0,0,0,0.0,0,0.0012380819626239,0.0003295956104831,0.0018152066289457,0.0,0.0,0,0
R_49_STATIC_0_emp,STATIC_BASELINE,,,49,0,empirical,7,500,0,0,0,0.0,0,0.0012380819626239,0.0003295956104831,0.0018152066289457,0.0,0.0,0,0
R_49_STATIC_0_emp,STATIC_BASELINE,,,49,0,empirical,8,500,0,0,0,0.0,0,0.0012380819626239,0.0003295956104831,0.0018152066289457,0.0,0.0,0,0
R_49_STATIC_0_emp,STATIC_BASELINE,,,49,0,empirical,9,500,0,0,0,0.0,0,0.0012380819626239,0.0003295956104831,0.0018152066289457,0.0,0.0,0,0
R_49_STATIC_0_emp,STATIC_BASELINE,,,49,0,empirical,10,500,0,0,0,0.0,0,0.0012380819626239,0.0003295956104831,0.0018152066289457,0.0,0.0,0,0
R_49_STATIC_0_emp,STATIC_BASELINE,,,49,0,empirical,11,500,0,0,0,0.0,0,0.0012380819626239,0.0003295956104831,0.0018152066289457,0.0,0.0,0,0
R_49_STATIC_0_emp,STATIC_BASELINE,,,49,0,empirical,12,500,0,0,0,0.0,0,0.0012380819626239,0.0003295956104831,0.0018152066289457,0.0,0.0,0,0
R_49_STATIC_0_emp,STATIC_BASELINE,,,49,0,empirical,13,500,0,0,0,0.0,0,0.0012380819626239,0.0003295956104831,0.0018152066289457,0.0,0.0,0,0
R_49_STATIC_0_emp,STATIC_BASELINE,,,49,0,empirical,14,500,0,0,0,0.0,0,0.0012380819626239,0.0003295956104831,0.0018152066289457,0.0,0.0,0,0
R_49_STATIC_0_emp,STATIC_BASELINE,,,49,0,empirical,15,500,0,0,0,0.0,0,0.0012380819626239,0.0003295956104831,0.0018152066289457,0.0,0.0,0,0
R_49_STATIC_0_emp,STATIC_BASELINE,,,49,0,empirical,16,500,0,0,0,0.0,0,0.0012380819626239,0.0003295956104831,0.0018152066289457,0.0,0.0,0,0
R_49_STATIC_0_emp,STATIC_BASELINE,,,49,0,empirical,17,500,0,0,0,0.0,0,0.0012380819626239,0.0003295956104831,0.0018152066289457,0.0,0.0,0,0
R_49_STATIC_0_emp,STATIC_BASELINE,,,49,0,empirical,18,500,0,0,0,0.0,0,0.0012380819626239,0.0003295956104831,0.0018152066289457,0.0,0.0,0,0
R_49_STATIC_0_emp,STATIC_BASELINE,,,49,0,empirical,19,500,0,0,0,0.0,0,0.0012380819626239,0.0003295956104831,0.0018152066289457,0.0,0.0,0,0
R_49_STATIC_0_emp,STATIC_BASELINE,,,49,0,empirical,20,500,0,0,0,0.0,0,0.0012380819626239,0.0003295956104831,0.0018152066289457,0.0,0.0,0,0
R_49_STATIC_0_emp,STATIC_BASELINE,,,49,0,empirical,21,500,0,0,0,0.0,0,0.0012380819626239,0.0003295956104831,0.0018152066289457,0.0,0.0,0,0
R_49_STATIC_0_emp,STATIC_BASELINE,,,49,0,empirical,22,500,0,0,0,0.0,0,0.0012380819626239,0.0003295956104831,0.0018152066289457,0.0,0.0,0,0
R_49_STATIC_0_emp,STATIC_BASELINE,,,49,0,empirical,23,500,0,0,0,0.0,0,0.0012380819626239,0.0003295956104831,0.0018152066289457,0.0,0.0,0,0
R_49_STATIC_0_emp,STATIC_BASELINE,,,49,0,empirical,24,500,0,0,0,0.0,0,0.0012380819626239,0.0003295956104831,0.0018152066289457,0.0,0.0,0,0
R_49_watts_strogatz_0.05_0_const,DETERMINISTIC_EMPIRICAL_ABM,watts_strogatz,0.05,49,0,constant,0,500,0,0,0,0.0,5,0.0012380819626239,0.0012380819626239,0.0012380819626239,0.0,0.0,0,0
R_49_watts_strogatz_0.05_0_const,DETERMINISTIC_EMPIRICAL_ABM,watts_strogatz,0.05,49,0,constant,1,500,0,0,0,0.0,0,0.0012380819626239,0.0012380819626239,0.0012380819626239,0.0,0.0,0,0
R_49_watts_strogatz_0.05_0_const,DETERMINISTIC_EMPIRICAL_ABM,watts_strogatz,0.05,49,0,constant,2,500,0,0,0,0.0,0,0.0012380819626239,0.0012380819626239,0.0012380819626239,0.0,0.0,0,0
R_49_watts_strogatz_0.05_0_const,DETERMINISTIC_EMPIRICAL_ABM,watts_strogatz,0.05,49,0,constant,3,500,0,0,0,0.0,0,0.0012380819626239,0.0012380819626239,0.0012380819626239,0.0,0.0,0,0
R_49_watts_strogatz_0.05_0_const,DETERMINISTIC_EMPIRICAL_ABM,watts_strogatz,0.05,49,0,constant,4,500,0,0,0,0.0,0,0.0012380819626239,0.0012380819626239,0.0012380819626239,0.0,0.0,0,0
R_49_watts_strogatz_0.05_0_const,DETERMINISTIC_EMPIRICAL_ABM,watts_strogatz,0.05,49,0,constant,5,500,0,0,0,0.0,0,0.0012380819626239,0.0012380819626239,0.0012380819626239,0.0,0.0,0,0
R_49_watts_strogatz_0.05_0_const,DETERMINISTIC_EMPIRICAL_ABM,watts_strogatz,0.05,49,0,constant,6,500,0,0,0,0.0,0,0.0012380819626239,0.0012380819626239,0.0012380819626239,0.0,0.0,0,0
R_49_watts_strogatz_0.05_0_const,DETERMINISTIC_EMPIRICAL_ABM,watts_strogatz,0.05,49,0,constant,7,500,0,0,0,0.0,0,0.0012380819626239,0.0012380819626239,0.0012380819626239,0.0,0.0,0,0
R_49_watts_strogatz_0.05_0_const,DETERMINISTIC_EMPIRICAL_ABM,watts_strogatz,0.05,49,0,constant,8,500,0,0,0,0.0,0,0.0012380819626239,0.0012380819626239,0.0012380819626239,0.0,0.0,0,0
R_49_watts_strogatz_0.05_0_const,DETERMINISTIC_EMPIRICAL_ABM,watts_strogatz,0.05,49,0,constant,9,500,0,0,0,0.0,0,0.0012380819626239,0.0012380819626239,0.0012380819626239,0.0,0.0,0,0
R_49_watts_strogatz_0.05_0_const,DETERMINISTIC_EMPIRICAL_ABM,watts_strogatz,0.05,49,0,constant,10,500,0,0,0,0.0,0,0.0012380819626239,0.0012380819626239,0.0012380819626239,0.0,0.0,0,0
R_49_watts_strogatz_0.05_0_const,DETERMINISTIC_EMPIRICAL_ABM,watts_strogatz,0.05,49,0,constant,11,500,0,0,0,0.0,0,0.0012380819626239,0.0012380819626239,0.0012380819626239,0.0,0.0,0,0
R_49_watts_strogatz_0.05_0_const,DETERMINISTIC_EMPIRICAL_ABM,watts_strogatz,0.05,49,0,constant,12,500,0,0,0,0.0,0,0.0012380819626239,0.0012380819626239,0.0012380819626239,0.0,0.0,0,0
R_49_watts_strogatz_0.05_0_const,DETERMINISTIC_EMPIRICAL_ABM,watts_strogatz,0.05,49,0,constant,13,500,0,0,0,0.0,0,0.0012380819626239,0.0012380819626239,0.0012380819626239,0.0,0.0,0,0
R_49_watts_strogatz_0.05_0_const,DETERMINISTIC_EMPIRICAL_ABM,watts_strogatz,0.05,49,0,constant,14,500,0,0,0,0.0,0,0.0012380819626239,0.0012380819626239,0.0012380819626239,0.0,0.0,0,0
R_49_watts_strogatz_0.05_0_const,DETERMINISTIC_EMPIRICAL_ABM,watts_strogatz,0.05,49,0,constant,15,500,0,0,0,0.0,0,0.0012380819626239,0.0012380819626239,0.0012380819626239,0.0,0.0,0,0
R_49_watts_strogatz_0.05_0_const,DETERMINISTIC_EMPIRICAL_ABM,watts_strogatz,0.05,49,0,constant,16,500,0,0,0,0.0,0,0.0012380819626239,0.0012380819626239,0.0012380819626239,0.0,0.0,0,0
R_49_watts_strogatz_0.05_0_const,DETERMINISTIC_EMPIRICAL_ABM,watts_strogatz,0.05,49,0,constant,17,500,0,0,0,0.0,0,0.0012380819626239,0.0012380819626239,0.0012380819626239,0.0,0.0,0,0
R_49_watts_strogatz_0.05_0_const,DETERMINISTIC_EMPIRICAL_ABM,watts_strogatz,0.05,49,0,constant,18,500,0,0,0,0.0,0,0.0012380819626239,0.0012380819626239,0.0012380819626239,0.0,0.0,0,0
R_49_watts_strogatz_0.05_0_const,DETERMINISTIC_EMPIRICAL_ABM,watts_strogatz,0.05,49,0,constant,19,500,0,0,0,0.0,0,0.0012380819626239,0.0012380819626239,0.0012380819626239,0.0,0.0,0,0
R_49_watts_strogatz_0.05_0_const,DETERMINISTIC_EMPIRICAL_ABM,watts_strogatz,0.05,49,0,constant,20,500,0,0,0,0.0,0,0.0012380819626239,0.0012380819626239,0.0012380819626239,0.0,0.0,0,0
R_49_watts_strogatz_0.05_0_const,DETERMINISTIC_EMPIRICAL_ABM,watts_strogatz,0.05,49,0,constant,21,500,0,0,0,0.0,0,0.0012380819626239,0.0012380819626239,0.0012380819626239,0.0,0.0,0,0
R_49_watts_strogatz_0.05_0_const,DETERMINISTIC_EMPIRICAL_ABM,watts_strogatz,0.05,49,0,constant,22,500,0,0,0,0.0,0,0.0012380819626239,0.0012380819626239,0.0012380819626239,0.0,0.0,0,0
R_49_watts_strogatz_0.05_0_const,DETERMINISTIC_EMPIRICAL_ABM,watts_strogatz,0.05,49,0,constant,23,500,0,0,0,0.0,0,0.0012380819626239,0.0012380819626239,0.0012380819626239,0.0,0.0,0,0
R_49_watts_strogatz_0.05_0_const,DETERMINISTIC_EMPIRICAL_ABM,watts_strogatz,0.05,49,0,constant,24,500,0,0,0,0.0,0,0.0012380819626239,0.0012380819626239,0.0012380819626239,0.0,0.0,0,0
R_49_watts_strogatz_0.05_0_emp,DETERMINISTIC_EMPIRICAL_ABM,watts_strogatz,0.05,49,0,empirical,0,500,0,0,0,0.0,5,0.0012380819626239,0.0003295956104831,0.0018152066289457,0.0,0.0,0,0
R_49_watts_strogatz_0.05_0_emp,DETERMINISTIC_EMPIRICAL_ABM,watts_strogatz,0.05,49,0,empirical,1,500,0,0,0,0.0,0,0.0012380819626239,0.0003295956104831,0.0018152066289457,0.0,0.0,0,0
R_49_watts_strogatz_0.05_0_emp,DETERMINISTIC_EMPIRICAL_ABM,watts_strogatz,0.05,49,0,empirical,2,500,0,0,0,0.0,0,0.0012380819626239,0.0003295956104831,0.0018152066289457,0.0,0.0,0,0
R_49_watts_strogatz_0.05_0_emp,DETERMINISTIC_EMPIRICAL_ABM,watts_strogatz,0.05,49,0,empirical,3,500,0,0,0,0.0,0,0.0012380819626239,0.0003295956104831,0.0018152066289457,0.0,0.0,0,0
R_49_watts_strogatz_0.05_0_emp,DETERMINISTIC_EMPIRICAL_ABM,watts_strogatz,0.05,49,0,empirical,4,500,0,0,0,0.0,0,0.0012380819626239,0.0003295956104831,0.0018152066289457,0.0,0.0,0,0
R_49_watts_strogatz_0.05_0_emp,DETERMINISTIC_EMPIRICAL_ABM,watts_strogatz,0.05,49,0,empirical,5,500,0,0,0,0.0,0,0.0012380819626239,0.0003295956104831,0.0018152066289457,0.0,0.0,0,0
R_49_watts_strogatz_0.05_0_emp,DETERMINISTIC_EMPIRICAL_ABM,watts_strogatz,0.05,49,0,empirical,6,500,0,0,0,0.0,0,0.0012380819626239,0.0003295956104831,0.0018152066289457,0.0,0.0,0,0
R_49_watts_strogatz_0.05_0_emp,DETERMINISTIC_EMPIRICAL_ABM,watts_strogatz,0.05,49,0,empirical,7,500,0,0,0,0.0,0,0.0012380819626239,0.0003295956104831,0.0018152066289457,0.0,0.0,0,0
R_49_watts_strogatz_0.05_0_emp,DETERMINISTIC_EMPIRICAL_ABM,watts_strogatz,0.05,49,0,empirical,8,500,0,0,0,0.0,0,0.0012380819626239,0.0003295956104831,0.0018152066289457,0.0,0.0,0,0
R_49_watts_strogatz_0.05_0_emp,DETERMINISTIC_EMPIRICAL_ABM,watts_strogatz,0.05,49,0,empirical,9,500,0,0,0,0.0,0,0.0012380819626239,0.0003295956104831,0.0018152066289457,0.0,0.0,0,0
R_49_watts_strogatz_0.05_0_emp,DETERMINISTIC_EMPIRICAL_ABM,watts_strogatz,0.05,49,0,empirical,10,500,0,0,0,0.0,0,0.0012380819626239,0.0003295956104831,0.0018152066289457,0.0,0.0,0,0
R_49_watts_strogatz_0.05_0_emp,DETERMINISTIC_EMPIRICAL_ABM,watts_strogatz,0.05,49,0,empirical,11,500,0,0,0,0.0,0,0.0012380819626239,0.0003295956104831,0.0018152066289457,0.0,0.0,0,0
R_49_watts_strogatz_0.05_0_emp,DETERMINISTIC_EMPIRICAL_ABM,watts_strogatz,0.05,49,0,empirical,12,500,0,0,0,0.0,0,0.0012380819626239,0.0003295956104831,0.0018152066289457,0.0,0.0,0,0
R_49_watts_strogatz_0.05_0_emp,DETERMINISTIC_EMPIRICAL_ABM,watts_strogatz,0.05,49,0,empirical,13,500,0,0,0,0.0,0,0.0012380819626239,0.0003295956104831,0.0018152066289457,0.0,0.0,0,0
R_49_watts_strogatz_0.05_0_emp,DETERMINISTIC_EMPIRICAL_ABM,watts_strogatz,0.05,49,0,empirical,14,500,0,0,0,0.0,0,0.0012380819626239,0.0003295956104831,0.0018152066289457,0.0,0.0,0,0
R_49_watts_strogatz_0.05_0_emp,DETERMINISTIC_EMPIRICAL_ABM,watts_strogatz,0.05,49,0,empirical,15,500,0,0,0,0.0,0,0.0012380819626239,0.0003295956104831,0.0018152066289457,0.0,0.0,0,0
R_49_watts_strogatz_0.05_0_emp,DETERMINISTIC_EMPIRICAL_ABM,watts_strogatz,0.05,49,0,empirical,16,500,0,0,0,0.0,0,0.0012380819626239,0.0003295956104831,0.0018152066289457,0.0,0.0,0,0
R_49_watts_strogatz_0.05_0_emp,DETERMINISTIC_EMPIRICAL_ABM,watts_strogatz,0.05,49,0,empirical,17,500,0,0,0,0.0,0,0.0012380819626239,0.0003295956104831,0.0018152066289457,0.0,0.0,0,0
R_49_watts_strogatz_0.05_0_emp,DETERMINISTIC_EMPIRICAL_ABM,watts_strogatz,0.05,49,0,empirical,18,500,0,0,0,0.0,0,0.0012380819626239,0.0003295956104831,0.0018152066289457,0.0,0.0,0,0
R_49_watts_strogatz_0.05_0_emp,DETERMINISTIC_EMPIRICAL_ABM,watts_strogatz,0.05,49,0,empirical,19,500,0,0,0,0.0,0,0.0012380819626239,0.0003295956104831,0.0018152066289457,0.0,0.0,0,0
R_49_watts_strogatz_0.05_0_emp,DETERMINISTIC_EMPIRICAL_ABM,watts_strogatz,0.05,49,0,empirical,20,500,0,0,0,0.0,0,0.0012380819626239,0.0003295956104831,0.0018152066289457,0.0,0.0,0,0
R_49_watts_strogatz_0.05_0_emp,DETERMINISTIC_EMPIRICAL_ABM,watts_strogatz,0.05,49,0,empirical,21,500,0,0,0,0.0,0,0.0012380819626239,0.0003295956104831,0.0018152066289457,0.0,0.0,0,0
R_49_watts_strogatz_0.05_0_emp,DETERMINISTIC_EMPIRICAL_ABM,watts_strogatz,0.05,49,0,empirical,22,500,0,0,0,0.0,0,0.0012380819626239,0.0003295956104831,0.0018152066289457,0.0,0.0,0,0
R_49_watts_strogatz_0.05_0_emp,DETERMINISTIC_EMPIRICAL_ABM,watts_strogatz,0.05,49,0,empirical,23,500,0,0,0,0.0,0,0.0012380819626239,0.0003295956104831,0.0018152066289457,0.0,0.0,0,0
R_49_watts_strogatz_0.05_0_emp,DETERMINISTIC_EMPIRICAL_ABM,watts_strogatz,0.05,49,0,empirical,24,500,0,0,0,0.0,0,0.0012380819626239,0.0003295956104831,0.0018152066289457,0.0,0.0,0,0
R_49_watts_strogatz_0.15_0_const,DETERMINISTIC_EMPIRICAL_ABM,watts_strogatz,0.15,49,0,constant,0,500,0,0,0,0.0,5,0.0012380819626239,0.0012380819626239,0.0012380819626239,0.0,0.0,0,0
R_49_watts_strogatz_0.15_0_const,DETERMINISTIC_EMPIRICAL_ABM,watts_strogatz,0.15,49,0,constant,1,500,0,0,0,0.0,0,0.0012380819626239,0.0012380819626239,0.0012380819626239,0.0,0.0,0,0
R_49_watts_strogatz_0.15_0_const,DETERMINISTIC_EMPIRICAL_ABM,watts_strogatz,0.15,49,0,constant,2,500,0,0,0,0.0,0,0.0012380819626239,0.0012380819626239,0.0012380819626239,0.0,0.0,0,0
R_49_watts_strogatz_0.15_0_const,DETERMINISTIC_EMPIRICAL_ABM,watts_strogatz,0.15,49,0,constant,3,500,0,0,0,0.0,0,0.0012380819626239,0.0012380819626239,0.0012380819626239,0.0,0.0,0,0
R_49_watts_strogatz_0.15_0_const,DETERMINISTIC_EMPIRICAL_ABM,watts_strogatz,0.15,49,0,constant,4,500,0,0,0,0.0,0,0.0012380819626239,0.0012380819626239,0.0012380819626239,0.0,0.0,0,0
R_49_watts_strogatz_0.15_0_const,DETERMINISTIC_EMPIRICAL_ABM,watts_strogatz,0.15,49,0,constant,5,500,0,0,0,0.0,0,0.0012380819626239,0.0012380819626239,0.0012380819626239,0.0,0.0,0,0
R_49_watts_strogatz_0.15_0_const,DETERMINISTIC_EMPIRICAL_ABM,watts_strogatz,0.15,49,0,constant,6,500,0,0,0,0.0,0,0.0012380819626239,0.0012380819626239,0.0012380819626239,0.0,0.0,0,0
R_49_watts_strogatz_0.15_0_const,DETERMINISTIC_EMPIRICAL_ABM,watts_strogatz,0.15,49,0,constant,7,500,0,0,0,0.0,0,0.0012380819626239,0.0012380819626239,0.0012380819626239,0.0,0.0,0,0
R_49_watts_strogatz_0.15_0_const,DETERMINISTIC_EMPIRICAL_ABM,watts_strogatz,0.15,49,0,constant,8,500,0,0,0,0.0,0,0.0012380819626239,0.0012380819626239,0.0012380819626239,0.0,0.0,0,0
R_49_watts_strogatz_0.15_0_const,DETERMINISTIC_EMPIRICAL_ABM,watts_strogatz,0.15,49,0,constant,9,500,0,0,0,0.0,0,0.0012380819626239,0.0012380819626239,0.0012380819626239,0.0,0.0,0,0
R_49_watts_strogatz_0.15_0_const,DETERMINISTIC_EMPIRICAL_ABM,watts_strogatz,0.15,49,0,constant,10,500,0,0,0,0.0,0,0.0012380819626239,0.0012380819626239,0.0012380819626239,0.0,0.0,0,0
R_49_watts_strogatz_0.15_0_const,DETERMINISTIC_EMPIRICAL_ABM,watts_strogatz,0.15,49,0,constant,11,500,0,0,0,0.0,0,0.0012380819626239,0.0012380819626239,0.0012380819626239,0.0,0.0,0,0
R_49_watts_strogatz_0.15_0_const,DETERMINISTIC_EMPIRICAL_ABM,watts_strogatz,0.15,49,0,constant,12,500,0,0,0,0.0,0,0.0012380819626239,0.0012380819626239,0.0012380819626239,0.0,0.0,0,0
R_49_watts_strogatz_0.15_0_const,DETERMINISTIC_EMPIRICAL_ABM,watts_strogatz,0.15,49,0,constant,13,500,0,0,0,0.0,0,0.0012380819626239,0.0012380819626239,0.0012380819626239,0.0,0.0,0,0
R_49_watts_strogatz_0.15_0_const,DETERMINISTIC_EMPIRICAL_ABM,watts_strogatz,0.15,49,0,constant,14,500,0,0,0,0.0,0,0.0012380819626239,0.0012380819626239,0.0012380819626239,0.0,0.0,0,0
R_49_watts_strogatz_0.15_0_const,DETERMINISTIC_EMPIRICAL_ABM,watts_strogatz,0.15,49,0,constant,15,500,0,0,0,0.0,0,0.0012380819626239,0.0012380819626239,0.0012380819626239,0.0,0.0,0,0
R_49_watts_strogatz_0.15_0_const,DETERMINISTIC_EMPIRICAL_ABM,watts_strogatz,0.15,49,0,constant,16,500,0,0,0,0.0,0,0.0012380819626239,0.0012380819626239,0.0012380819626239,0.0,0.0,0,0
R_49_watts_strogatz_0.15_0_const,DETERMINISTIC_EMPIRICAL_ABM,watts_strogatz,0.15,49,0,constant,17,500,0,0,0,0.0,0,0.0012380819626239,0.0012380819626239,0.0012380819626239,0.0,0.0,0,0
R_49_watts_strogatz_0.15_0_const,DETERMINISTIC_EMPIRICAL_ABM,watts_strogatz,0.15,49,0,constant,18,500,0,0,0,0.0,0,0.0012380819626239,0.0012380819626239,0.0012380819626239,0.0,0.0,0,0
R_49_watts_strogatz_0.15_0_const,DETERMINISTIC_EMPIRICAL_ABM,watts_strogatz,0.15,49,0,constant,19,500,0,0,0,0.0,0,0.0012380819626239,0.0012380819626239,0.0012380819626239,0.0,0.0,0,0
R_49_watts_strogatz_0.15_0_const,DETERMINISTIC_EMPIRICAL_ABM,watts_strogatz,0.15,49,0,constant,20,500,0,0,0,0.0,0,0.0012380819626239,0.0012380819626239,0.0012380819626239,0.0,0.0,0,0
R_49_watts_strogatz_0.15_0_const,DETERMINISTIC_EMPIRICAL_ABM,watts_strogatz,0.15,49,0,constant,21,500,0,0,0,0.0,0,0.0012380819626239,0.0012380819626239,0.0012380819626239,0.0,0.0,0,0
R_49_watts_strogatz_0.15_0_const,DETERMINISTIC_EMPIRICAL_ABM,watts_strogatz,0.15,49,0,constant,22,500,0,0,0,0.0,0,0.0012380819626239,0.0012380819626239,0.0012380819626239,0.0,0.0,0,0
R_49_watts_strogatz_0.15_0_const,DETERMINISTIC_EMPIRICAL_ABM,watts_strogatz,0.15,49,0,constant,23,500,0,0,0,0.0,0,0.0012380819626239,0.0012380819626239,0.0012380819626239,0.0,0.0,0,0
R_49_watts_strogatz_0.15_0_const,DETERMINISTIC_EMPIRICAL_ABM,watts_strogatz,0.15,49,0,constant,24,500,0,0,0,0.0,0,0.0012380819626239,0.0012380819626239,0.0012380819626239,0.0,0.0,0,0
R_49_watts_strogatz_0.15_0_emp,DETERMINISTIC_EMPIRICAL_ABM,watts_strogatz,0.15,49,0,empirical,0,500,0,0,0,0.0,5,0.0012380819626239,0.0003295956104831,0.0018152066289457,0.0,0.0,0,0
R_49_watts_strogatz_0.15_0_emp,DETERMINISTIC_EMPIRICAL_ABM,watts_strogatz,0.15,49,0,empirical,1,500,0,0,0,0.0,0,0.0012380819626239,0.0003295956104831,0.0018152066289457,0.0,0.0,0,0
R_49_watts_strogatz_0.15_0_emp,DETERMINISTIC_EMPIRICAL_ABM,watts_strogatz,0.15,49,0,empirical,2,500,0,0,0,0.0,0,0.0012380819626239,0.0003295956104831,0.0018152066289457,0.0,0.0,0,0
R_49_watts_strogatz_0.15_0_emp,DETERMINISTIC_EMPIRICAL_ABM,watts_strogatz,0.15,49,0,empirical,3,500,0,0,0,0.0,0,0.0012380819626239,0.0003295956104831,0.0018152066289457,0.0,0.0,0,0
R_49_watts_strogatz_0.15_0_emp,DETERMINISTIC_EMPIRICAL_ABM,watts_strogatz,0.15,49,0,empirical,4,500,0,0,0,0.0,0,0.0012380819626239,0.0003295956104831,0.0018152066289457,0.0,0.0,0,0
R_49_watts_strogatz_0.15_0_emp,DETERMINISTIC_EMPIRICAL_ABM,watts_strogatz,0.15,49,0,empirical,5,500,0,0,0,0.0,0,0.0012380819626239,0.0003295956104831,0.0018152066289457,0.0,0.0,0,0
R_49_watts_strogatz_0.15_0_emp,DETERMINISTIC_EMPIRICAL_ABM,watts_strogatz,0.15,49,0,empirical,6,500,0,0,0,0.0,0,0.0012380819626239,0.0003295956104831,0.0018152066289457,0.0,0.0,0,0
R_49_watts_strogatz_0.15_0_emp,DETERMINISTIC_EMPIRICAL_ABM,watts_strogatz,0.15,49,0,empirical,7,500,0,0,0,0.0,0,0.0012380819626239,0.0003295956104831,0.0018152066289457,0.0,0.0,0,0
R_49_watts_strogatz_0.15_0_emp,DETERMINISTIC_EMPIRICAL_ABM,watts_strogatz,0.15,49,0,empirical,8,500,0,0,0,0.0,0,0.0012380819626239,0.0003295956104831,0.0018152066289457,0.0,0.0,0,0
R_49_watts_strogatz_0.15_0_emp,DETERMINISTIC_EMPIRICAL_ABM,watts_strogatz,0.15,49,0,empirical,9,500,0,0,0,0.0,0,0.0012380819626239,0.0003295956104831,0.0018152066289457,0.0,0.0,0,0
R_49_watts_strogatz_0.15_0_emp,DETERMINISTIC_EMPIRICAL_ABM,watts_strogatz,0.15,49,0,empirical,10,500,0,0,0,0.0,0,0.0012380819626239,0.0003295956104831,0.0018152066289457,0.0,0.0,0,0
R_49_watts_strogatz_0.15_0_emp,DETERMINISTIC_EMPIRICAL_ABM,watts_strogatz,0.15,49,0,empirical,11,500,0,0,0,0.0,0,0.0012380819626239,0.0003295956104831,0.0018152066289457,0.0,0.0,0,0
R_49_watts_strogatz_0.15_0_emp,DETERMINISTIC_EMPIRICAL_ABM,watts_strogatz,0.15,49,0,empirical,12,500,0,0,0,0.0,0,0.0012380819626239,0.0003295956104831,0.0018152066289457,0.0,0.0,0,0
R_49_watts_strogatz_0.15_0_emp,DETERMINISTIC_EMPIRICAL_ABM,watts_strogatz,0.15,49,0,empirical,13,500,0,0,0,0.0,0,0.0012380819626239,0.0003295956104831,0.0018152066289457,0.0,0.0,0,0
R_49_watts_strogatz_0.15_0_emp,DETERMINISTIC_EMPIRICAL_ABM,watts_strogatz,0.15,49,0,empirical,14,500,0,0,0,0.0,0,0.0012380819626239,0.0003295956104831,0.0018152066289457,0.0,0.0,0,0
R_49_watts_strogatz_0.15_0_emp,DETERMINISTIC_EMPIRICAL_ABM,watts_strogatz,0.15,49,0,empirical,15,500,0,0,0,0.0,0,0.0012380819626239,0.0003295956104831,0.0018152066289457,0.0,0.0,0,0
R_49_watts_strogatz_0.15_0_emp,DETERMINISTIC_EMPIRICAL_ABM,watts_strogatz,0.15,49,0,empirical,16,500,0,0,0,0.0,0,0.0012380819626239,0.0003295956104831,0.0018152066289457,0.0,0.0,0,0
R_49_watts_strogatz_0.15_0_emp,DETERMINISTIC_EMPIRICAL_ABM,watts_strogatz,0.15,49,0,empirical,17,500,0,0,0,0.0,0,0.0012380819626239,0.0003295956104831,0.0018152066289457,0.0,0.0,0,0
R_49_watts_strogatz_0.15_0_emp,DETERMINISTIC_EMPIRICAL_ABM,watts_strogatz,0.15,49,0,empirical,18,500,0,0,0,0.0,0,0.0012380819626239,0.0003295956104831,0.0018152066289457,0.0,0.0,0,0
R_49_watts_strogatz_0.15_0_emp,DETERMINISTIC_EMPIRICAL_ABM,watts_strogatz,0.15,49,0,empirical,19,500,0,0,0,0.0,0,0.0012380819626239,0.0003295956104831,0.0018152066289457,0.0,0.0,0,0
R_49_watts_strogatz_0.15_0_emp,DETERMINISTIC_EMPIRICAL_ABM,watts_strogatz,0.15,49,0,empirical,20,500,0,0,0,0.0,0,0.0012380819626239,0.0003295956104831,0.0018152066289457,0.0,0.0,0,0
R_49_watts_strogatz_0.15_0_emp,DETERMINISTIC_EMPIRICAL_ABM,watts_strogatz,0.15,49,0,empirical,21,500,0,0,0,0.0,0,0.0012380819626239,0.0003295956104831,0.0018152066289457,0.0,0.0,0,0
R_49_watts_strogatz_0.15_0_emp,DETERMINISTIC_EMPIRICAL_ABM,watts_strogatz,0.15,49,0,empirical,22,500,0,0,0,0.0,0,0.0012380819626239,0.0003295956104831,0.0018152066289457,0.0,0.0,0,0
R_49_watts_strogatz_0.15_0_emp,DETERMINISTIC_EMPIRICAL_ABM,watts_strogatz,0.15,49,0,empirical,23,500,0,0,0,0.0,0,0.0012380819626239,0.0003295956104831,0.0018152066289457,0.0,0.0,0,0
R_49_watts_strogatz_0.15_0_emp,DETERMINISTIC_EMPIRICAL_ABM,watts_strogatz,0.15,49,0,empirical,24,500,0,0,0,0.0,0,0.0012380819626239,0.0003295956104831,0.0018152066289457,0.0,0.0,0,0
R_49_watts_strogatz_0.3_0_const,DETERMINISTIC_EMPIRICAL_ABM,watts_strogatz,0.3,49,0,constant,0,500,0,0,0,0.0,5,0.0012380819626239,0.0012380819626239,0.0012380819626239,0.0,0.0,0,0
R_49_watts_strogatz_0.3_0_const,DETERMINISTIC_EMPIRICAL_ABM,watts_strogatz,0.3,49,0,constant,1,500,0,0,0,0.0,0,0.0012380819626239,0.0012380819626239,0.0012380819626239,0.0,0.0,0,0
R_49_watts_strogatz_0.3_0_const,DETERMINISTIC_EMPIRICAL_ABM,watts_strogatz,0.3,49,0,constant,2,500,0,0,0,0.0,0,0.0012380819626239,0.0012380819626239,0.0012380819626239,0.0,0.0,0,0
R_49_watts_strogatz_0.3_0_const,DETERMINISTIC_EMPIRICAL_ABM,watts_strogatz,0.3,49,0,constant,3,500,0,0,0,0.0,0,0.0012380819626239,0.0012380819626239,0.0012380819626239,0.0,0.0,0,0
R_49_watts_strogatz_0.3_0_const,DETERMINISTIC_EMPIRICAL_ABM,watts_strogatz,0.3,49,0,constant,4,500,0,0,0,0.0,0,0.0012380819626239,0.0012380819626239,0.0012380819626239,0.0,0.0,0,0
R_49_watts_strogatz_0.3_0_const,DETERMINISTIC_EMPIRICAL_ABM,watts_strogatz,0.3,49,0,constant,5,500,0,0,0,0.0,0,0.0012380819626239,0.0012380819626239,0.0012380819626239,0.0,0.0,0,0
R_49_watts_strogatz_0.3_0_const,DETERMINISTIC_EMPIRICAL_ABM,watts_strogatz,0.3,49,0,constant,6,500,0,0,0,0.0,0,0.0012380819626239,0.0012380819626239,0.0012380819626239,0.0,0.0,0,0
R_49_watts_strogatz_0.3_0_const,DETERMINISTIC_EMPIRICAL_ABM,watts_strogatz,0.3,49,0,constant,7,500,0,0,0,0.0,0,0.0012380819626239,0.0012380819626239,0.0012380819626239,0.0,0.0,0,0
R_49_watts_strogatz_0.3_0_const,DETERMINISTIC_EMPIRICAL_ABM,watts_strogatz,0.3,49,0,constant,8,500,0,0,0,0.0,0,0.0012380819626239,0.0012380819626239,0.0012380819626239,0.0,0.0,0,0
R_49_watts_strogatz_0.3_0_const,DETERMINISTIC_EMPIRICAL_ABM,watts_strogatz,0.3,49,0,constant,9,500,0,0,0,0.0,0,0.0012380819626239,0.0012380819626239,0.0012380819626239,0.0,0.0,0,0
R_49_watts_strogatz_0.3_0_const,DETERMINISTIC_EMPIRICAL_ABM,watts_strogatz,0.3,49,0,constant,10,500,0,0,0,0.0,0,0.0012380819626239,0.0012380819626239,0.0012380819626239,0.0,0.0,0,0
R_49_watts_strogatz_0.3_0_const,DETERMINISTIC_EMPIRICAL_ABM,watts_strogatz,0.3,49,0,constant,11,500,0,0,0,0.0,0,0.0012380819626239,0.0012380819626239,0.0012380819626239,0.0,0.0,0,0
R_49_watts_strogatz_0.3_0_const,DETERMINISTIC_EMPIRICAL_ABM,watts_strogatz,0.3,49,0,constant,12,500,0,0,0,0.0,0,0.0012380819626239,0.0012380819626239,0.0012380819626239,0.0,0.0,0,0
R_49_watts_strogatz_0.3_0_const,DETERMINISTIC_EMPIRICAL_ABM,watts_strogatz,0.3,49,0,constant,13,500,0,0,0,0.0,0,0.0012380819626239,0.0012380819626239,0.0012380819626239,0.0,0.0,0,0
R_49_watts_strogatz_0.3_0_const,DETERMINISTIC_EMPIRICAL_ABM,watts_strogatz,0.3,49,0,constant,14,500,0,0,0,0.0,0,0.0012380819626239,0.0012380819626239,0.0012380819626239,0.0,0.0,0,0
R_49_watts_strogatz_0.3_0_const,DETERMINISTIC_EMPIRICAL_ABM,watts_strogatz,0.3,49,0,constant,15,500,0,0,0,0.0,0,0.0012380819626239,0.0012380819626239,0.0012380819626239,0.0,0.0,0,0
R_49_watts_strogatz_0.3_0_const,DETERMINISTIC_EMPIRICAL_ABM,watts_strogatz,0.3,49,0,constant,16,500,0,0,0,0.0,0,0.0012380819626239,0.0012380819626239,0.0012380819626239,0.0,0.0,0,0
R_49_watts_strogatz_0.3_0_const,DETERMINISTIC_EMPIRICAL_ABM,watts_strogatz,0.3,49,0,constant,17,500,0,0,0,0.0,0,0.0012380819626239,0.0012380819626239,0.0012380819626239,0.0,0.0,0,0
R_49_watts_strogatz_0.3_0_const,DETERMINISTIC_EMPIRICAL_ABM,watts_strogatz,0.3,49,0,constant,18,500,0,0,0,0.0,0,0.0012380819626239,0.0012380819626239,0.0012380819626239,0.0,0.0,0,0
R_49_watts_strogatz_0.3_0_const,DETERMINISTIC_EMPIRICAL_ABM,watts_strogatz,0.3,49,0,constant,19,500,0,0,0,0.0,0,0.0012380819626239,0.0012380819626239,0.0012380819626239,0.0,0.0,0,0
R_49_watts_strogatz_0.3_0_const,DETERMINISTIC_EMPIRICAL_ABM,watts_strogatz,0.3,49,0,constant,20,500,0,0,0,0.0,0,0.0012380819626239,0.0012380819626239,0.0012380819626239,0.0,0.0,0,0
R_49_watts_strogatz_0.3_0_const,DETERMINISTIC_EMPIRICAL_ABM,watts_strogatz,0.3,49,0,constant,21,500,0,0,0,0.0,0,0.0012380819626239,0.0012380819626239,0.0012380819626239,0.0,0.0,0,0
R_49_watts_strogatz_0.3_0_const,DETERMINISTIC_EMPIRICAL_ABM,watts_strogatz,0.3,49,0,constant,22,500,0,0,0,0.0,0,0.0012380819626239,0.0012380819626239,0.0012380819626239,0.0,0.0,0,0
R_49_watts_strogatz_0.3_0_const,DETERMINISTIC_EMPIRICAL_ABM,watts_strogatz,0.3,49,0,constant,23,500,0,0,0,0.0,0,0.0012380819626239,0.0012380819626239,0.0012380819626239,0.0,0.0,0,0
R_49_watts_strogatz_0.3_0_const,DETERMINISTIC_EMPIRICAL_ABM,watts_strogatz,0.3,49,0,constant,24,500,0,0,0,0.0,0,0.0012380819626239,0.0012380819626239,0.0012380819626239,0.0,0.0,0,0
R_49_watts_strogatz_0.3_0_emp,DETERMINISTIC_EMPIRICAL_ABM,watts_strogatz,0.3,49,0,empirical,0,500,0,0,0,0.0,5,0.0012380819626239,0.0003295956104831,0.0018152066289457,0.0,0.0,0,0
R_49_watts_strogatz_0.3_0_emp,DETERMINISTIC_EMPIRICAL_ABM,watts_strogatz,0.3,49,0,empirical,1,500,0,0,0,0.0,0,0.0012380819626239,0.0003295956104831,0.0018152066289457,0.0,0.0,0,0
R_49_watts_strogatz_0.3_0_emp,DETERMINISTIC_EMPIRICAL_ABM,watts_strogatz,0.3,49,0,empirical,2,500,0,0,0,0.0,0,0.0012380819626239,0.0003295956104831,0.0018152066289457,0.0,0.0,0,0
R_49_watts_strogatz_0.3_0_emp,DETERMINISTIC_EMPIRICAL_ABM,watts_strogatz,0.3,49,0,empirical,3,500,0,0,0,0.0,0,0.0012380819626239,0.0003295956104831,0.0018152066289457,0.0,0.0,0,0
R_49_watts_strogatz_0.3_0_emp,DETERMINISTIC_EMPIRICAL_ABM,watts_strogatz,0.3,49,0,empirical,4,500,0,0,0,0.0,0,0.0012380819626239,0.0003295956104831,0.0018152066289457,0.0,0.0,0,0
R_49_watts_strogatz_0.3_0_emp,DETERMINISTIC_EMPIRICAL_ABM,watts_strogatz,0.3,49,0,empirical,5,500,0,0,0,0.0,0,0.0012380819626239,0.0003295956104831,0.0018152066289457,0.0,0.0,0,0
R_49_watts_strogatz_0.3_0_emp,DETERMINISTIC_EMPIRICAL_ABM,watts_strogatz,0.3,49,0,empirical,6,500,0,0,0,0.0,0,0.0012380819626239,0.0003295956104831,0.0018152066289457,0.0,0.0,0,0
R_49_watts_strogatz_0.3_0_emp,DETERMINISTIC_EMPIRICAL_ABM,watts_strogatz,0.3,49,0,empirical,7,500,0,0,0,0.0,0,0.0012380819626239,0.0003295956104831,0.0018152066289457,0.0,0.0,0,0
R_49_watts_strogatz_0.3_0_emp,DETERMINISTIC_EMPIRICAL_ABM,watts_strogatz,0.3,49,0,empirical,8,500,0,0,0,0.0,0,0.0012380819626239,0.0003295956104831,0.0018152066289457,0.0,0.0,0,0
R_49_watts_strogatz_0.3_0_emp,DETERMINISTIC_EMPIRICAL_ABM,watts_strogatz,0.3,49,0,empirical,9,500,0,0,0,0.0,0,0.0012380819626239,0.0003295956104831,0.0018152066289457,0.0,0.0,0,0
R_49_watts_strogatz_0.3_0_emp,DETERMINISTIC_EMPIRICAL_ABM,watts_strogatz,0.3,49,0,empirical,10,500,0,0,0,0.0,0,0.0012380819626239,0.0003295956104831,0.0018152066289457,0.0,0.0,0,0
R_49_watts_strogatz_0.3_0_emp,DETERMINISTIC_EMPIRICAL_ABM,watts_strogatz,0.3,49,0,empirical,11,500,0,0,0,0.0,0,0.0012380819626239,0.0003295956104831,0.0018152066289457,0.0,0.0,0,0
R_49_watts_strogatz_0.3_0_emp,DETERMINISTIC_EMPIRICAL_ABM,watts_strogatz,0.3,49,0,empirical,12,500,0,0,0,0.0,0,0.0012380819626239,0.0003295956104831,0.0018152066289457,0.0,0.0,0,0
R_49_watts_strogatz_0.3_0_emp,DETERMINISTIC_EMPIRICAL_ABM,watts_strogatz,0.3,49,0,empirical,13,500,0,0,0,0.0,0,0.0012380819626239,0.0003295956104831,0.0018152066289457,0.0,0.0,0,0
R_49_watts_strogatz_0.3_0_emp,DETERMINISTIC_EMPIRICAL_ABM,watts_strogatz,0.3,49,0,empirical,14,500,0,0,0,0.0,0,0.0012380819626239,0.0003295956104831,0.0018152066289457,0.0,0.0,0,0
R_49_watts_strogatz_0.3_0_emp,DETERMINISTIC_EMPIRICAL_ABM,watts_strogatz,0.3,49,0,empirical,15,500,0,0,0,0.0,0,0.0012380819626239,0.0003295956104831,0.0018152066289457,0.0,0.0,0,0
R_49_watts_strogatz_0.3_0_emp,DETERMINISTIC_EMPIRICAL_ABM,watts_strogatz,0.3,49,0,empirical,16,500,0,0,0,0.0,0,0.0012380819626239,0.0003295956104831,0.0018152066289457,0.0,0.0,0,0
R_49_watts_strogatz_0.3_0_emp,DETERMINISTIC_EMPIRICAL_ABM,watts_strogatz,0.3,49,0,empirical,17,500,0,0,0,0.0,0,0.0012380819626239,0.0003295956104831,0.0018152066289457,0.0,0.0,0,0
R_49_watts_strogatz_0.3_0_emp,DETERMINISTIC_EMPIRICAL_ABM,watts_strogatz,0.3,49,0,empirical,18,500,0,0,0,0.0,0,0.0012380819626239,0.0003295956104831,0.0018152066289457,0.0,0.0,0,0
R_49_watts_strogatz_0.3_0_emp,DETERMINISTIC_EMPIRICAL_ABM,watts_strogatz,0.3,49,0,empirical,19,500,0,0,0,0.0,0,0.0012380819626239,0.0003295956104831,0.0018152066289457,0.0,0.0,0,0
R_49_watts_strogatz_0.3_0_emp,DETERMINISTIC_EMPIRICAL_ABM,watts_strogatz,0.3,49,0,empirical,20,500,0,0,0,0.0,0,0.0012380819626239,0.0003295956104831,0.0018152066289457,0.0,0.0,0,0
R_49_watts_strogatz_0.3_0_emp,DETERMINISTIC_EMPIRICAL_ABM,watts_strogatz,0.3,49,0,empirical,21,500,0,0,0,0.0,0,0.0012380819626239,0.0003295956104831,0.0018152066289457,0.0,0.0,0,0
R_49_watts_strogatz_0.3_0_emp,DETERMINISTIC_EMPIRICAL_ABM,watts_strogatz,0.3,49,0,empirical,22,500,0,0,0,0.0,0,0.0012380819626239,0.0003295956104831,0.0018152066289457,0.0,0.0,0,0
R_49_watts_strogatz_0.3_0_emp,DETERMINISTIC_EMPIRICAL_ABM,watts_strogatz,0.3,49,0,empirical,23,500,0,0,0,0.0,0,0.0012380819626239,0.0003295956104831,0.0018152066289457,0.0,0.0,0,0
R_49_watts_strogatz_0.3_0_emp,DETERMINISTIC_EMPIRICAL_ABM,watts_strogatz,0.3,49,0,empirical,24,500,0,0,0,0.0,0,0.0012380819626239,0.0003295956104831,0.0018152066289457,0.0,0.0,0,0
R_50_watts_strogatz_0.05_0_const,DETERMINISTIC_EMPIRICAL_ABM,watts_strogatz,0.05,50,0,constant,0,500,0,0,0,0.0,5,0.0012380819626239,0.0012380819626239,0.0012380819626239,0.0,0.0,0,0
R_50_watts_strogatz_0.05_0_const,DETERMINISTIC_EMPIRICAL_ABM,watts_strogatz,0.05,50,0,constant,1,500,0,0,0,0.0,0,0.0012380819626239,0.0012380819626239,0.0012380819626239,0.0,0.0,0,0
R_50_watts_strogatz_0.05_0_const,DETERMINISTIC_EMPIRICAL_ABM,watts_strogatz,0.05,50,0,constant,2,500,0,0,0,0.0,0,0.0012380819626239,0.0012380819626239,0.0012380819626239,0.0,0.0,0,0
R_50_watts_strogatz_0.05_0_const,DETERMINISTIC_EMPIRICAL_ABM,watts_strogatz,0.05,50,0,constant,3,500,0,0,0,0.0,0,0.0012380819626239,0.0012380819626239,0.0012380819626239,0.0,0.0,0,0
R_50_watts_strogatz_0.05_0_const,DETERMINISTIC_EMPIRICAL_ABM,watts_strogatz,0.05,50,0,constant,4,500,0,0,0,0.0,0,0.0012380819626239,0.0012380819626239,0.0012380819626239,0.0,0.0,0,0
R_50_watts_strogatz_0.05_0_const,DETERMINISTIC_EMPIRICAL_ABM,watts_strogatz,0.05,50,0,constant,5,500,0,0,0,0.0,0,0.0012380819626239,0.0012380819626239,0.0012380819626239,0.0,0.0,0,0
R_50_watts_strogatz_0.05_0_const,DETERMINISTIC_EMPIRICAL_ABM,watts_strogatz,0.05,50,0,constant,6,500,0,0,0,0.0,0,0.0012380819626239,0.0012380819626239,0.0012380819626239,0.0,0.0,0,0
R_50_watts_strogatz_0.05_0_const,DETERMINISTIC_EMPIRICAL_ABM,watts_strogatz,0.05,50,0,constant,7,500,0,0,0,0.0,0,0.0012380819626239,0.0012380819626239,0.0012380819626239,0.0,0.0,0,0
R_50_watts_strogatz_0.05_0_const,DETERMINISTIC_EMPIRICAL_ABM,watts_strogatz,0.05,50,0,constant,8,500,0,0,0,0.0,0,0.0012380819626239,0.0012380819626239,0.0012380819626239,0.0,0.0,0,0
R_50_watts_strogatz_0.05_0_const,DETERMINISTIC_EMPIRICAL_ABM,watts_strogatz,0.05,50,0,constant,9,500,0,0,0,0.0,0,0.0012380819626239,0.0012380819626239,0.0012380819626239,0.0,0.0,0,0
R_50_watts_strogatz_0.05_0_const,DETERMINISTIC_EMPIRICAL_ABM,watts_strogatz,0.05,50,0,constant,10,500,0,0,0,0.0,0,0.0012380819626239,0.0012380819626239,0.0012380819626239,0.0,0.0,0,0
R_50_watts_strogatz_0.05_0_const,DETERMINISTIC_EMPIRICAL_ABM,watts_strogatz,0.05,50,0,constant,11,500,0,0,0,0.0,0,0.0012380819626239,0.0012380819626239,0.0012380819626239,0.0,0.0,0,0
R_50_watts_strogatz_0.05_0_const,DETERMINISTIC_EMPIRICAL_ABM,watts_strogatz,0.05,50,0,constant,12,500,0,0,0,0.0,0,0.0012380819626239,0.0012380819626239,0.0012380819626239,0.0,0.0,0,0
R_50_watts_strogatz_0.05_0_const,DETERMINISTIC_EMPIRICAL_ABM,watts_strogatz,0.05,50,0,constant,13,500,0,0,0,0.0,0,0.0012380819626239,0.0012380819626239,0.0012380819626239,0.0,0.0,0,0
R_50_watts_strogatz_0.05_0_const,DETERMINISTIC_EMPIRICAL_ABM,watts_strogatz,0.05,50,0,constant,14,500,0,0,0,0.0,0,0.0012380819626239,0.0012380819626239,0.0012380819626239,0.0,0.0,0,0
R_50_watts_strogatz_0.05_0_const,DETERMINISTIC_EMPIRICAL_ABM,watts_strogatz,0.05,50,0,constant,15,500,0,0,0,0.0,0,0.0012380819626239,0.0012380819626239,0.0012380819626239,0.0,0.0,0,0
R_50_watts_strogatz_0.05_0_const,DETERMINISTIC_EMPIRICAL_ABM,watts_strogatz,0.05,50,0,constant,16,500,0,0,0,0.0,0,0.0012380819626239,0.0012380819626239,0.0012380819626239,0.0,0.0,0,0
R_50_watts_strogatz_0.05_0_const,DETERMINISTIC_EMPIRICAL_ABM,watts_strogatz,0.05,50,0,constant,17,500,0,0,0,0.0,0,0.0012380819626239,0.0012380819626239,0.0012380819626239,0.0,0.0,0,0
R_50_watts_strogatz_0.05_0_const,DETERMINISTIC_EMPIRICAL_ABM,watts_strogatz,0.05,50,0,constant,18,500,0,0,0,0.0,0,0.0012380819626239,0.0012380819626239,0.0012380819626239,0.0,0.0,0,0
R_50_watts_strogatz_0.05_0_const,DETERMINISTIC_EMPIRICAL_ABM,watts_strogatz,0.05,50,0,constant,19,500,0,0,0,0.0,0,0.0012380819626239,0.0012380819626239,0.0012380819626239,0.0,0.0,0,0
R_50_watts_strogatz_0.05_0_const,DETERMINISTIC_EMPIRICAL_ABM,watts_strogatz,0.05,50,0,constant,20,500,0,0,0,0.0,0,0.0012380819626239,0.0012380819626239,0.0012380819626239,0.0,0.0,0,0
R_50_watts_strogatz_0.05_0_const,DETERMINISTIC_EMPIRICAL_ABM,watts_strogatz,0.05,50,0,constant,21,500,0,0,0,0.0,0,0.0012380819626239,0.0012380819626239,0.0012380819626239,0.0,0.0,0,0
R_50_watts_strogatz_0.05_0_const,DETERMINISTIC_EMPIRICAL_ABM,watts_strogatz,0.05,50,0,constant,22,500,0,0,0,0.0,0,0.0012380819626239,0.0012380819626239,0.0012380819626239,0.0,0.0,0,0
R_50_watts_strogatz_0.05_0_const,DETERMINISTIC_EMPIRICAL_ABM,watts_strogatz,0.05,50,0,constant,23,500,0,0,0,0.0,0,0.0012380819626239,0.0012380819626239,0.0012380819626239,0.0,0.0,0,0
R_50_watts_strogatz_0.05_0_const,DETERMINISTIC_EMPIRICAL_ABM,watts_strogatz,0.05,50,0,constant,24,500,0,0,0,0.0,0,0.0012380819626239,0.0012380819626239,0.0012380819626239,0.0,0.0,0,0
R_50_watts_strogatz_0.15_0_const,DETERMINISTIC_EMPIRICAL_ABM,watts_strogatz,0.15,50,0,constant,0,500,0,0,0,0.0,5,0.0012380819626239,0.0012380819626239,0.0012380819626239,0.0,0.0,0,0
R_50_watts_strogatz_0.15_0_const,DETERMINISTIC_EMPIRICAL_ABM,watts_strogatz,0.15,50,0,constant,1,500,0,0,0,0.0,0,0.0012380819626239,0.0012380819626239,0.0012380819626239,0.0,0.0,0,0
R_50_watts_strogatz_0.15_0_const,DETERMINISTIC_EMPIRICAL_ABM,watts_strogatz,0.15,50,0,constant,2,500,0,0,0,0.0,0,0.0012380819626239,0.0012380819626239,0.0012380819626239,0.0,0.0,0,0
R_50_watts_strogatz_0.15_0_const,DETERMINISTIC_EMPIRICAL_ABM,watts_strogatz,0.15,50,0,constant,3,500,0,0,0,0.0,0,0.0012380819626239,0.0012380819626239,0.0012380819626239,0.0,0.0,0,0
R_50_watts_strogatz_0.15_0_const,DETERMINISTIC_EMPIRICAL_ABM,watts_strogatz,0.15,50,0,constant,4,500,0,0,0,0.0,0,0.0012380819626239,0.0012380819626239,0.0012380819626239,0.0,0.0,0,0
R_50_watts_strogatz_0.15_0_const,DETERMINISTIC_EMPIRICAL_ABM,watts_strogatz,0.15,50,0,constant,5,500,0,0,0,0.0,0,0.0012380819626239,0.0012380819626239,0.0012380819626239,0.0,0.0,0,0
R_50_watts_strogatz_0.15_0_const,DETERMINISTIC_EMPIRICAL_ABM,watts_strogatz,0.15,50,0,constant,6,500,0,0,0,0.0,0,0.0012380819626239,0.0012380819626239,0.0012380819626239,0.0,0.0,0,0
R_50_watts_strogatz_0.15_0_const,DETERMINISTIC_EMPIRICAL_ABM,watts_strogatz,0.15,50,0,constant,7,500,0,0,0,0.0,0,0.0012380819626239,0.0012380819626239,0.0012380819626239,0.0,0.0,0,0
R_50_watts_strogatz_0.15_0_const,DETERMINISTIC_EMPIRICAL_ABM,watts_strogatz,0.15,50,0,constant,8,500,0,0,0,0.0,0,0.0012380819626239,0.0012380819626239,0.0012380819626239,0.0,0.0,0,0
R_50_watts_strogatz_0.15_0_const,DETERMINISTIC_EMPIRICAL_ABM,watts_strogatz,0.15,50,0,constant,9,500,0,0,0,0.0,0,0.0012380819626239,0.0012380819626239,0.0012380819626239,0.0,0.0,0,0
R_50_watts_strogatz_0.15_0_const,DETERMINISTIC_EMPIRICAL_ABM,watts_strogatz,0.15,50,0,constant,10,500,0,0,0,0.0,0,0.0012380819626239,0.0012380819626239,0.0012380819626239,0.0,0.0,0,0
R_50_watts_strogatz_0.15_0_const,DETERMINISTIC_EMPIRICAL_ABM,watts_strogatz,0.15,50,0,constant,11,500,0,0,0,0.0,0,0.0012380819626239,0.0012380819626239,0.0012380819626239,0.0,0.0,0,0
R_50_watts_strogatz_0.15_0_const,DETERMINISTIC_EMPIRICAL_ABM,watts_strogatz,0.15,50,0,constant,12,500,0,0,0,0.0,0,0.0012380819626239,0.0012380819626239,0.0012380819626239,0.0,0.0,0,0
R_50_watts_strogatz_0.15_0_const,DETERMINISTIC_EMPIRICAL_ABM,watts_strogatz,0.15,50,0,constant,13,500,0,0,0,0.0,0,0.0012380819626239,0.0012380819626239,0.0012380819626239,0.0,0.0,0,0
R_50_watts_strogatz_0.15_0_const,DETERMINISTIC_EMPIRICAL_ABM,watts_strogatz,0.15,50,0,constant,14,500,0,0,0,0.0,0,0.0012380819626239,0.0012380819626239,0.0012380819626239,0.0,0.0,0,0
R_50_watts_strogatz_0.15_0_const,DETERMINISTIC_EMPIRICAL_ABM,watts_strogatz,0.15,50,0,constant,15,500,0,0,0,0.0,0,0.0012380819626239,0.0012380819626239,0.0012380819626239,0.0,0.0,0,0
R_50_watts_strogatz_0.15_0_const,DETERMINISTIC_EMPIRICAL_ABM,watts_strogatz,0.15,50,0,constant,16,500,0,0,0,0.0,0,0.0012380819626239,0.0012380819626239,0.0012380819626239,0.0,0.0,0,0
R_50_watts_strogatz_0.15_0_const,DETERMINISTIC_EMPIRICAL_ABM,watts_strogatz,0.15,50,0,constant,17,500,0,0,0,0.0,0,0.0012380819626239,0.0012380819626239,0.0012380819626239,0.0,0.0,0,0
R_50_watts_strogatz_0.15_0_const,DETERMINISTIC_EMPIRICAL_ABM,watts_strogatz,0.15,50,0,constant,18,500,0,0,0,0.0,0,0.0012380819626239,0.0012380819626239,0.0012380819626239,0.0,0.0,0,0
R_50_watts_strogatz_0.15_0_const,DETERMINISTIC_EMPIRICAL_ABM,watts_strogatz,0.15,50,0,constant,19,500,0,0,0,0.0,0,0.0012380819626239,0.0012380819626239,0.0012380819626239,0.0,0.0,0,0
R_50_watts_strogatz_0.15_0_const,DETERMINISTIC_EMPIRICAL_ABM,watts_strogatz,0.15,50,0,constant,20,500,0,0,0,0.0,0,0.0012380819626239,0.0012380819626239,0.0012380819626239,0.0,0.0,0,0
R_50_watts_strogatz_0.15_0_const,DETERMINISTIC_EMPIRICAL_ABM,watts_strogatz,0.15,50,0,constant,21,500,0,0,0,0.0,0,0.0012380819626239,0.0012380819626239,0.0012380819626239,0.0,0.0,0,0
R_50_watts_strogatz_0.15_0_const,DETERMINISTIC_EMPIRICAL_ABM,watts_strogatz,0.15,50,0,constant,22,500,0,0,0,0.0,0,0.0012380819626239,0.0012380819626239,0.0012380819626239,0.0,0.0,0,0
R_50_watts_strogatz_0.15_0_const,DETERMINISTIC_EMPIRICAL_ABM,watts_strogatz,0.15,50,0,constant,23,500,0,0,0,0.0,0,0.0012380819626239,0.0012380819626239,0.0012380819626239,0.0,0.0,0,0
R_50_watts_strogatz_0.15_0_const,DETERMINISTIC_EMPIRICAL_ABM,watts_strogatz,0.15,50,0,constant,24,500,0,0,0,0.0,0,0.0012380819626239,0.0012380819626239,0.0012380819626239,0.0,0.0,0,0
