run_id,experiment_id,model_class_x,topology,beta,seed,subsidy,dynamic_policy_x,population_size,horizon,status,provider,calibration_artifact_sha256,config_sha256,summary_sha256,trajectory_sha256,model_class_y,dynamic_policy_y,final_adoption,initial_budget,total_expenditure,exhaustion_quarter,exhaustion_subsidy,exhaustion_adoption,target_reached,saturation_reached,total_llm_calls,total_cache_hits,total_cache_misses,expenditure_millions,policy_efficiency,emissions_efficiency,time_to_50,peak_velocity,tipping_occurred
R3_COG_3000.0_False_barabasi_albert_42,phase_4f_3,HYBRID_COGNITIVE_ABM,barabasi_albert,0.15,42,3000.0,False,500,24,COMPLETED,mock,0d5acf7ef798ebd814d6a6431f9b9f1da36789c0225120f4468d78c2e9f1d241,17dea25a0dcbb800394f6098371d924681c19144f1c45b4a9d37b60c6f91cb71,d92bf57c99f8c6f17aff5a9a2433436c34e27f466dfa43e7de1d21f294dc2f49,f53846e63b973747c23824522a28471d2ce57f1a89f75e8c33801f9d0f717238,HYBRID_COGNITIVE_ABM,False,479,1000000.0,1000000.0,5.0,0.0,479.0,True,True,1349,247,1102,1.0,479.0,1963.8999999999999,4,298,1
R3_COG_3000.0_False_barabasi_albert_43,phase_4f_3,HYBRID_COGNITIVE_ABM,barabasi_albert,0.15,43,3000.0,False,500,24,COMPLETED,mock,0d5acf7ef798ebd814d6a6431f9b9f1da36789c0225120f4468d78c2e9f1d241,1d852e5e04d63c6c0cd8442ab9c9ed37e737e049248dda01060a517bf2854172,20e50cfb91117d98b3508b852c7387148873f63b612d0714e5ad8f70062d0b97,6da9654dc21df7f0d074052a113891fbf21690873293192144ede998010ebbdf,HYBRID_COGNITIVE_ABM,False,500,1000000.0,1000000.0,9.0,0.0,500.0,True,True,3448,722,2726,1.0,500.0,2050.0,8,476,1
R3_COG_3000.0_False_barabasi_albert_44,phase_4f_3,HYBRID_COGNITIVE_ABM,barabasi_albert,0.15,44,3000.0,False,500,24,COMPLETED,mock,0d5acf7ef798ebd814d6a6431f9b9f1da36789c0225120f4468d78c2e9f1d241,2f294e55da0ebc4fc54d9ad469364f1fabc6603c80f2aa0e6a38464691f981ff,58d1c59c6b058cc83e45b077df818e128f1499c0e00dcdac55f70cd2b8b1909e,af7fe1d4c90a9c3682ce7cebcb4a48f3fb9041d01f95e245205ba946dea79ab4,HYBRID_COGNITIVE_ABM,False,496,1000000.0,1000000.0,4.0,0.0,496.0,True,True,999,214,785,1.0,496.0,2033.6,3,487,1
R3_COG_3000.0_False_barabasi_albert_45,phase_4f_3,HYBRID_COGNITIVE_ABM,barabasi_albert,0.15,45,3000.0,False,500,24,COMPLETED,mock,0d5acf7ef798ebd814d6a6431f9b9f1da36789c0225120f4468d78c2e9f1d241,8ba4665e5c68a5b2dc95bbf36b7a2b43cd3afc6e6fb146fd224df6f145688329,4ae5b98fc50fe099fc42e61bc3e56569257b2290427b10b718c1123cfc90a082,e34a43da6bff6023ed5311fd33ba03d67c9a0dfcf5a10954d0ca5801d18f5d92,HYBRID_COGNITIVE_ABM,False,480,1000000.0,1000000.0,5.0,0.0,480.0,True,True,1361,308,1053,1.0,480.0,1967.9999999999998,4,322,1
R3_COG_3000.0_False_barabasi_albert_46,phase_4f_3,HYBRID_COGNITIVE_ABM,barabasi_albert,0.15,46,3000.0,False,500,24,COMPLETED,mock,0d5acf7ef798ebd814d6a6431f9b9f1da36789c0225120f4468d78c2e9f1d241,4fd10b68e76d528b854db5b52580453f46f14b6973e5ebd9110ae03ffa4a6e2d,deef50f29b7461c6ef2d4b803fd33525dd72f9ab61960a2c2eda7bbfd47b6c7d,aaa900459494ed35ffc1f55c30d34be65ad441eb54114e5d0c650847c8c262d2,HYBRID_COGNITIVE_ABM,False,472,1000000.0,1000000.0,3.0,0.0,472.0,True,False,396,54,342,1.0,472.0,1935.1999999999998,2,320,1
R3_COG_3000.0_False_barabasi_albert_47,phase_4f_3,HYBRID_COGNITIVE_ABM,barabasi_albert,0.15,47,3000.0,False,500,24,COMPLETED,mock,0d5acf7ef798ebd814d6a6431f9b9f1da36789c0225120f4468d78c2e9f1d241,8a41229610e600e424924ef5095dd563ac01238aef9c5310503e92a74d4e2cba,cd25e50dd5e9c55b37270d2a0e2f74a77874df5bd92b8595d431037545e0f73d,2701d7b02f206702313b30e7c837386b5730b57b5d7d29a325bb2b514b55fd65,HYBRID_COGNITIVE_ABM,False,500,1000000.0,1000000.0,10.0,0.0,500.0,True,True,3843,780,3063,1.0,500.0,2050.0,9,384,1
R3_COG_3000.0_False_barabasi_albert_48,phase_4f_3,HYBRID_COGNITIVE_ABM,barabasi_albert,0.15,48,3000.0,False,500,24,COMPLETED,mock,0d5acf7ef798ebd814d6a6431f9b9f1da36789c0225120f4468d78c2e9f1d241,402b33c50ecf5cb0855c2a304dfbf1e022c16b9af25baaf9e8f9521eac2f7e98,79aeb6d11fe453315d7717b90ae6cae2c6181d33cf577d673542e419e890bdd6,462787e7df60437e2c8fcb4ee14d2efad9eba3d35c837e8611bd1cf2f96d0121,HYBRID_COGNITIVE_ABM,False,431,1000000.0,1000000.0,3.0,0.0,431.0,True,False,626,101,525,1.0,431.0,1767.1,2,422,1
R3_COG_3000.0_False_barabasi_albert_49,phase_4f_3,HYBRID_COGNITIVE_ABM,barabasi_albert,0.15,49,3000.0,False,500,24,COMPLETED,mock,0d5acf7ef798ebd814d6a6431f9b9f1da36789c0225120f4468d78c2e9f1d241,866b493bdecd2e87ea4506297164e1d4dd65d2ece89ee843393b847ceb34a846,9375cb7442816be11b0902880dfc8c81da3b0270fb8f37aeb98fdb7aabf586fd,08a16092bb4fd35806c00f8853a5f81c09b32d6f861b70a9b0b879be3799b338,HYBRID_COGNITIVE_ABM,False,494,1000000.0,1000000.0,3.0,0.0,494.0,True,True,386,49,337,1.0,494.0,2025.3999999999999,2,371,1
R3_COG_3000.0_False_barabasi_albert_50,phase_4f_3,HYBRID_COGNITIVE_ABM,barabasi_albert,0.15,50,3000.0,False,500,24,COMPLETED,mock,0d5acf7ef798ebd814d6a6431f9b9f1da36789c0225120f4468d78c2e9f1d241,cabe6539ec4aa2302023fa5ea1462b587999901cdae0a61ceaef4baa7729c3a7,138e6d3432cc2c4b26279bf4583c058feab84138f4b85b42670d3edf98e1c2c6,a1051a60c19a935df1a31e6735e0ea72709de9ff402eb0c8f3ee38a8ada9556b,HYBRID_COGNITIVE_ABM,False,500,1000000.0,1000000.0,10.0,0.0,500.0,True,True,3815,819,2996,1.0,500.0,2050.0,9,352,1
R3_COG_3000.0_False_barabasi_albert_51,phase_4f_3,HYBRID_COGNITIVE_ABM,barabasi_albert,0.15,51,3000.0,False,500,24,COMPLETED,mock,0d5acf7ef798ebd814d6a6431f9b9f1da36789c0225120f4468d78c2e9f1d241,0402c23e03ca2cfd033aa6d1bcbe0ab47bacad01bf329a71bdc0fb688a8c3529,3c5ff933dc270adf1ffb01256af6438b41ab65c571662e2a6fc2dcc769bd5a07,4c9c9a8e63c4f92f3693a27000033b63774ed9befe521593d2a53ea2a79a052f,HYBRID_COGNITIVE_ABM,False,500,1000000.0,1000000.0,9.0,0.0,500.0,True,True,3455,736,2719,1.0,500.0,2050.0,8,486,1
R3_COG_3000.0_False_watts_strogatz_42,phase_4f_3,HYBRID_COGNITIVE_ABM,watts_strogatz,0.15,42,3000.0,False,500,24,COMPLETED,mock,0d5acf7ef798ebd814d6a6431f9b9f1da36789c0225120f4468d78c2e9f1d241,5bfc67b3f9ca88aa74da5f9f4fd1216e2329d57818e1bb67637ea7e991cdd4b2,c318a41c3f4014df2d424677eb1c47cf7fc2874fdf670480fd807b2b9cfd1ba4,3f3cf9491c346cc346e79b93cf3893dc6000ac98ce9bd2e3e9eefb23b26d11ca,HYBRID_COGNITIVE_ABM,False,494,1000000.0,1000000.0,8.0,0.0,494.0,True,True,2949,895,2054,1.0,494.0,2025.3999999999999,7,452,1
R3_COG_3000.0_False_watts_strogatz_43,phase_4f_3,HYBRID_COGNITIVE_ABM,watts_strogatz,0.15,43,3000.0,False,500,24,COMPLETED,mock,0d5acf7ef798ebd814d6a6431f9b9f1da36789c0225120f4468d78c2e9f1d241,7ac982da6dfa145b2bd37b5d8696bfb792383097cd307377cfebbab5c60a5319,854d0654670d3599ddddc912834963259d57bfb91569b926734629f1936a5253,6f67fed5ee65aa4f6a839182b9e05f600fcd7f02f2d2e3fffd81d38452de02f4,HYBRID_COGNITIVE_ABM,False,406,1000000.0,1000000.0,11.0,0.0,406.0,True,False,3458,827,2631,1.0,406.0,1664.6,10,225,1
R3_COG_3000.0_False_watts_strogatz_44,phase_4f_3,HYBRID_COGNITIVE_ABM,watts_strogatz,0.15,44,3000.0,False,500,24,COMPLETED,mock,0d5acf7ef798ebd814d6a6431f9b9f1da36789c0225120f4468d78c2e9f1d241,f2ccaa617a080db4db968d2d2dcb924f7e7aa433b83680b1b77a15394f023413,c0eeaf99962006852c2ff0d241d31b82e60ab1b60111d2f808e17c270c06b7a7,d6e4df8f3ec1682f9a4b2ddfcb5efa049207737593202e4cf2e86a184b4540a0,HYBRID_COGNITIVE_ABM,False,472,1000000.0,1000000.0,6.0,0.0,472.0,True,False,2020,572,1448,1.0,472.0,1935.1999999999998,5,458,1
R3_COG_3000.0_False_watts_strogatz_45,phase_4f_3,HYBRID_COGNITIVE_ABM,watts_strogatz,0.15,45,3000.0,False,500,24,COMPLETED,mock,0d5acf7ef798ebd814d6a6431f9b9f1da36789c0225120f4468d78c2e9f1d241,5a37e375f9649eb9ad6a2f03d983bf3e1d939e024883493e88b3af4d1f8f2af9,d0619b32479dae5a2293de8befcda2e49e537a4ff9aae194443aa090ccb84586,31a17255dde6bc53426d847c11432709b16a200d387bef348025a36720f56dae,HYBRID_COGNITIVE_ABM,False,470,1000000.0,1000000.0,8.0,0.0,470.0,True,False,3006,838,2168,1.0,470.0,1926.9999999999998,7,427,1
R3_COG_3000.0_False_watts_strogatz_46,phase_4f_3,HYBRID_COGNITIVE_ABM,watts_strogatz,0.15,46,3000.0,False,500,24,COMPLETED,mock,0d5acf7ef798ebd814d6a6431f9b9f1da36789c0225120f4468d78c2e9f1d241,ddc7d3ec2f5eff5c87bd80d467745a22c2332fbe52c88bc18aaf20295559f747,d855e63402e2890fa61e70f22c1bd51502069cc605a3b0785ca421f6532357bf,31cfce04c55ad47bd91cb515d9d4c6ee08328edba16d91d0c6a1d4dcd46560d0,HYBRID_COGNITIVE_ABM,False,497,1000000.0,1000000.0,8.0,0.0,497.0,True,True,2941,946,1995,1.0,497.0,2037.6999999999998,7,454,1
R3_COG_3000.0_False_watts_strogatz_47,phase_4f_3,HYBRID_COGNITIVE_ABM,watts_strogatz,0.15,47,3000.0,False,500,24,COMPLETED,mock,0d5acf7ef798ebd814d6a6431f9b9f1da36789c0225120f4468d78c2e9f1d241,bfdc8a836aac9357636aa409ee1b1e4ba047121b007ee088a5bf1bdb588ce548,90b2aca67d52433b0488f5b0e4195799f04341c00465f03850ecdb12781d71d8,d4c55fe61c612e86afc61edd291ce39171d042dc146752c1f0ac3b3dec0c29ab,HYBRID_COGNITIVE_ABM,False,499,1000000.0,1000000.0,8.0,0.0,499.0,True,True,2935,876,2059,1.0,499.0,2045.8999999999999,7,456,1
R3_COG_3000.0_False_watts_strogatz_48,phase_4f_3,HYBRID_COGNITIVE_ABM,watts_strogatz,0.15,48,3000.0,False,500,24,COMPLETED,mock,0d5acf7ef798ebd814d6a6431f9b9f1da36789c0225120f4468d78c2e9f1d241,b7426b30fdd517f64f4cd61b1fe2b97e01e2d6cc8f74f962013680ac16a47a34,ee441ee560d422d3eab47443327c42df797dadc4fcb3e8ab5169524b7c395f96,abcb7ae1269438b6cfef6a2e854d9a7d0c58a338dfe80c9df20358990cd9dc24,HYBRID_COGNITIVE_ABM,False,495,1000000.0,1000000.0,8.0,0.0,495.0,True,True,2947,916,2031,1.0,495.0,2029.4999999999998,7,452,1
R3_COG_3000.0_False_watts_strogatz_49,phase_4f_3,HYBRID_COGNITIVE_ABM,watts_strogatz,0.15,49,3000.0,False,500,24,COMPLETED,mock,0d5acf7ef798ebd814d6a6431f9b9f1da36789c0225120f4468d78c2e9f1d241,632bf533771959cbcc8ff9a4d60b8409f9edb345e1ff23eb56bcf60c7f0b9a5a,dac63884cb81c8c0c30e644b4bbfbef8d8f449ac5bf995b87dc8c4a6a035421d,fd55797c81e87914b0caaa13b5e25d396b1bba0a6d419d1a66254d019baef6dc,HYBRID_COGNITIVE_ABM,False,486,1000000.0,1000000.0,8.0,0.0,486.0,True,True,2960,890,2070,1.0,486.0,1992.6,7,443,1
R3_COG_3000.0_False_watts_strogatz_50,phase_4f_3,HYBRID_COGNITIVE_ABM,watts_strogatz,0.15,50,3000.0,False,500,24,COMPLETED,mock,0d5acf7ef798ebd814d6a6431f9b9f1da36789c0225120f4468d78c2e9f1d241,cd202d01306af9017ba6e5af91643b56c5a68d73d4e37efb0067f10c1f03927b,4ecdcedbc1d70dbdbbd29efceb69c0974014efc416b327247ef15a4b2da6b261,5769f3e851ea4a00aa809a3c6c1992985ce83a3b6fca08f2fe2931d29905688c,HYBRID_COGNITIVE_ABM,False,432,1000000.0,1000000.0,8.0,0.0,432.0,True,False,3061,873,2188,1.0,432.0,1771.1999999999998,7,398,1
R3_COG_3000.0_False_watts_strogatz_51,phase_4f_3,HYBRID_COGNITIVE_ABM,watts_strogatz,0.15,51,3000.0,False,500,24,COMPLETED,mock,0d5acf7ef798ebd814d6a6431f9b9f1da36789c0225120f4468d78c2e9f1d241,b06f0ce89f3d35de11802280cd611c74666169a0c59221e42757b59f2992d3f4,2ae956fce611adfc57d05b680d2fbd11adf030b46f9c0b31fa67c4024fcb7b2a,0f4f388c91525098f605e7de4c43402585613508bdc1fb4e92e833391f9fea09,HYBRID_COGNITIVE_ABM,False,414,1000000.0,1000000.0,4.0,0.0,414.0,True,False,1151,274,877,1.0,414.0,1697.3999999999999,3,404,1
R3_DET_1000.0_False_barabasi_albert_42,phase_4f_3,DETERMINISTIC_EMPIRICAL_ABM,barabasi_albert,0.15,42,1000.0,False,500,24,COMPLETED,N/A,0d5acf7ef798ebd814d6a6431f9b9f1da36789c0225120f4468d78c2e9f1d241,33566dfb16c65fe83de9055bc3d3a2f157618c8b0e0d66b93313c8918af7fd68,a01ec06fb7db21db73582656865cfe78cdec9545fc43c943c1a39b5e05289955,980b3b742f91362f1861af09ad0b5b51c11bb8982ff6a72fb1ccf538dab5e0c7,DETERMINISTIC_EMPIRICAL_ABM,False,5,1000000.0,0.0,,,,False,False,9997,2060,7937,0.0,5000000000.0,20500000000.0,25,5,0
R3_DET_1000.0_False_barabasi_albert_43,phase_4f_3,DETERMINISTIC_EMPIRICAL_ABM,barabasi_albert,0.15,43,1000.0,False,500,24,COMPLETED,N/A,0d5acf7ef798ebd814d6a6431f9b9f1da36789c0225120f4468d78c2e9f1d241,9187820afe438695613fd4cedb204ffd400eafbca82fa41cfd0f904f10a79c1d,5787df1a097ab665e70ad52117644861b5f3fac271ea3dcd18dd3789bbf44472,8ec490d3ec3a1da248c20ca26b0fd9c5564ca7f0ee232fac4b23f32737fb4703,DETERMINISTIC_EMPIRICAL_ABM,False,5,1000000.0,0.0,,,,False,False,9988,2080,7908,0.0,5000000000.0,20500000000.0,25,5,0
R3_DET_1000.0_False_barabasi_albert_44,phase_4f_3,DETERMINISTIC_EMPIRICAL_ABM,barabasi_albert,0.15,44,1000.0,False,500,24,COMPLETED,N/A,0d5acf7ef798ebd814d6a6431f9b9f1da36789c0225120f4468d78c2e9f1d241,24de4a1d642e4fd03c5617d7465539b674ca4ad43528d6fce9a084b5d1680f35,83de9f202cd16b1c5835e0bf3599c35b2df6d0ba94bbd163e86ee90dae103446,5cce651f18ef5f12c90e4b4cd6058071aefd4645733cc741d400847ff0c45df7,DETERMINISTIC_EMPIRICAL_ABM,False,5,1000000.0,0.0,,,,False,False,9985,2221,7764,0.0,5000000000.0,20500000000.0,25,5,0
R3_DET_1000.0_False_barabasi_albert_45,phase_4f_3,DETERMINISTIC_EMPIRICAL_ABM,barabasi_albert,0.15,45,1000.0,False,500,24,COMPLETED,N/A,0d5acf7ef798ebd814d6a6431f9b9f1da36789c0225120f4468d78c2e9f1d241,0a19435f3fa7b4e32edb81a5dc0b541ae1d4b40aa4cbb5275c92cafff2f6a8ff,178be4fbcd904182a35ec0bd625c4be6df1ead432134386de09ecf442d8d4485,7e507b131839fd2a7b073a7855729b7e91f5686d7c52a0f8690fd2e52731ae46,DETERMINISTIC_EMPIRICAL_ABM,False,5,1000000.0,0.0,,,,False,False,9990,2542,7448,0.0,5000000000.0,20500000000.0,25,5,0
R3_DET_1000.0_False_barabasi_albert_46,phase_4f_3,DETERMINISTIC_EMPIRICAL_ABM,barabasi_albert,0.15,46,1000.0,False,500,24,COMPLETED,N/A,0d5acf7ef798ebd814d6a6431f9b9f1da36789c0225120f4468d78c2e9f1d241,ef7761e219b67be3bf9fa155e8fc07ad61a7cb5d157b0552a08d0804686c4061,eb5252b3007577098e6882c4dc711666c2461a5560bb1c6cd6e3692ec21a4e67,eef257d9397811ab932d704ae4435695e68b0b38126c829975a6b2af3ac4ea3e,DETERMINISTIC_EMPIRICAL_ABM,False,5,1000000.0,0.0,,,,False,False,10029,2182,7847,0.0,5000000000.0,20500000000.0,25,5,0
R3_DET_1000.0_False_barabasi_albert_47,phase_4f_3,DETERMINISTIC_EMPIRICAL_ABM,barabasi_albert,0.15,47,1000.0,False,500,24,COMPLETED,N/A,0d5acf7ef798ebd814d6a6431f9b9f1da36789c0225120f4468d78c2e9f1d241,61371e6b1ad56d8ffb25736db4f0c2d01b9ed3683e11641db62c366e6ee8b359,d90d0414cc13ff2b460edf79cd49c9860f46b1e6c289010feec0ee97e80c4bb7,856315bd18ae4b8575b73f72a4eb01ba8505e87b8f8db7956bea44d38ec4ab4e,DETERMINISTIC_EMPIRICAL_ABM,False,5,1000000.0,0.0,,,,False,False,10004,2040,7964,0.0,5000000000.0,20500000000.0,25,5,0
R3_DET_1000.0_False_barabasi_albert_48,phase_4f_3,DETERMINISTIC_EMPIRICAL_ABM,barabasi_albert,0.15,48,1000.0,False,500,24,COMPLETED,N/A,0d5acf7ef798ebd814d6a6431f9b9f1da36789c0225120f4468d78c2e9f1d241,295a33473a8f58e0972f637d1c22a9c9bd00e7cb1265cc5fbbb0b8634f9b371f,63b4975e1507e1420d00fed4c0703645ffc03364b309131be33202361acee94c,97699b8b652d3b84003544e4677eec3e43623331fa88e4350c1959670bdab148,DETERMINISTIC_EMPIRICAL_ABM,False,5,1000000.0,0.0,,,,False,False,9989,2060,7929,0.0,5000000000.0,20500000000.0,25,5,0
R3_DET_1000.0_False_barabasi_albert_49,phase_4f_3,DETERMINISTIC_EMPIRICAL_ABM,barabasi_albert,0.15,49,1000.0,False,500,24,COMPLETED,N/A,0d5acf7ef798ebd814d6a6431f9b9f1da36789c0225120f4468d78c2e9f1d241,cca924d2f8c27ad94ce7404d8f41770e4d62f03f13b82191ffdeef38e99979e2,a191c358bf9c707d46b923da803662ee0944af77ea9c5aa0070f1346319749c4,03a7ec4ff7413b3743b85ff8a713de9648ac7c97b190cf4860531102236f9c2e,DETERMINISTIC_EMPIRICAL_ABM,False,5,1000000.0,0.0,,,,False,False,9989,2160,7829,0.0,5000000000.0,20500000000.0,25,5,0
R3_DET_1000.0_False_barabasi_albert_50,phase_4f_3,DETERMINISTIC_EMPIRICAL_ABM,barabasi_albert,0.15,50,1000.0,False,500,24,COMPLETED,N/A,0d5acf7ef798ebd814d6a6431f9b9f1da36789c0225120f4468d78c2e9f1d241,50401173ef2835ecf63a86962a6b2eca410f21ad47084297043ebbbc79e31978,3ce1a7a13db4fd5954d7ad64465e613db3929d6c1c697197e1986ca508c04c62,c98f66f2aa58b93e67a299c97a737b042e46476432de7af6fd6c189ac13421f4,DETERMINISTIC_EMPIRICAL_ABM,False,5,1000000.0,0.0,,,,False,False,9991,2181,7810,0.0,5000000000.0,20500000000.0,25,5,0
R3_DET_1000.0_False_barabasi_albert_51,phase_4f_3,DETERMINISTIC_EMPIRICAL_ABM,barabasi_albert,0.15,51,1000.0,False,500,24,COMPLETED,N/A,0d5acf7ef798ebd814d6a6431f9b9f1da36789c0225120f4468d78c2e9f1d241,084a197467d412376cf3a83ef98e9498978eb87eac27420690c9f0fb25499f68,f2ff5cce4ea818cf52debe127e28abcf8a870d662c60ecbfe7ee2e039e1a973a,d7aedbc993d9d1fcc0bc37fffd7bd3dd1da8d5cd8717dd18151c0533efcbb2dc,DETERMINISTIC_EMPIRICAL_ABM,False,5,1000000.0,0.0,,,,False,False,9992,2141,7851,0.0,5000000000.0,20500000000.0,25,5,0
R3_DET_1000.0_False_watts_strogatz_42,phase_4f_3,DETERMINISTIC_EMPIRICAL_ABM,watts_strogatz,0.15,42,1000.0,False,500,24,COMPLETED,N/A,0d5acf7ef798ebd814d6a6431f9b9f1da36789c0225120f4468d78c2e9f1d241,6f8163641d8c0b8554f0a57c4defb8810cc2feb9544b5baeef30f7637e1dc05b,8f05a6f93a467733c14bca9add4d24d1d6f9082bd63f0e36e8f4109cf7a7a967,aae03bc9de4032ae4862130f677a50301dbd8feda63f41edef05d43693b580ec,DETERMINISTIC_EMPIRICAL_ABM,False,5,1000000.0,0.0,,,,False,False,9997,3082,6915,0.0,5000000000.0,20500000000.0,25,5,0
R3_DET_1000.0_False_watts_strogatz_43,phase_4f_3,DETERMINISTIC_EMPIRICAL_ABM,watts_strogatz,0.15,43,1000.0,False,500,24,COMPLETED,N/A,0d5acf7ef798ebd814d6a6431f9b9f1da36789c0225120f4468d78c2e9f1d241,47965ad046bc41b995c0a043aa5392e41f24a0a874393b70b62cb620d7b90ff9,43237c026f7cf98f169e412e909110c8e38ba7593f40ddaa725195acac900e68,fbdaa6688e9c7438c17382349eb24f3e704d14efb140d03ef28c7af641a4d814,DETERMINISTIC_EMPIRICAL_ABM,False,5,1000000.0,0.0,,,,False,False,9996,3022,6974,0.0,5000000000.0,20500000000.0,25,5,0
R3_DET_1000.0_False_watts_strogatz_44,phase_4f_3,DETERMINISTIC_EMPIRICAL_ABM,watts_strogatz,0.15,44,1000.0,False,500,24,COMPLETED,N/A,0d5acf7ef798ebd814d6a6431f9b9f1da36789c0225120f4468d78c2e9f1d241,f3e03fb14030ad06742252211a512767d88bfbe75e0ba4192bc8b0e6fbbef5a4,56c3b7a7fc20ec0bb1d7657e7750764fd1409b7aab4033ff1427125c58a85dda,6bbaffc07ae96db70ca416da1132274b73b397e67d801c1de24b37450349e926,DETERMINISTIC_EMPIRICAL_ABM,False,5,1000000.0,0.0,,,,False,False,9999,3043,6956,0.0,5000000000.0,20500000000.0,25,5,0
R3_DET_1000.0_False_watts_strogatz_45,phase_4f_3,DETERMINISTIC_EMPIRICAL_ABM,watts_strogatz,0.15,45,1000.0,False,500,24,COMPLETED,N/A,0d5acf7ef798ebd814d6a6431f9b9f1da36789c0225120f4468d78c2e9f1d241,5316f92f7ee1b9aea4d59460a2f32e350ef3cc9f8075041a6db2339ff93d3d5f,ba74777200cac54be9fac010c07ab8bd7a68cf4c48cfe4c78a9b1964de394ec3,ac2c4cabc63c6263d95d9abedf417250b9d2dc07626bb03c3ffd2f06525e48ee,DETERMINISTIC_EMPIRICAL_ABM,False,5,1000000.0,0.0,,,,False,False,9999,2921,7078,0.0,5000000000.0,20500000000.0,25,5,0
R3_DET_1000.0_False_watts_strogatz_46,phase_4f_3,DETERMINISTIC_EMPIRICAL_ABM,watts_strogatz,0.15,46,1000.0,False,500,24,COMPLETED,N/A,0d5acf7ef798ebd814d6a6431f9b9f1da36789c0225120f4468d78c2e9f1d241,5b79fe518a61f630eb76579540f41e9edd2b9984231357624e1e106ef48b06f1,b640554054e5f670accbf2070407d19b512f72b1e967a9b0a65f7dc5a23a4fb8,a22480f59fb4d75efccd996b036261b4a23f1578bde2c58ff149aa28b28b17f3,DETERMINISTIC_EMPIRICAL_ABM,False,5,1000000.0,0.0,,,,False,False,9993,3242,6751,0.0,5000000000.0,20500000000.0,25,5,0
R3_DET_1000.0_False_watts_strogatz_47,phase_4f_3,DETERMINISTIC_EMPIRICAL_ABM,watts_strogatz,0.15,47,1000.0,False,500,24,COMPLETED,N/A,0d5acf7ef798ebd814d6a6431f9b9f1da36789c0225120f4468d78c2e9f1d241,e5aa44cac98718175a2dc914436186c3e9df1fff6b03ec5f9c57dac9b7773702,58c85ead573f58eef68f822eab7b1a79fa3d51047a116b8d81bad9601451d5db,925c4ae9273d116851ee8c16d1b9a0e62abe464499a63fbf137c4635f052e1b1,DETERMINISTIC_EMPIRICAL_ABM,False,5,1000000.0,0.0,,,,False,False,9997,3042,6955,0.0,5000000000.0,20500000000.0,25,5,0
R3_DET_1000.0_False_watts_strogatz_48,phase_4f_3,DETERMINISTIC_EMPIRICAL_ABM,watts_strogatz,0.15,48,1000.0,False,500,24,COMPLETED,N/A,0d5acf7ef798ebd814d6a6431f9b9f1da36789c0225120f4468d78c2e9f1d241,b66b71f665b4b89c475bfe6fc01965b5d08620bb8b655a8568dc24ae11aadeba,c7a5d4e936f66767e873056530533aea45c842e1beb6a19b84f586f650b7457a,6a095dc5426b7f25d87fb00098b373537346d88158eb900ea68b259a708efe36,DETERMINISTIC_EMPIRICAL_ABM,False,5,1000000.0,0.0,,,,False,False,10001,3181,6820,0.0,5000000000.0,20500000000.0,25,5,0
R3_DET_1000.0_False_watts_strogatz_49,phase_4f_3,DETERMINISTIC_EMPIRICAL_ABM,watts_strogatz,0.15,49,1000.0,False,500,24,COMPLETED,N/A,0d5acf7ef798ebd814d6a6431f9b9f1da36789c0225120f4468d78c2e9f1d241,bda1a0ee2812a7685142919e0f2a2e2302ef3dc10ab158db731662f4c7cc973c,a2fd72889ea25118a99cbf66413c8f18bf26b80c496ae71d291739574a73a2c0,f2e6cbdc9d4b501bf4a177411a8b2b4a8103a0ad3127d7a9ae825260d17e269b,DETERMINISTIC_EMPIRICAL_ABM,False,5,1000000.0,0.0,,,,False,False,9996,3083,6913,0.0,5000000000.0,20500000000.0,25,5,0
R3_DET_1000.0_False_watts_strogatz_50,phase_4f_3,DETERMINISTIC_EMPIRICAL_ABM,watts_strogatz,0.15,50,1000.0,False,500,24,COMPLETED,N/A,0d5acf7ef798ebd814d6a6431f9b9f1da36789c0225120f4468d78c2e9f1d241,2bcf434ec23eda3a34a9813672b2ce17d06c8379acc461c2697a6dcc24ab2169,01763e572a7ad7219260612509b32014eef0a53dafde295be536f8073fe40696,e62f7f7084c927b9791e2f38d953c4a82e78fa434b0dce5ad21c61634e9ecf25,DETERMINISTIC_EMPIRICAL_ABM,False,5,1000000.0,0.0,,,,False,False,9996,2963,7033,0.0,5000000000.0,20500000000.0,25,5,0
R3_DET_1000.0_False_watts_strogatz_51,phase_4f_3,DETERMINISTIC_EMPIRICAL_ABM,watts_strogatz,0.15,51,1000.0,False,500,24,COMPLETED,N/A,0d5acf7ef798ebd814d6a6431f9b9f1da36789c0225120f4468d78c2e9f1d241,f3194c598b495828a2d607eb6793f3c06e7d7362911966011ff202708c218238,86d18f3b4f78a24d59d663a64ad0889fd2fc6926ac4a617100acf47343f01d13,2b87f1a6dc63301a0e27197e3c04a67ecd0eb37e571b3da53e2c8e9a07fcb9eb,DETERMINISTIC_EMPIRICAL_ABM,False,5,1000000.0,0.0,,,,False,False,9990,2822,7168,0.0,5000000000.0,20500000000.0,25,5,0
R3_DET_1000.0_True_barabasi_albert_42,phase_4f_3,DETERMINISTIC_EMPIRICAL_ABM,barabasi_albert,0.15,42,1000.0,True,500,24,COMPLETED,N/A,0d5acf7ef798ebd814d6a6431f9b9f1da36789c0225120f4468d78c2e9f1d241,48ab817980dc838c5bb707f0823df8fea5fadfa33f56bebae823d5daaa1ed8af,150e9055dfa315f06f6cadb9db44e05eb70fe6bad2edc430975bb623ba358e37,3451df23204c8129a2f2afc15934b8fe22b503b233672c605f9f09ab7fa20bdc,DETERMINISTIC_EMPIRICAL_ABM,True,500,1000000.0,1000000.0,17.0,0.0,500.0,True,True,6497,1337,5160,1.0,500.0,2050.0,16,484,1
R3_DET_1000.0_True_barabasi_albert_43,phase_4f_3,DETERMINISTIC_EMPIRICAL_ABM,barabasi_albert,0.15,43,1000.0,True,500,24,COMPLETED,N/A,0d5acf7ef798ebd814d6a6431f9b9f1da36789c0225120f4468d78c2e9f1d241,aa19373fa7a971f06f935d0d5f1ebd9120719541a210f958791972c1b830cedb,e2234a88397963d61765ac62b580ce234c65a43e39a6a226249f97d0c8fcda9f,134b178e80b72724da6fa9f011661be8997645cecbfd8c957c39c28dffa5737f,DETERMINISTIC_EMPIRICAL_ABM,True,500,1000000.0,1000000.0,17.0,0.0,500.0,True,True,6475,1349,5126,1.0,500.0,2050.0,16,476,1
R3_DET_1000.0_True_barabasi_albert_44,phase_4f_3,DETERMINISTIC_EMPIRICAL_ABM,barabasi_albert,0.15,44,1000.0,True,500,24,COMPLETED,N/A,0d5acf7ef798ebd814d6a6431f9b9f1da36789c0225120f4468d78c2e9f1d241,6c72fe94b9161434bc4ef33044ee72eadaf40264f40bffc21d058b7108ffc8a9,5f13b2cb3496a1194db606563a25b5ec9dd0a8f3facd3e2d2bb5e09d10fe0b5d,58fc7636df53cc6514dff981bbd95c72f98a30bf54bdcfb3d3ac6589a397bf77,DETERMINISTIC_EMPIRICAL_ABM,True,500,1000000.0,1000000.0,17.0,0.0,500.0,True,True,6475,1441,5034,1.0,500.0,2050.0,16,487,1
R3_DET_1000.0_True_barabasi_albert_45,phase_4f_3,DETERMINISTIC_EMPIRICAL_ABM,barabasi_albert,0.15,45,1000.0,True,500,24,COMPLETED,N/A,0d5acf7ef798ebd814d6a6431f9b9f1da36789c0225120f4468d78c2e9f1d241,b73f2c110f379517ae707eb2751e12e186054f20e792b080d50dd94b9453d324,9addaef1154122229fa9407a6176aa515975e888e68793f39047fdf4fbbd87b9,906c7ca8b05306c97a2530b1476a33770ea58bf99cb209e8b49512eedf762534,DETERMINISTIC_EMPIRICAL_ABM,True,500,1000000.0,1000000.0,18.0,0.0,500.0,True,True,6776,1706,5070,1.0,500.0,2050.0,17,291,1
R3_DET_1000.0_True_barabasi_albert_46,phase_4f_3,DETERMINISTIC_EMPIRICAL_ABM,barabasi_albert,0.15,46,1000.0,True,500,24,COMPLETED,N/A,0d5acf7ef798ebd814d6a6431f9b9f1da36789c0225120f4468d78c2e9f1d241,5b918d4634b01ea64fe1f74a7f5654c2a0237726d0643d548222f70f03d8db91,aec3fd70b291cf0319abe03a87f2ae01f10e8fe876d86eafeb161cae4e000686,15c5ebb5c3e2fe6bab6708a4d2963a04529c70c2b79941f53bb27d99c57f93b3,DETERMINISTIC_EMPIRICAL_ABM,True,500,1000000.0,1000000.0,18.0,0.0,500.0,True,True,6911,1464,5447,1.0,500.0,2050.0,17,346,1
R3_DET_1000.0_True_barabasi_albert_47,phase_4f_3,DETERMINISTIC_EMPIRICAL_ABM,barabasi_albert,0.15,47,1000.0,True,500,24,COMPLETED,N/A,0d5acf7ef798ebd814d6a6431f9b9f1da36789c0225120f4468d78c2e9f1d241,d1975cbf9fcf74d66b43025aaa245b550cdb3c72baefd254911c250953b6d8e7,64aeec8ce2c0bf773380c54ad84dc6298984f61f10611694204f4667dfc1d2f5,01a0a1f3357ca1a0a4e9f69ca9b62c0c136bf582316e163a00f5713d2dfebf28,DETERMINISTIC_EMPIRICAL_ABM,True,500,1000000.0,1000000.0,18.0,0.0,500.0,True,True,6761,1361,5400,1.0,500.0,2050.0,17,257,1
R3_DET_1000.0_True_barabasi_albert_48,phase_4f_3,DETERMINISTIC_EMPIRICAL_ABM,barabasi_albert,0.15,48,1000.0,True,500,24,COMPLETED,N/A,0d5acf7ef798ebd814d6a6431f9b9f1da36789c0225120f4468d78c2e9f1d241,352d92403d0388ba438623c51630f6f5913a24c434b0334eb584b27920c88856,fdeb4a5da7127465c6569fc5a3db9d1b576fad1c4cb3822b23bf9b6c30bdb288,fe4712834f2dfdf8a19f46bf247fa7c80ca22600d7bfd72872f152174c0ba536,DETERMINISTIC_EMPIRICAL_ABM,True,484,1000000.0,1000000.0,17.0,0.0,483.0,True,True,6554,1334,5220,1.0,484.0,1984.3999999999999,16,455,1
R3_DET_1000.0_True_barabasi_albert_49,phase_4f_3,DETERMINISTIC_EMPIRICAL_ABM,barabasi_albert,0.15,49,1000.0,True,500,24,COMPLETED,N/A,0d5acf7ef798ebd814d6a6431f9b9f1da36789c0225120f4468d78c2e9f1d241,902f65a3ffb3efcb4a0373a46a26e1847ea03f0b24b3daa180bc7d671db07bdb,dabde3b331cb62579ca54c9d5185db8bf851933903ceffa113925b1ab3627336,55a44478656435f1959f1d46a9a6613a8743c67e4abdf267d066798fa5e60289,DETERMINISTIC_EMPIRICAL_ABM,True,500,1000000.0,1000000.0,16.0,0.0,500.0,True,True,5999,1296,4703,1.0,500.0,2050.0,15,494,1
R3_DET_1000.0_True_barabasi_albert_50,phase_4f_3,DETERMINISTIC_EMPIRICAL_ABM,barabasi_albert,0.15,50,1000.0,True,500,24,COMPLETED,N/A,0d5acf7ef798ebd814d6a6431f9b9f1da36789c0225120f4468d78c2e9f1d241,b2ce8bb29b42341f5dfbd80645e92b6cb69a1cf77d07d979eb9fa754e293140f,8a421a12001b686545c048a12680ca020a14ee74db17b44958e4df4a27e97ce6,15506cd1ebe1a123aa1d6bd464a3b4ba771ac56ea8027cc3baa61d3d84bd8226,DETERMINISTIC_EMPIRICAL_ABM,True,500,1000000.0,1000000.0,18.0,0.0,500.0,True,True,6816,1469,5347,1.0,500.0,2050.0,17,323,1
R3_DET_1000.0_True_barabasi_albert_51,phase_4f_3,DETERMINISTIC_EMPIRICAL_ABM,barabasi_albert,0.15,51,1000.0,True,500,24,COMPLETED,N/A,0d5acf7ef798ebd814d6a6431f9b9f1da36789c0225120f4468d78c2e9f1d241,9120ea63c0fc0c617a8dc04ed458f421f76cb22ac41a5a5f9b53e5c598479da9,214d962897258b52424588ba2f3e3fdb1266955baa1b3ed7e2a3b7b8fd6253fe,9ddc107cec7d5c81e960c5834c49554feb915340697228daacbb1fb7cd6a8025,DETERMINISTIC_EMPIRICAL_ABM,True,500,1000000.0,1000000.0,17.0,0.0,500.0,True,True,6490,1390,5100,1.0,500.0,2050.0,16,486,1
R3_DET_1000.0_True_watts_strogatz_42,phase_4f_3,DETERMINISTIC_EMPIRICAL_ABM,watts_strogatz,0.15,42,1000.0,True,500,24,COMPLETED,N/A,0d5acf7ef798ebd814d6a6431f9b9f1da36789c0225120f4468d78c2e9f1d241,e3e7de40739701fac3a319972f8176ef93311408bf9ddbdcc77a32e6b21cc8ff,e0dc6d90980c421f262889844b7e1237135ddc8e0687ee7c129804fee306be03,05a91d8eeef7c2c9150381a9c878c280e1687739c854a9f0a8c9b45ab3a1a076,DETERMINISTIC_EMPIRICAL_ABM,True,494,1000000.0,1000000.0,16.0,0.0,494.0,True,True,5987,1832,4155,1.0,494.0,2025.3999999999999,15,452,1
R3_DET_1000.0_True_watts_strogatz_43,phase_4f_3,DETERMINISTIC_EMPIRICAL_ABM,watts_strogatz,0.15,43,1000.0,True,500,24,COMPLETED,N/A,0d5acf7ef798ebd814d6a6431f9b9f1da36789c0225120f4468d78c2e9f1d241,acb018f6b11f10b5126e275ce7231f637ca3468caef3c7426b5af696bb09c2dc,675b08c516b7dad52640f621bd1b36bd0d1ad5087b3ea1e6157cc82df155fef6,8ef73a497cfb4384ee7e15369cd7a391ecf2879cb38a0ca48110eb387672d94f,DETERMINISTIC_EMPIRICAL_ABM,True,494,1000000.0,1000000.0,16.0,0.0,494.0,True,True,5985,1792,4193,1.0,494.0,2025.3999999999999,15,451,1
R3_DET_1000.0_True_watts_strogatz_44,phase_4f_3,DETERMINISTIC_EMPIRICAL_ABM,watts_strogatz,0.15,44,1000.0,True,500,24,COMPLETED,N/A,0d5acf7ef798ebd814d6a6431f9b9f1da36789c0225120f4468d78c2e9f1d241,47cb2a8aaeeed2f76999f7446f317249731b6d3a71e6f3220253c4d9d5f0e389,26b2079efc702a02b36bb72e436de85e690a1a088edb2f92b235a48ca41a0193,22e23ffcb6fb6481c6c5926ed1d447a2f8a465921dac5c3a30b98b3b312c537f,DETERMINISTIC_EMPIRICAL_ABM,True,493,1000000.0,1000000.0,17.0,0.0,493.0,True,True,6002,1809,4193,1.0,493.0,2021.3,15,441,1
R3_DET_1000.0_True_watts_strogatz_45,phase_4f_3,DETERMINISTIC_EMPIRICAL_ABM,watts_strogatz,0.15,45,1000.0,True,500,24,COMPLETED,N/A,0d5acf7ef798ebd814d6a6431f9b9f1da36789c0225120f4468d78c2e9f1d241,654c87ba81177d956a9e057b8b91a71c2cd862de746ebe40e16acf935872bebe,e5aa687ab6f79a170cbcda2b85f53ba14252080262c458fd35ed1bdfe14440d5,40618992d22de8e6c76d797f656d3e083ea15e32f94f09518a9f8fc49ce6305d,DETERMINISTIC_EMPIRICAL_ABM,True,499,1000000.0,1000000.0,17.0,0.0,499.0,True,True,6005,1735,4270,1.0,499.0,2045.8999999999999,15,427,1
R3_DET_1000.0_True_watts_strogatz_46,phase_4f_3,DETERMINISTIC_EMPIRICAL_ABM,watts_strogatz,0.15,46,1000.0,True,500,24,COMPLETED,N/A,0d5acf7ef798ebd814d6a6431f9b9f1da36789c0225120f4468d78c2e9f1d241,d0f01cccfb9f726ff67ac33b83c45450cf4dbe0a08af891159276aefaa142983,beb4541e13036a712229a36214436756ae3b1e58546c0a9d2e8d81ce3f264381,94dc050cef79b7a74049a256b91c094fcb2175cf8c5f659c71242940249c154a,DETERMINISTIC_EMPIRICAL_ABM,True,497,1000000.0,1000000.0,16.0,0.0,497.0,True,True,5975,1926,4049,1.0,497.0,2037.6999999999998,15,454,1
R3_DET_1000.0_True_watts_strogatz_47,phase_4f_3,DETERMINISTIC_EMPIRICAL_ABM,watts_strogatz,0.15,47,1000.0,True,500,24,COMPLETED,N/A,0d5acf7ef798ebd814d6a6431f9b9f1da36789c0225120f4468d78c2e9f1d241,eb46a2198cb9830477d3907a7e80b13e4c82d62848b41ca37bf86685ae283b39,88b64346b8518c6c5edbc4d2169466bf4982b6ec8905b7b375085a86201b3eb6,dda843eb93e46870fd1d84acc30314a0aaa75f0f67c14f77fa15f8eb3b85c843,DETERMINISTIC_EMPIRICAL_ABM,True,499,1000000.0,1000000.0,16.0,0.0,499.0,True,True,5969,1805,4164,1.0,499.0,2045.8999999999999,15,456,1
R3_DET_1000.0_True_watts_strogatz_48,phase_4f_3,DETERMINISTIC_EMPIRICAL_ABM,watts_strogatz,0.15,48,1000.0,True,500,24,COMPLETED,N/A,0d5acf7ef798ebd814d6a6431f9b9f1da36789c0225120f4468d78c2e9f1d241,03ef349980c81a323427ced19ae92b0bd132d15d0a76acf6db3bc44c86e2b08f,0792e9751723c30e80f93d4427135c15f9fe1f6289c30520d7305c83ce580daf,a76b3214b4ba133a410cc8be2b098a9b7036454a64d85ac940292f83674ba853,DETERMINISTIC_EMPIRICAL_ABM,True,495,1000000.0,1000000.0,16.0,0.0,495.0,True,True,5987,1891,4096,1.0,495.0,2029.4999999999998,15,452,1
R3_DET_1000.0_True_watts_strogatz_49,phase_4f_3,DETERMINISTIC_EMPIRICAL_ABM,watts_strogatz,0.15,49,1000.0,True,500,24,COMPLETED,N/A,0d5acf7ef798ebd814d6a6431f9b9f1da36789c0225120f4468d78c2e9f1d241,f8aaab91a356027aadac73af388b468ef0ed0818f567576e7d5daa27827a8d21,4f8fa87b141a17ebfa26ce3499b303dfb8263535cb89158f3f5abe41e361934c,8dc2bd1844b3b8a2e7d38796a8b1fd544796a5d700f304fde5b067a9f5263860,DETERMINISTIC_EMPIRICAL_ABM,True,496,1000000.0,1000000.0,17.0,0.0,496.0,True,True,5991,1828,4163,1.0,496.0,2033.6,15,443,1
R3_DET_1000.0_True_watts_strogatz_50,phase_4f_3,DETERMINISTIC_EMPIRICAL_ABM,watts_strogatz,0.15,50,1000.0,True,500,24,COMPLETED,N/A,0d5acf7ef798ebd814d6a6431f9b9f1da36789c0225120f4468d78c2e9f1d241,8924a65deb2216cc9ab3a371746463d73ae9846492957f9eef0f343b5fa318ca,02d5fcd90f0b396cf5cc51b07e581cac59fcae5b8c6dc641b0d494d4c493a057,5c7cadff1aeeaf9ba76303147167830cc573393406f94c4ba34250cbd89b1ed3,DETERMINISTIC_EMPIRICAL_ABM,True,492,1000000.0,1000000.0,18.0,0.0,492.0,True,True,6068,1769,4299,1.0,492.0,2017.1999999999998,15,398,1
R3_DET_1000.0_True_watts_strogatz_51,phase_4f_3,DETERMINISTIC_EMPIRICAL_ABM,watts_strogatz,0.15,51,1000.0,True,500,24,COMPLETED,N/A,0d5acf7ef798ebd814d6a6431f9b9f1da36789c0225120f4468d78c2e9f1d241,2aa8a49660acf93d3ab7e46e19643aa96489cc40544714cb066b1f3648b3ebd4,09c0ae5fff75882e0e32ca5e06d47cae8fc4c52b37e3e7a6254c929955db689b,5060773dd1aaaa44b3fbe4d406d1513c3cc628adf80977ad2843492287b8e33c,DETERMINISTIC_EMPIRICAL_ABM,True,494,1000000.0,1000000.0,16.0,0.0,494.0,True,True,5985,1678,4307,1.0,494.0,2025.3999999999999,15,453,1
R3_DET_2000.0_False_barabasi_albert_42,phase_4f_3,DETERMINISTIC_EMPIRICAL_ABM,barabasi_albert,0.15,42,2000.0,False,500,24,COMPLETED,N/A,0d5acf7ef798ebd814d6a6431f9b9f1da36789c0225120f4468d78c2e9f1d241,05092291bb148a858728b9f239c4a92780e082485be91b07b3f7a9e6f1e7af8e,2bb478a0914648d42817c41d289d72e9860528b78a99a509f33cd8ea6bf61049,f7bf7e6ce0a52d3651f647589abb051b34172bc9b0123d7514d7a91d1856e423,DETERMINISTIC_EMPIRICAL_ABM,False,500,1000000.0,990000.0,,,,True,True,6924,1437,5487,0.99,505.0505050505051,2070.7070707070707,15,484,1
R3_DET_2000.0_False_barabasi_albert_43,phase_4f_3,DETERMINISTIC_EMPIRICAL_ABM,barabasi_albert,0.15,43,2000.0,False,500,24,COMPLETED,N/A,0d5acf7ef798ebd814d6a6431f9b9f1da36789c0225120f4468d78c2e9f1d241,41a818456e38f296103297f2bb047dfef79e8cdb5b4fa314ae398fb0fae734c4,b8d0eaae9e224bac4dbb883bb33ae02ff6223052494736a2ce78c112af875359,44ebbd83e63fffe186e698f46e1bdfb5157043498eae66d27e4fc5a5c534ca9c,DETERMINISTIC_EMPIRICAL_ABM,False,500,1000000.0,990000.0,,,,True,True,6913,1450,5463,0.99,505.0505050505051,2070.7070707070707,15,476,1
R3_DET_2000.0_False_barabasi_albert_44,phase_4f_3,DETERMINISTIC_EMPIRICAL_ABM,barabasi_albert,0.15,44,2000.0,False,500,24,COMPLETED,N/A,0d5acf7ef798ebd814d6a6431f9b9f1da36789c0225120f4468d78c2e9f1d241,c975dc92ed7fde7c3fdfa359176f9dee9f3bf723ea8824ab4ea37161c41ea72a,28c510c563b380b12e99f040f59688deb3bb2f943ad34d5d4ba684877303db43,663d8ff1a7d3abad945ea527919bbec608f59b8b5e0e1e8eb8a0cbb17b1d23ea,DETERMINISTIC_EMPIRICAL_ABM,False,500,1000000.0,990000.0,,,,True,True,6907,1546,5361,0.99,505.0505050505051,2070.7070707070707,15,487,1
R3_DET_2000.0_False_barabasi_albert_45,phase_4f_3,DETERMINISTIC_EMPIRICAL_ABM,barabasi_albert,0.15,45,2000.0,False,500,24,COMPLETED,N/A,0d5acf7ef798ebd814d6a6431f9b9f1da36789c0225120f4468d78c2e9f1d241,55c106b3c65131e5f3c066c1d561a63303e39b3f02be46ee5e9a02b014c064fa,208be9923683891fe785e85d66d9c250b06ba29f3f47757d3ceb42f7924ca56a,94b3d097eccb4fd789c2fe01a0dd5a6867d60e0bf2fc1cc4f4a81c21f955acdb,DETERMINISTIC_EMPIRICAL_ABM,False,500,1000000.0,990000.0,,,,True,True,7210,1829,5381,0.99,505.0505050505051,2070.7070707070707,16,291,1
R3_DET_2000.0_False_barabasi_albert_46,phase_4f_3,DETERMINISTIC_EMPIRICAL_ABM,barabasi_albert,0.15,46,2000.0,False,500,24,COMPLETED,N/A,0d5acf7ef798ebd814d6a6431f9b9f1da36789c0225120f4468d78c2e9f1d241,d695aa5ff18984430fb4f83335c98c86230b55f041d0845c93861b57909e9415,35d07a34d3007d06b3d4742c6dd14cb91c22208e32db3cac03ac4971f4601b17,7963bf5fd31fdf1421ac412d2358e2b5747cf96a3750bd90755e3ef6db9cca6b,DETERMINISTIC_EMPIRICAL_ABM,False,500,1000000.0,990000.0,,,,True,True,7276,1555,5721,0.99,505.0505050505051,2070.7070707070707,16,365,1
R3_DET_2000.0_False_barabasi_albert_47,phase_4f_3,DETERMINISTIC_EMPIRICAL_ABM,barabasi_albert,0.15,47,2000.0,False,500,24,COMPLETED,N/A,0d5acf7ef798ebd814d6a6431f9b9f1da36789c0225120f4468d78c2e9f1d241,2fff5c85cbe538c49f7469669b022916d7dc911b9bf9e69c418fb9c9d951b29f,531b03359cc8340e449b58855d589eaaa624f65f357aba4507780ff403488902,92166fc2cc82237e685ea1d0f8ac6b3f2e4c2b382f88ac81624836000684b764,DETERMINISTIC_EMPIRICAL_ABM,False,500,1000000.0,990000.0,,,,True,True,7308,1494,5814,0.99,505.0505050505051,2070.7070707070707,16,384,1
R3_DET_2000.0_False_barabasi_albert_48,phase_4f_3,DETERMINISTIC_EMPIRICAL_ABM,barabasi_albert,0.15,48,2000.0,False,500,24,COMPLETED,N/A,0d5acf7ef798ebd814d6a6431f9b9f1da36789c0225120f4468d78c2e9f1d241,eca5802bcaf76d646980098c5b49f211a6351488991e5cde283ac518b5855b58,796281847b98c30953c80aabbc10fc6776890ab911dbc545286cf868bbfba2e3,cae5a951374ad95517c1ef07ec58160f7b48cda682d192db756ef8c001ad41d0,DETERMINISTIC_EMPIRICAL_ABM,False,500,1000000.0,990000.0,,,,True,True,6955,1437,5518,0.99,505.0505050505051,2070.7070707070707,15,455,1
R3_DET_2000.0_False_barabasi_albert_49,phase_4f_3,DETERMINISTIC_EMPIRICAL_ABM,barabasi_albert,0.15,49,2000.0,False,500,24,COMPLETED,N/A,0d5acf7ef798ebd814d6a6431f9b9f1da36789c0225120f4468d78c2e9f1d241,99e302bfdbd4b40315cb262308e3ba870be41f651381e6365efa8439c124bd82,8eb2bc9017f6ad592495bee039c9736653684637191fccc086611b5a32476016,72f0fe0a41914b093d8295c1b47e6e74172b962eced25982d7f3d8745713f255,DETERMINISTIC_EMPIRICAL_ABM,False,500,1000000.0,990000.0,,,,True,True,6434,1403,5031,0.99,505.0505050505051,2070.7070707070707,14,494,1
R3_DET_2000.0_False_barabasi_albert_50,phase_4f_3,DETERMINISTIC_EMPIRICAL_ABM,barabasi_albert,0.15,50,2000.0,False,500,24,COMPLETED,N/A,0d5acf7ef798ebd814d6a6431f9b9f1da36789c0225120f4468d78c2e9f1d241,04de3ee1bd366fe20852071951929e4bec8fdcc813c8d6234f67f07426437cf8,3ae2ff87b436f30969cbce0d9225dfc5810e41c2f8d6a93ecedd908cacc612d9,b8688f61bea33981f648141754e25ae300c1a5c0cb9dfca9e260a44353101a4b,DETERMINISTIC_EMPIRICAL_ABM,False,500,1000000.0,990000.0,,,,True,True,7280,1582,5698,0.99,505.0505050505051,2070.7070707070707,16,352,1
R3_DET_2000.0_False_barabasi_albert_51,phase_4f_3,DETERMINISTIC_EMPIRICAL_ABM,barabasi_albert,0.15,51,2000.0,False,500,24,COMPLETED,N/A,0d5acf7ef798ebd814d6a6431f9b9f1da36789c0225120f4468d78c2e9f1d241,1ef20dd25b32f9edd7278d29dd47bdd33489c31f1a0088aace00d4e0897ddd88,0878bd220d2d86f123bbf1e19d24882a34584ecc5cb78434df495db8c0231b3c,7c81a264b979e908caaf6900aade71f37f8b4f1d64e27d17167d81f9021597f7,DETERMINISTIC_EMPIRICAL_ABM,False,500,1000000.0,990000.0,,,,True,True,6920,1485,5435,0.99,505.0505050505051,2070.7070707070707,15,486,1
R3_DET_2000.0_False_watts_strogatz_42,phase_4f_3,DETERMINISTIC_EMPIRICAL_ABM,watts_strogatz,0.15,42,2000.0,False,500,24,COMPLETED,N/A,0d5acf7ef798ebd814d6a6431f9b9f1da36789c0225120f4468d78c2e9f1d241,501709af432ad5ddbd42cc88373b96c55b6ef4bfff97716e5a2a507a7c803b28,1e0e93223151e1171baeffa6b7c21cd0fc54c9b4bb0f1621d86940c8c4d5eba0,f91096056dedda28c79d1c7addd1c37ea6286b342084e98a8e056cb909fd2269,DETERMINISTIC_EMPIRICAL_ABM,False,500,1000000.0,990000.0,,,,True,True,6405,1973,4432,0.99,505.0505050505051,2070.7070707070707,14,452,1
R3_DET_2000.0_False_watts_strogatz_43,phase_4f_3,DETERMINISTIC_EMPIRICAL_ABM,watts_strogatz,0.15,43,2000.0,False,500,24,COMPLETED,N/A,0d5acf7ef798ebd814d6a6431f9b9f1da36789c0225120f4468d78c2e9f1d241,cf28c4d01400c959169e47a4210c6374ffe82a9a5090aa32b10d5431344ab1e4,c75d248a78fdf537bfde42003426e79050af2f98a915d28e443dc4a4a45de7d6,2bf9958464d349bb8d1bc63bdb581e6061a8bf40d0b5f746eec18741088cb951,DETERMINISTIC_EMPIRICAL_ABM,False,500,1000000.0,990000.0,,,,True,True,6403,1925,4478,0.99,505.0505050505051,2070.7070707070707,14,451,1
R3_DET_2000.0_False_watts_strogatz_44,phase_4f_3,DETERMINISTIC_EMPIRICAL_ABM,watts_strogatz,0.15,44,2000.0,False,500,24,COMPLETED,N/A,0d5acf7ef798ebd814d6a6431f9b9f1da36789c0225120f4468d78c2e9f1d241,a6013955b74c574f27b6a60521df8a17f82d345fecd601b7fb08c8666fcb92ac,d5dd357d401ce0be16e48511ec2a9f9cf14b32d76c0aefb0df4d1e68d0663e77,71093cf9b502fc02faa208034e6d3de0c8734a80e94b3608f4447dce91ae00e8,DETERMINISTIC_EMPIRICAL_ABM,False,500,1000000.0,990000.0,,,,True,True,6427,1939,4488,0.99,505.0505050505051,2070.7070707070707,14,441,1
R3_DET_2000.0_False_watts_strogatz_45,phase_4f_3,DETERMINISTIC_EMPIRICAL_ABM,watts_strogatz,0.15,45,2000.0,False,500,24,COMPLETED,N/A,0d5acf7ef798ebd814d6a6431f9b9f1da36789c0225120f4468d78c2e9f1d241,f83c51bb6fe2acbbf50e4c954dfd1d6216e6ae493f7bc21dfdd57fa1f6c1d736,de71fb92936b1a6ea911cf9e4bb03981dccf6f56916ed4bb38c345cb9b5dee6a,e4d4b57e25f3f8d1d1fd35813c160b4eb1b0acf6966fcc6961d3fd67c68098e1,DETERMINISTIC_EMPIRICAL_ABM,False,500,1000000.0,990000.0,,,,True,True,6428,1860,4568,0.99,505.0505050505051,2070.7070707070707,14,427,1
R3_DET_2000.0_False_watts_strogatz_46,phase_4f_3,DETERMINISTIC_EMPIRICAL_ABM,watts_strogatz,0.15,46,2000.0,False,500,24,COMPLETED,N/A,0d5acf7ef798ebd814d6a6431f9b9f1da36789c0225120f4468d78c2e9f1d241,b99139c23ae690bec3f0ecce8fcefe14341743948e3424cc9b3585ba5bc7fdf1,e4676c4b98bc76dfebac3e27210470c4b7a14f66344269b4b3631ef9ab0d95db,6d624ac3e4726f0fc9b2bbbc417cbb28e8a3f2a4a50d77121835db136ede1d77,DETERMINISTIC_EMPIRICAL_ABM,False,500,1000000.0,990000.0,,,,True,True,6400,2080,4320,0.99,505.0505050505051,2070.7070707070707,14,454,1
R3_DET_2000.0_False_watts_strogatz_47,phase_4f_3,DETERMINISTIC_EMPIRICAL_ABM,watts_strogatz,0.15,47,2000.0,False,500,24,COMPLETED,N/A,0d5acf7ef798ebd814d6a6431f9b9f1da36789c0225120f4468d78c2e9f1d241,9c969716ce76cb4a1e9384e4f168124d88da65764470db3a242447cabe7b4b53,492d11e68fae486c122aa4159f4927fcc9670a743a2eebb627bd971aa661e328,cf56092495a45efb2f0c96f0478a1f3e601dc561ee188921779e0eac6f0500e2,DETERMINISTIC_EMPIRICAL_ABM,False,500,1000000.0,990000.0,,,,True,True,6398,1940,4458,0.99,505.0505050505051,2070.7070707070707,14,456,1
R3_DET_2000.0_False_watts_strogatz_48,phase_4f_3,DETERMINISTIC_EMPIRICAL_ABM,watts_strogatz,0.15,48,2000.0,False,500,24,COMPLETED,N/A,0d5acf7ef798ebd814d6a6431f9b9f1da36789c0225120f4468d78c2e9f1d241,1416b531f190e795536aa79105b198351984879bfc1da62bc206ceef1b523ca7,f6347cac36bbdae34c5a5f760b1b6008d6f7ff510e52b8987c640889965ca137,1c16a55629d5cfb10b59676ac7406a5d5fb1d9080d4ac02755f21607d3d28b43,DETERMINISTIC_EMPIRICAL_ABM,False,500,1000000.0,990000.0,,,,True,True,6402,2029,4373,0.99,505.0505050505051,2070.7070707070707,14,452,1
R3_DET_2000.0_False_watts_strogatz_49,phase_4f_3,DETERMINISTIC_EMPIRICAL_ABM,watts_strogatz,0.15,49,2000.0,False,500,24,COMPLETED,N/A,0d5acf7ef798ebd814d6a6431f9b9f1da36789c0225120f4468d78c2e9f1d241,9436da034ce2ca8a04a63b960888dc142e722826a3af985260c6f3fdaf69b3e8,49a38721387709ef11b2796e32b502658949bea9f87ef7cbd42f5c13cd160ff1,0a0c6246add1e690e07495f4562c995afef53145737e3c790eb036f7f5c1f052,DETERMINISTIC_EMPIRICAL_ABM,False,500,1000000.0,990000.0,,,,True,True,6419,1968,4451,0.99,505.0505050505051,2070.7070707070707,14,443,1
R3_DET_2000.0_False_watts_strogatz_50,phase_4f_3,DETERMINISTIC_EMPIRICAL_ABM,watts_strogatz,0.15,50,2000.0,False,500,24,COMPLETED,N/A,0d5acf7ef798ebd814d6a6431f9b9f1da36789c0225120f4468d78c2e9f1d241,805290c90f407d00fb92059db8b70038bdfdb5ee974a14b0bab4d12f672dbb0c,451992cd8803101891f943b92c31e5d0b7f3f011d8c9e3b6085536185a2b838c,91cfa5d39413e64ce6cc0fbbd011323b21eac60ce3542df3904fc69fb9ee031b,DETERMINISTIC_EMPIRICAL_ABM,False,500,1000000.0,990000.0,,,,True,True,6501,1907,4594,0.99,505.0505050505051,2070.7070707070707,14,398,1
R3_DET_2000.0_False_watts_strogatz_51,phase_4f_3,DETERMINISTIC_EMPIRICAL_ABM,watts_strogatz,0.15,51,2000.0,False,500,24,COMPLETED,N/A,0d5acf7ef798ebd814d6a6431f9b9f1da36789c0225120f4468d78c2e9f1d241,17644520684f8934f5a1699fc5dbdcb2f9fc4f3942afdf97e752e9ff9a001975,9ec0938228ed8b12954afe0f603c6c52fe0ddb437e404ad7ab16444f4ffa57eb,bbb9db223c25a9056cd0ee9f7ca96a1e8d9df0032caa6e5bf9fe4e23bc762f12,DETERMINISTIC_EMPIRICAL_ABM,False,500,1000000.0,990000.0,,,,True,True,6405,1808,4597,0.99,505.0505050505051,2070.7070707070707,14,453,1
R3_DET_2000.0_True_barabasi_albert_42,phase_4f_3,DETERMINISTIC_EMPIRICAL_ABM,barabasi_albert,0.15,42,2000.0,True,500,24,COMPLETED,N/A,0d5acf7ef798ebd814d6a6431f9b9f1da36789c0225120f4468d78c2e9f1d241,aea7b27cb353115e970ef9a54a4df131f6c54f86e2fc7b9a787d92353f7595f7,7249281fe404d4c419590ebc11566268564782d479525d14dd2ebc87c9e1ca4e,2625abcb3e01779f14dee7959d6ac6e83c83883cd451fee8ce5261dfa391158b,DETERMINISTIC_EMPIRICAL_ABM,True,500,1000000.0,1000000.0,10.0,0.0,500.0,True,True,3954,819,3135,1.0,500.0,2050.0,9,484,1
R3_DET_2000.0_True_barabasi_albert_43,phase_4f_3,DETERMINISTIC_EMPIRICAL_ABM,barabasi_albert,0.15,43,2000.0,True,500,24,COMPLETED,N/A,0d5acf7ef798ebd814d6a6431f9b9f1da36789c0225120f4468d78c2e9f1d241,516c68edfa204a8516c3abf5e9cb3845f1747a5d21a63037c9fe57722294b36f,85345fdd4fe1ad990d9cb4f8daed97a432400cc6f82a655a43e05ccffd0f31d6,5ab86fad14e46944d1a6a6eed70e5679b33719250aedc796ee1ab1b0b991243a,DETERMINISTIC_EMPIRICAL_ABM,True,500,1000000.0,1000000.0,10.0,0.0,500.0,True,True,3943,826,3117,1.0,500.0,2050.0,9,476,1
R3_DET_2000.0_True_barabasi_albert_44,phase_4f_3,DETERMINISTIC_EMPIRICAL_ABM,barabasi_albert,0.15,44,2000.0,True,500,24,COMPLETED,N/A,0d5acf7ef798ebd814d6a6431f9b9f1da36789c0225120f4468d78c2e9f1d241,513cae5c7e45e355a4cf91fafc3b5436bc3a89152799ca5559c0e4cd0c77786e,2e1c77add32953519cbf8a9dd9e8df3ed0783c287c876a569024f7e4201ef5e0,045257f3c8b5e4fa94aa1d95a54cadbc59dac4b1e7240a7139f9bda04fd41124,DETERMINISTIC_EMPIRICAL_ABM,True,500,1000000.0,1000000.0,10.0,0.0,500.0,True,True,3936,878,3058,1.0,500.0,2050.0,9,486,1
R3_DET_2000.0_True_barabasi_albert_45,phase_4f_3,DETERMINISTIC_EMPIRICAL_ABM,barabasi_albert,0.15,45,2000.0,True,500,24,COMPLETED,N/A,0d5acf7ef798ebd814d6a6431f9b9f1da36789c0225120f4468d78c2e9f1d241,8ce4b7ed097a73525ad3f4086a6f112f6409f34c223f2e08795c1f7fa5cfefab,766d0e182b2e8ee7dc03d8054f5bbc9687d7e473af80d362f76116ca636f64ec,7465f9224e418a6dd56d3d61f438e55c764f52bea27124ea2e4f11bca0fd26e7,DETERMINISTIC_EMPIRICAL_ABM,True,482,1000000.0,1000000.0,11.0,0.0,482.0,True,True,4259,1053,3206,1.0,482.0,1976.1999999999998,10,271,1
R3_DET_2000.0_True_barabasi_albert_46,phase_4f_3,DETERMINISTIC_EMPIRICAL_ABM,barabasi_albert,0.15,46,2000.0,True,500,24,COMPLETED,N/A,0d5acf7ef798ebd814d6a6431f9b9f1da36789c0225120f4468d78c2e9f1d241,97ca9d5ecbcd4c0bcc8151774f1010e5bf56c0d367bbc5db017c37fdb92db38d,77568843f1791c6409d8d5aae824a100e9b0564fe69be05a02f9fc81f3b34bb0,c6eaf778bed8e8c519ad074ec4f7027107124d673c1f495a782e8448911acf1f,DETERMINISTIC_EMPIRICAL_ABM,True,415,1000000.0,1000000.0,13.0,0.0,415.0,True,False,5114,1006,4108,1.0,415.0,1701.5,12,333,1
R3_DET_2000.0_True_barabasi_albert_47,phase_4f_3,DETERMINISTIC_EMPIRICAL_ABM,barabasi_albert,0.15,47,2000.0,True,500,24,COMPLETED,N/A,0d5acf7ef798ebd814d6a6431f9b9f1da36789c0225120f4468d78c2e9f1d241,f38db3e55b9ce2343a9a23d0534b909b45618833222064e6cb3f9463427a65f0,319132db4896064b49d13480063a4ddc6f80c29b5ed06427768ef5715a4427f5,ec30f9b9ec610c1f3da10cb794d3057cdc97cb949b33c8fe26780d5eb5a44a71,DETERMINISTIC_EMPIRICAL_ABM,True,500,1000000.0,1000000.0,11.0,0.0,500.0,True,True,4302,871,3431,1.0,500.0,2050.0,10,348,1
R3_DET_2000.0_True_barabasi_albert_48,phase_4f_3,DETERMINISTIC_EMPIRICAL_ABM,barabasi_albert,0.15,48,2000.0,True,500,24,COMPLETED,N/A,0d5acf7ef798ebd814d6a6431f9b9f1da36789c0225120f4468d78c2e9f1d241,78d8487c66d8053937f62019682a0f831af9318a6d6d5cff10c1a05822e351b7,1b720ddba88a0a1f74aaa95d9aec364ed0426ac622e509df68fc9356eb7f7da5,a3afa6f35264fb35252af850d447432bf13a00fd73d9aa73f0f81d9d3d30aeb7,DETERMINISTIC_EMPIRICAL_ABM,True,375,1000000.0,1000000.0,12.0,0.0,374.0,True,False,4889,924,3965,1.0,375.0,1537.5,11,316,1
R3_DET_2000.0_True_barabasi_albert_49,phase_4f_3,DETERMINISTIC_EMPIRICAL_ABM,barabasi_albert,0.15,49,2000.0,True,500,24,COMPLETED,N/A,0d5acf7ef798ebd814d6a6431f9b9f1da36789c0225120f4468d78c2e9f1d241,809cd754efc2b97fbb54f4ff5e08e5314e9cc1853ed82c2b887e748a5632d2b9,400c62193bd873fefdf4c6193ac99fa90d7e3c024de0b974ed1b8b282943add8,97e35e4065c5f57aeef7106c017b75a2d305ac5e33265622211003859a46cb48,DETERMINISTIC_EMPIRICAL_ABM,True,492,1000000.0,1000000.0,4.0,0.0,492.0,True,True,885,157,728,1.0,492.0,2017.1999999999998,3,371,1
R3_DET_2000.0_True_barabasi_albert_50,phase_4f_3,DETERMINISTIC_EMPIRICAL_ABM,barabasi_albert,0.15,50,2000.0,True,500,24,COMPLETED,N/A,0d5acf7ef798ebd814d6a6431f9b9f1da36789c0225120f4468d78c2e9f1d241,c72d86886614b916bacb959188a115ff22446c5ced197e6a228bde961a454f5e,3215aa69f11bb958db0acb799e3423a89020843d4601f13072c5def59d3b033f,f954fcb0eb7c31be92d7765dc480780ced655a0b1c0f5a039b1d2c72b60fc671,DETERMINISTIC_EMPIRICAL_ABM,True,500,1000000.0,1000000.0,11.0,0.0,500.0,True,True,4280,921,3359,1.0,500.0,2050.0,10,324,1
R3_DET_2000.0_True_barabasi_albert_51,phase_4f_3,DETERMINISTIC_EMPIRICAL_ABM,barabasi_albert,0.15,51,2000.0,True,500,24,COMPLETED,N/A,0d5acf7ef798ebd814d6a6431f9b9f1da36789c0225120f4468d78c2e9f1d241,1a5e5d5da8241245e85b9e5b06f95817ffc1d65767f22443e76869a4e6dc3b01,81b6b02e99cbfea7cad3830c210b9ea22375b06889c7e7c00e88bbfc0f0abdc3,edd8aaf605d5d0a49a4d86ea14b869fe274d38c50322e82181179be26efe163e,DETERMINISTIC_EMPIRICAL_ABM,True,500,1000000.0,1000000.0,10.0,0.0,500.0,True,True,3950,843,3107,1.0,500.0,2050.0,9,486,1
R3_DET_2000.0_True_watts_strogatz_42,phase_4f_3,DETERMINISTIC_EMPIRICAL_ABM,watts_strogatz,0.15,42,2000.0,True,500,24,COMPLETED,N/A,0d5acf7ef798ebd814d6a6431f9b9f1da36789c0225120f4468d78c2e9f1d241,7bf0815f072065f4a434ec58468094c02841a63739674e034cedfb84bcd1b963,a1caa5b8841eca97fd0fe2b8fbb01f4e48f1b37a277b7db83dbb88ffafdf79b3,6500f2aaf53e38d92bec871fbb9300e6d4080f43a7b9ca91a2099a86601310ec,DETERMINISTIC_EMPIRICAL_ABM,True,494,1000000.0,1000000.0,9.0,0.0,494.0,True,True,3444,1049,2395,1.0,494.0,2025.3999999999999,8,452,1
R3_DET_2000.0_True_watts_strogatz_43,phase_4f_3,DETERMINISTIC_EMPIRICAL_ABM,watts_strogatz,0.15,43,2000.0,True,500,24,COMPLETED,N/A,0d5acf7ef798ebd814d6a6431f9b9f1da36789c0225120f4468d78c2e9f1d241,5c406c677184f3670d852c547a231d327afed33d8c42fc907c58df2e21aff6e5,bb4d26561b068ac3eee3fe3e28a6563d281d69716b9c530675ca5f208f43c90f,dec93d80900e284fa630c6070a1b4dd3428948cf651ee246a4ef703263ceb8c7,DETERMINISTIC_EMPIRICAL_ABM,True,491,1000000.0,1000000.0,9.0,0.0,491.0,True,True,3446,1012,2434,1.0,491.0,2013.1,8,447,1
R3_DET_2000.0_True_watts_strogatz_44,phase_4f_3,DETERMINISTIC_EMPIRICAL_ABM,watts_strogatz,0.15,44,2000.0,True,500,24,COMPLETED,N/A,0d5acf7ef798ebd814d6a6431f9b9f1da36789c0225120f4468d78c2e9f1d241,082250cdec615b1ea57617561fc5c355cafb7d7b169c7005281d9a39ea67eae6,3d231dab0cee75223b50bca9a961db5fb3781affc5091f1a67d40d1f56fe2146,332b5d50d6bf0d5c4f04b9308cb928e6ef3034447c924fc94eef5ebc0343c8f7,DETERMINISTIC_EMPIRICAL_ABM,True,484,1000000.0,1000000.0,9.0,0.0,484.0,True,True,3461,1027,2434,1.0,484.0,1984.3999999999999,8,441,1
R3_DET_2000.0_True_watts_strogatz_45,phase_4f_3,DETERMINISTIC_EMPIRICAL_ABM,watts_strogatz,0.15,45,2000.0,True,500,24,COMPLETED,N/A,0d5acf7ef798ebd814d6a6431f9b9f1da36789c0225120f4468d78c2e9f1d241,4ffbf6644ba275556b56c5f79fe9ca9ec7bd24dd97d5074acc9bb7967585241a,1393440bba4799ad32cf895774612d6a34f22202f8078751ed174b1ef37ab8e3,ab2a70cc088465bc2104f493a5755f9971403a9c29acfb384c4b64a44ac4b508,DETERMINISTIC_EMPIRICAL_ABM,True,470,1000000.0,1000000.0,9.0,0.0,470.0,True,False,3501,984,2517,1.0,470.0,1926.9999999999998,8,427,1
R3_DET_2000.0_True_watts_strogatz_46,phase_4f_3,DETERMINISTIC_EMPIRICAL_ABM,watts_strogatz,0.15,46,2000.0,True,500,24,COMPLETED,N/A,0d5acf7ef798ebd814d6a6431f9b9f1da36789c0225120f4468d78c2e9f1d241,c2445b3b463cf6c687cd60f1563d2a06e7e14b2a300b82dfd8fc8e154f7ea1b6,7d35c5de1b9457e8d3cd7cf4c5af87d558d472332447906ce85947e6b40ae5d0,46aef055728f914687a1a3984ae7a9a8daddec2714567fd5a9e9015da1f8811c,DETERMINISTIC_EMPIRICAL_ABM,True,497,1000000.0,1000000.0,9.0,0.0,497.0,True,True,3436,1108,2328,1.0,497.0,2037.6999999999998,8,454,1
R3_DET_2000.0_True_watts_strogatz_47,phase_4f_3,DETERMINISTIC_EMPIRICAL_ABM,watts_strogatz,0.15,47,2000.0,True,500,24,COMPLETED,N/A,0d5acf7ef798ebd814d6a6431f9b9f1da36789c0225120f4468d78c2e9f1d241,40d88ec22e3933521e86b660a81a75ce03ede8c01e6c8026f7aa18ca9ecaf2f2,8d45aaf6760017765189ecec689217b2096a7804759e2d0f962fa34005aafd5a,1d84aa4b84cbb28e7b2027f0ea7dbbd8d508aa7e9f44d158ae87abdf41fcb0b6,DETERMINISTIC_EMPIRICAL_ABM,True,499,1000000.0,1000000.0,9.0,0.0,499.0,True,True,3430,1028,2402,1.0,499.0,2045.8999999999999,8,456,1
R3_DET_2000.0_True_watts_strogatz_48,phase_4f_3,DETERMINISTIC_EMPIRICAL_ABM,watts_strogatz,0.15,48,2000.0,True,500,24,COMPLETED,N/A,0d5acf7ef798ebd814d6a6431f9b9f1da36789c0225120f4468d78c2e9f1d241,9c4edbb7d44d6f50c4aa94f32427f4afab7962b374f4ab729debe058855d79a6,e7154d1991f86bc98f61c986d08a1c22c968422151d533b202d03fe33ae3e672,b22b956b86b8982ee65e5562cecc9ca5fc65d1a61c40ed33334cea773acb79ab,DETERMINISTIC_EMPIRICAL_ABM,True,495,1000000.0,1000000.0,9.0,0.0,495.0,True,True,3442,1075,2367,1.0,495.0,2029.4999999999998,8,452,1
R3_DET_2000.0_True_watts_strogatz_49,phase_4f_3,DETERMINISTIC_EMPIRICAL_ABM,watts_strogatz,0.15,49,2000.0,True,500,24,COMPLETED,N/A,0d5acf7ef798ebd814d6a6431f9b9f1da36789c0225120f4468d78c2e9f1d241,8653f41cd444af56d91dc3a52e89beb5f5161a640aa7857f500a2275475e5465,834ee080de9c4cd9218d4cf7c90c5d5546ec6f9063d232c5aed94b57ee52cb9a,2f628f620a75afa641a8335eab5bba0648b4038b2a2a68d266f1ba811ec98290,DETERMINISTIC_EMPIRICAL_ABM,True,486,1000000.0,1000000.0,9.0,0.0,486.0,True,True,3455,1044,2411,1.0,486.0,1992.6,8,443,1
R3_DET_2000.0_True_watts_strogatz_50,phase_4f_3,DETERMINISTIC_EMPIRICAL_ABM,watts_strogatz,0.15,50,2000.0,True,500,24,COMPLETED,N/A,0d5acf7ef798ebd814d6a6431f9b9f1da36789c0225120f4468d78c2e9f1d241,a70f2f15679a54c62e51c032641b1063ff0a4b39a397c5234fee9f9bfff82838,6e653c49995b4001f6274cd51eef908236a079eca6faf163b12597abc1a5bb5c,d18f8991da61d5bf65b02d65c960381ecf7c69ff8510330c4f3538fe99814d71,DETERMINISTIC_EMPIRICAL_ABM,True,432,1000000.0,1000000.0,9.0,0.0,432.0,True,False,3556,1021,2535,1.0,432.0,1771.1999999999998,8,398,1
R3_DET_2000.0_True_watts_strogatz_51,phase_4f_3,DETERMINISTIC_EMPIRICAL_ABM,watts_strogatz,0.15,51,2000.0,True,500,24,COMPLETED,N/A,0d5acf7ef798ebd814d6a6431f9b9f1da36789c0225120f4468d78c2e9f1d241,51e520971ee965a8241159875a15546df93ab93fea282d9e6abab37a9381ee43,20265818506f3a976166c85bb74346e206f6db41400a56d3fbc3f324cf3a3f3f,d3a8ab63966df2df517a50b688fb350a573495265066ce0e6212b3a1f119dd63,DETERMINISTIC_EMPIRICAL_ABM,True,395,1000000.0,1000000.0,10.0,0.0,395.0,True,False,4119,1116,3003,1.0,395.0,1619.5,9,388,1
R3_DET_3000.0_False_barabasi_albert_42,phase_4f_3,DETERMINISTIC_EMPIRICAL_ABM,barabasi_albert,0.15,42,3000.0,False,500,24,COMPLETED,N/A,0d5acf7ef798ebd814d6a6431f9b9f1da36789c0225120f4468d78c2e9f1d241,24a67b99fc5a0f481085e18c247074740d5761af95c1097eb99041b913ed9591,369ba8e31f35fbd9523193c9f23e991662e4615ae45755427ff4966c5392000c,e1b8b7be7421c096ffbf3c1107687d3ee16b65005c3b5080dc4fd687d665d9f8,DETERMINISTIC_EMPIRICAL_ABM,False,479,1000000.0,1000000.0,5.0,0.0,479.0,True,True,1349,247,1102,1.0,479.0,1963.8999999999999,4,298,1
R3_DET_3000.0_False_barabasi_albert_43,phase_4f_3,DETERMINISTIC_EMPIRICAL_ABM,barabasi_albert,0.15,43,3000.0,False,500,24,COMPLETED,N/A,0d5acf7ef798ebd814d6a6431f9b9f1da36789c0225120f4468d78c2e9f1d241,ab9015f6926a0c74ddf6b17f8c7904a9f26f56b3b5967249a7cc32ab8324b2bd,8d536b35858277dac352b9d5d1b4f3a148ab86d3f897f9ea871188258d7263fa,962f12b5ef69ef813270dd5db562bc8e10d7e211026e9c5e4d9df7290653006c,DETERMINISTIC_EMPIRICAL_ABM,False,500,1000000.0,1000000.0,9.0,0.0,500.0,True,True,3448,722,2726,1.0,500.0,2050.0,8,476,1
R3_DET_3000.0_False_barabasi_albert_44,phase_4f_3,DETERMINISTIC_EMPIRICAL_ABM,barabasi_albert,0.15,44,3000.0,False,500,24,COMPLETED,N/A,0d5acf7ef798ebd814d6a6431f9b9f1da36789c0225120f4468d78c2e9f1d241,56529d9b25f9ef5a71ba8d9ce582804f7aad2471ba6badc3b6380e20e46eb758,6d0d74cd1bd24bd1d735ed1cd8b8d23917574b47b672098f428e0b6db73b9503,e50c2c05c010e9ae1156db45c377d70345e75427d78da8f3473a5633542ae4bc,DETERMINISTIC_EMPIRICAL_ABM,False,496,1000000.0,1000000.0,4.0,0.0,496.0,True,True,999,214,785,1.0,496.0,2033.6,3,487,1
R3_DET_3000.0_False_barabasi_albert_45,phase_4f_3,DETERMINISTIC_EMPIRICAL_ABM,barabasi_albert,0.15,45,3000.0,False,500,24,COMPLETED,N/A,0d5acf7ef798ebd814d6a6431f9b9f1da36789c0225120f4468d78c2e9f1d241,859ed9d82fb9f85113e4f6fa6e2fae103b7cce4ccdac385b4c455454d2994264,cdf8c4994f88499de88c9ca05fa3a589c7a7a0142c3ddbc0dc8002470f1fc46a,07ac9c934e973a20d7387369ef52689d1cb0427dbb4d919ec802bb47ec409426,DETERMINISTIC_EMPIRICAL_ABM,False,480,1000000.0,1000000.0,5.0,0.0,480.0,True,True,1361,308,1053,1.0,480.0,1967.9999999999998,4,322,1
R3_DET_3000.0_False_barabasi_albert_46,phase_4f_3,DETERMINISTIC_EMPIRICAL_ABM,barabasi_albert,0.15,46,3000.0,False,500,24,COMPLETED,N/A,0d5acf7ef798ebd814d6a6431f9b9f1da36789c0225120f4468d78c2e9f1d241,3c78b4a9d94379f25314046280e943485c871919e94e2c0d3695f86a25741d97,8b1a094c277b8489b8fa57e88a4c0050702bbd00ceff8eed87d307619d253d69,093104907128afca31f0e3612fdb2336c46212cac9fe3a7856b7647500ff5a8a,DETERMINISTIC_EMPIRICAL_ABM,False,472,1000000.0,1000000.0,3.0,0.0,472.0,True,False,396,54,342,1.0,472.0,1935.1999999999998,2,320,1
R3_DET_3000.0_False_barabasi_albert_47,phase_4f_3,DETERMINISTIC_EMPIRICAL_ABM,barabasi_albert,0.15,47,3000.0,False,500,24,COMPLETED,N/A,0d5acf7ef798ebd814d6a6431f9b9f1da36789c0225120f4468d78c2e9f1d241,00fe3f2d454cd00a2e8ec75290589554deaf7ae5757b7d6e02c5e4379d8b0f41,492e84051be2cb7ce297c77dac4b67943c999a42325bec703202aa22380d0709,fdedd86bf9fbbce440427ed9f580628c5c23832b0c51037714a3b68380e7acb1,DETERMINISTIC_EMPIRICAL_ABM,False,500,1000000.0,1000000.0,10.0,0.0,500.0,True,True,3843,780,3063,1.0,500.0,2050.0,9,384,1
R3_DET_3000.0_False_barabasi_albert_48,phase_4f_3,DETERMINISTIC_EMPIRICAL_ABM,barabasi_albert,0.15,48,3000.0,False,500,24,COMPLETED,N/A,0d5acf7ef798ebd814d6a6431f9b9f1da36789c0225120f4468d78c2e9f1d241,f8c23007dcbac9f0a1265516edace8c817dd5dc343788a9d5982c431678ed847,9f47a2f8b892957cf9c998c268889f3cea79813bc089dadc494a877e04f937d6,4b156d593df7f7fa54be68a1d47a20096a4256178319f345fc0dfa4906bee51b,DETERMINISTIC_EMPIRICAL_ABM,False,431,1000000.0,1000000.0,3.0,0.0,431.0,True,False,626,101,525,1.0,431.0,1767.1,2,422,1
R3_DET_3000.0_False_barabasi_albert_49,phase_4f_3,DETERMINISTIC_EMPIRICAL_ABM,barabasi_albert,0.15,49,3000.0,False,500,24,COMPLETED,N/A,0d5acf7ef798ebd814d6a6431f9b9f1da36789c0225120f4468d78c2e9f1d241,8d9a3b908aea9496027446fd620455ff8b2cc0e7ef9bf77abef8a31e318ad371,ac015b204137cb718ce0ebed6d94506ff0f41a94e631aa758b4cca23ea68f22f,5fad5f89be5b3498f28b0290e22045df9c399460203535ede223d3989f6ec592,DETERMINISTIC_EMPIRICAL_ABM,False,494,1000000.0,1000000.0,3.0,0.0,494.0,True,True,386,49,337,1.0,494.0,2025.3999999999999,2,371,1
R3_DET_3000.0_False_barabasi_albert_50,phase_4f_3,DETERMINISTIC_EMPIRICAL_ABM,barabasi_albert,0.15,50,3000.0,False,500,24,COMPLETED,N/A,0d5acf7ef798ebd814d6a6431f9b9f1da36789c0225120f4468d78c2e9f1d241,5ed2dd8a2886734e05afdaf39207d3d8a407529fa38a5008322d58d0f1c3076c,41cebbf3c76058a905e88bab503e7c403d4ada40a6e95c74e39cd4e6beeaf38f,122ba78252552df0754f6fc57978861fdc0f468e03f2e4dcb710d56b6239f608,DETERMINISTIC_EMPIRICAL_ABM,False,500,1000000.0,1000000.0,10.0,0.0,500.0,True,True,3815,819,2996,1.0,500.0,2050.0,9,352,1
R3_DET_3000.0_False_barabasi_albert_51,phase_4f_3,DETERMINISTIC_EMPIRICAL_ABM,barabasi_albert,0.15,51,3000.0,False,500,24,COMPLETED,N/A,0d5acf7ef798ebd814d6a6431f9b9f1da36789c0225120f4468d78c2e9f1d241,f29a3299d77879a1b378e065c5a9c5e2c3f9fbc0d1e786cc15a7c29d6d7e0f33,1c52aca7f2481aed9bb84061e97ba956ebe8562d88d4b5f4786873e49d362744,2fac667b7c10a6a0d706e662e14d1ada81693e9c7e514064b634f88d203c5c0b,DETERMINISTIC_EMPIRICAL_ABM,False,500,1000000.0,1000000.0,9.0,0.0,500.0,True,True,3455,736,2719,1.0,500.0,2050.0,8,486,1
R3_DET_3000.0_False_watts_strogatz_42,phase_4f_3,DETERMINISTIC_EMPIRICAL_ABM,watts_strogatz,0.15,42,3000.0,False,500,24,COMPLETED,N/A,0d5acf7ef798ebd814d6a6431f9b9f1da36789c0225120f4468d78c2e9f1d241,ffa9821b3e423e48e3b5a8ff14cd755fcc87f1dbcd1b6c3373870ca8d0c03b8a,65aa46d78f602a0e100d5d7c87a3a7825b4ad88978e7f9a11402bc79f4fe4c14,1909a68ec36c4c6db5ee99ab10ffe120e65230fadb0d5ca0202379091274bea0,DETERMINISTIC_EMPIRICAL_ABM,False,494,1000000.0,1000000.0,8.0,0.0,494.0,True,True,2949,895,2054,1.0,494.0,2025.3999999999999,7,452,1
R3_DET_3000.0_False_watts_strogatz_43,phase_4f_3,DETERMINISTIC_EMPIRICAL_ABM,watts_strogatz,0.15,43,3000.0,False,500,24,COMPLETED,N/A,0d5acf7ef798ebd814d6a6431f9b9f1da36789c0225120f4468d78c2e9f1d241,e96d8d2eebd2e4ad7b1ff80efb64bd27d701ce5eb26ef402965d6ebecc475d01,36394e9a0e5ab08f449a0f14ea61db38665a9c2ee74bd567314729be487b599b,46ae86d24892cd3dac84518fc92e5a4ecbf9cf921f2c5390b6e352c75e002375,DETERMINISTIC_EMPIRICAL_ABM,False,406,1000000.0,1000000.0,11.0,0.0,406.0,True,False,3458,827,2631,1.0,406.0,1664.6,10,225,1
R3_DET_3000.0_False_watts_strogatz_44,phase_4f_3,DETERMINISTIC_EMPIRICAL_ABM,watts_strogatz,0.15,44,3000.0,False,500,24,COMPLETED,N/A,0d5acf7ef798ebd814d6a6431f9b9f1da36789c0225120f4468d78c2e9f1d241,ab2068e40f12d03b0f569304a7fddc53a9f0e3b80867c1f8438ce143a7d12c86,8a068f787fae55058242d0e7d79eab40c40f4476924578053b3c84debf81e8bf,5fb98dbc1490aa60c6a801622cea4db865edfe4b153e2a12d7c4456234a40002,DETERMINISTIC_EMPIRICAL_ABM,False,472,1000000.0,1000000.0,6.0,0.0,472.0,True,False,2020,572,1448,1.0,472.0,1935.1999999999998,5,458,1
R3_DET_3000.0_False_watts_strogatz_45,phase_4f_3,DETERMINISTIC_EMPIRICAL_ABM,watts_strogatz,0.15,45,3000.0,False,500,24,COMPLETED,N/A,0d5acf7ef798ebd814d6a6431f9b9f1da36789c0225120f4468d78c2e9f1d241,97d9c092d1ac86fb711c07bc16b836c8cbbe7b4c6d31992ffc7c39135d929199,731eb7e11e29aa7ced3db46c24fcbdd8bf799a4d3037829c56348208c9aee0ba,627cfbbb39e955049e566fb0c42e4fa0eaf308827bbdb78d55ae1d9384b16aeb,DETERMINISTIC_EMPIRICAL_ABM,False,470,1000000.0,1000000.0,8.0,0.0,470.0,True,False,3006,838,2168,1.0,470.0,1926.9999999999998,7,427,1
R3_DET_3000.0_False_watts_strogatz_46,phase_4f_3,DETERMINISTIC_EMPIRICAL_ABM,watts_strogatz,0.15,46,3000.0,False,500,24,COMPLETED,N/A,0d5acf7ef798ebd814d6a6431f9b9f1da36789c0225120f4468d78c2e9f1d241,53732ea0ae0c3fb5c2173a8ebe2b3f86f6856ec5102bb357cc7d8e1cec9825f4,85bed8df5827bc701f6601b1d6bf1ebb48bc4846851bf480ca843b3b1e5befd8,9d97ad0b9127dcfc8cc5091d570b83cc110d72ef97736aae90ec7f184b28c2e1,DETERMINISTIC_EMPIRICAL_ABM,False,497,1000000.0,1000000.0,8.0,0.0,497.0,True,True,2941,946,1995,1.0,497.0,2037.6999999999998,7,454,1
R3_DET_3000.0_False_watts_strogatz_47,phase_4f_3,DETERMINISTIC_EMPIRICAL_ABM,watts_strogatz,0.15,47,3000.0,False,500,24,COMPLETED,N/A,0d5acf7ef798ebd814d6a6431f9b9f1da36789c0225120f4468d78c2e9f1d241,a1f5280c6709077eb0c7a7c26a7bc79ccf2fca382787e34b046080da70c7271a,d2220bbbe4cd547d82f55ab1247e8cd42fa7a6b937a30523ba32ce7385dde190,8f21815fa99366e39cf24516612714bb30653167484c2cbf190d0be59101e6cd,DETERMINISTIC_EMPIRICAL_ABM,False,499,1000000.0,1000000.0,8.0,0.0,499.0,True,True,2935,876,2059,1.0,499.0,2045.8999999999999,7,456,1
R3_DET_3000.0_False_watts_strogatz_48,phase_4f_3,DETERMINISTIC_EMPIRICAL_ABM,watts_strogatz,0.15,48,3000.0,False,500,24,COMPLETED,N/A,0d5acf7ef798ebd814d6a6431f9b9f1da36789c0225120f4468d78c2e9f1d241,ef97220d4f5381dda52f61677461d9f6710f16a1a4f8ec918bb085116a43503b,447c2ef18c0a79bf8d4b16fb590603d5077a3933e5cf2a99dd2cf939d3a7a3d4,a85b4eab29911bd704bb9be5e727b4bd138320d9cd0c1339cd90ef44a86e80ee,DETERMINISTIC_EMPIRICAL_ABM,False,495,1000000.0,1000000.0,8.0,0.0,495.0,True,True,2947,916,2031,1.0,495.0,2029.4999999999998,7,452,1
R3_DET_3000.0_False_watts_strogatz_49,phase_4f_3,DETERMINISTIC_EMPIRICAL_ABM,watts_strogatz,0.15,49,3000.0,False,500,24,COMPLETED,N/A,0d5acf7ef798ebd814d6a6431f9b9f1da36789c0225120f4468d78c2e9f1d241,140db351ede874d5317506f435188c055d20f5d3c81bce27ca14ad272ba878dd,21bec1c6f9253afdcd693cb160235e98600a580d9351d1204687c90fca62dc17,c26b950a976432c81fbd18ae43715841a2fc7269dec914c777acdbd180d3e80a,DETERMINISTIC_EMPIRICAL_ABM,False,486,1000000.0,1000000.0,8.0,0.0,486.0,True,True,2960,890,2070,1.0,486.0,1992.6,7,443,1
R3_DET_3000.0_False_watts_strogatz_50,phase_4f_3,DETERMINISTIC_EMPIRICAL_ABM,watts_strogatz,0.15,50,3000.0,False,500,24,COMPLETED,N/A,0d5acf7ef798ebd814d6a6431f9b9f1da36789c0225120f4468d78c2e9f1d241,01c6cfbc9920764ca9e44794411ffd49a215140c3c906065334879951bc5cc1b,ac0caed7a915678c1af2b2249466add8a637d2ee36f42cac4181ab0324faf74e,2fbf6367aa2f2a4d4042f92c836a39b1d0d585289febd089656b0249c23b3e01,DETERMINISTIC_EMPIRICAL_ABM,False,432,1000000.0,1000000.0,8.0,0.0,432.0,True,False,3061,873,2188,1.0,432.0,1771.1999999999998,7,398,1
R3_DET_3000.0_False_watts_strogatz_51,phase_4f_3,DETERMINISTIC_EMPIRICAL_ABM,watts_strogatz,0.15,51,3000.0,False,500,24,COMPLETED,N/A,0d5acf7ef798ebd814d6a6431f9b9f1da36789c0225120f4468d78c2e9f1d241,62a962e2d8215d227a1254a6fdd8c94fb1c03866439f7a65cf15da019ebc7722,5b98c64caa976cf978ddb7d4c64265f1daf7f8391c5238317f0ba4359bc20d02,86a14c21a550ef4e3fe75fc9e60e1cfbaa7f42298cc6420db98d2e262fd9e48f,DETERMINISTIC_EMPIRICAL_ABM,False,414,1000000.0,1000000.0,4.0,0.0,414.0,True,False,1151,274,877,1.0,414.0,1697.3999999999999,3,404,1
R3_DET_3000.0_True_barabasi_albert_42,phase_4f_3,DETERMINISTIC_EMPIRICAL_ABM,barabasi_albert,0.15,42,3000.0,True,500,24,COMPLETED,N/A,0d5acf7ef798ebd814d6a6431f9b9f1da36789c0225120f4468d78c2e9f1d241,98c291375739502ec4f77c118fdb456c2ee077c880ca2de5cb907ffe95c5a47b,62c31ee509e07110d34d5e4d00e53323ee8f5aa1cd6f99d7d2fabd97dd5c02c7,31cacb35fdf0880002684e5929efcca079ce1a34dded2879d40556393e4f46b5,DETERMINISTIC_EMPIRICAL_ABM,True,491,1000000.0,1000000.0,3.0,0.0,491.0,True,True,530,99,431,1.0,491.0,2013.1,2,476,1
R3_DET_3000.0_True_barabasi_albert_43,phase_4f_3,DETERMINISTIC_EMPIRICAL_ABM,barabasi_albert,0.15,43,3000.0,True,500,24,COMPLETED,N/A,0d5acf7ef798ebd814d6a6431f9b9f1da36789c0225120f4468d78c2e9f1d241,eb12bce2200109bc6afa4284a98f5773d403cb953e5336a0bb838d24cf4b33e1,098fbd3337c17887f525fd2e115d8c98ed4c248b3cabb9d4ec75c1a2d3e543c8,ee4e2e07839cc7a37e2c95ab7a37775ca9db8f6b429457ff112eab2e2be54db9,DETERMINISTIC_EMPIRICAL_ABM,True,500,1000000.0,1000000.0,3.0,0.0,500.0,True,True,498,102,396,1.0,500.0,2050.0,2,492,1
R3_DET_3000.0_True_barabasi_albert_44,phase_4f_3,DETERMINISTIC_EMPIRICAL_ABM,barabasi_albert,0.15,44,3000.0,True,500,24,COMPLETED,N/A,0d5acf7ef798ebd814d6a6431f9b9f1da36789c0225120f4468d78c2e9f1d241,4b259b10787b60168a6e2c1e0d86f17ec8207962c6872de55b334c417e72627f,033df0ab140d8021b25629ac38b3a532b4d4a9fc2b9e38e0b4ff6e1f4ab2fa5b,022411f265ccc5559be0daee1e291d7cf87d2ab73d54d11e84a22c88fa389e7d,DETERMINISTIC_EMPIRICAL_ABM,True,496,1000000.0,1000000.0,4.0,0.0,496.0,True,True,822,161,661,1.0,496.0,2033.6,3,316,1
R3_DET_3000.0_True_barabasi_albert_45,phase_4f_3,DETERMINISTIC_EMPIRICAL_ABM,barabasi_albert,0.15,45,3000.0,True,500,24,COMPLETED,N/A,0d5acf7ef798ebd814d6a6431f9b9f1da36789c0225120f4468d78c2e9f1d241,fa5b8512b9b94eb78a5710e5f3b704597463dcc1f12106f1b38a28c760f06f6f,f7283a95cda8c29060401e22a6a6725760b363d5f1aee028116ffeac0037d8a5,e2f267086b0ebe538438d2c5bcaa69bb6959a7cca39c5441f551318827f1f3ef,DETERMINISTIC_EMPIRICAL_ABM,True,500,1000000.0,1000000.0,3.0,0.0,500.0,True,True,492,117,375,1.0,500.0,2050.0,2,492,1
R3_DET_3000.0_True_barabasi_albert_46,phase_4f_3,DETERMINISTIC_EMPIRICAL_ABM,barabasi_albert,0.15,46,3000.0,True,500,24,COMPLETED,N/A,0d5acf7ef798ebd814d6a6431f9b9f1da36789c0225120f4468d78c2e9f1d241,2344273eaf0767393ed86eb1f1b8413a2c0b3c11bc603d67926e54867ad35260,f3c88c7ac102409321edf74367ea0dce1badef9216e0c71234bd9cf25d5ffc79,406162d85f0da037b9b70f72d12b9ae4b30eafae1e700d33b11803e21fc43611,DETERMINISTIC_EMPIRICAL_ABM,True,472,1000000.0,1000000.0,3.0,0.0,472.0,True,False,395,54,341,1.0,472.0,1935.1999999999998,2,319,1
R3_DET_3000.0_True_barabasi_albert_47,phase_4f_3,DETERMINISTIC_EMPIRICAL_ABM,barabasi_albert,0.15,47,3000.0,True,500,24,COMPLETED,N/A,0d5acf7ef798ebd814d6a6431f9b9f1da36789c0225120f4468d78c2e9f1d241,0d3cc3e1526beb2841e9913a9f497088e1cac6841d73a72bd20f63f13bf02014,c59b4655c94463391caf87a4e82aacc73059b4561f9a466d30e0f8fe77964869,4aabe68a84816186d9f16eed62622298678186b8a83e4ede0ff00dfa0d16db72,DETERMINISTIC_EMPIRICAL_ABM,True,493,1000000.0,1000000.0,3.0,0.0,493.0,True,True,523,100,423,1.0,493.0,2021.3,2,481,1
R3_DET_3000.0_True_barabasi_albert_48,phase_4f_3,DETERMINISTIC_EMPIRICAL_ABM,barabasi_albert,0.15,48,3000.0,True,500,24,COMPLETED,N/A,0d5acf7ef798ebd814d6a6431f9b9f1da36789c0225120f4468d78c2e9f1d241,d461b48668ac58d489dc12bbe5c03b26d5d4cc0933126df85fb8fa4e561601a6,78e3daf398eeca41d8d1d10cee4d2dd1a60d9c37846f2b42587c032ec46573a0,515b5729c33532c807561412ab532ea78bb94a7d2f48b44a8e0dc582dc90a880,DETERMINISTIC_EMPIRICAL_ABM,True,500,1000000.0,1000000.0,3.0,0.0,500.0,True,True,491,87,404,1.0,500.0,2050.0,2,491,1
R3_DET_3000.0_True_barabasi_albert_49,phase_4f_3,DETERMINISTIC_EMPIRICAL_ABM,barabasi_albert,0.15,49,3000.0,True,500,24,COMPLETED,N/A,0d5acf7ef798ebd814d6a6431f9b9f1da36789c0225120f4468d78c2e9f1d241,0083020ee7225bec46ed8f9036239e96b74db60af0365007eb9024dad2e3ea84,59b3720662b207089cd40425dfb1a5c385e4e19de4398dc07a093cfedd81ce1a,9f08744b45c83d3aa62b574bc39053f1cbeb1fa0f037df3197f5bb8386e99aa0,DETERMINISTIC_EMPIRICAL_ABM,True,494,1000000.0,1000000.0,3.0,0.0,494.0,True,True,386,49,337,1.0,494.0,2025.3999999999999,2,371,1
R3_DET_3000.0_True_barabasi_albert_50,phase_4f_3,DETERMINISTIC_EMPIRICAL_ABM,barabasi_albert,0.15,50,3000.0,True,500,24,COMPLETED,N/A,0d5acf7ef798ebd814d6a6431f9b9f1da36789c0225120f4468d78c2e9f1d241,0098331d132732dcab3d860540b691714738e29772b3612247b09d206968994a,c75a6251a9fcc008fbeeada3b56bea163b29ec2129b9d338177e557065f9c809,f1253f25f935a0c760d0e5744048712264914ccd9bd08ec816cfe01b2e712340,DETERMINISTIC_EMPIRICAL_ABM,True,495,1000000.0,1000000.0,3.0,0.0,495.0,True,True,515,107,408,1.0,495.0,2029.4999999999998,2,485,1
R3_DET_3000.0_True_barabasi_albert_51,phase_4f_3,DETERMINISTIC_EMPIRICAL_ABM,barabasi_albert,0.15,51,3000.0,True,500,24,COMPLETED,N/A,0d5acf7ef798ebd814d6a6431f9b9f1da36789c0225120f4468d78c2e9f1d241,cf5b641583506b4464cca6c631bfd880b903b9e9b64d9947add266671662d467,b873a604349ce5a764b4170c2af20c1d555eaf94d8b7019511a42cb3222247d9,faba0e24611f7c5ce13d20fb75c0db31854446d9450bf7f498d1f93faaac2125,DETERMINISTIC_EMPIRICAL_ABM,True,496,1000000.0,1000000.0,3.0,0.0,496.0,True,True,509,99,410,1.0,496.0,2033.6,2,489,1
R3_DET_3000.0_True_watts_strogatz_42,phase_4f_3,DETERMINISTIC_EMPIRICAL_ABM,watts_strogatz,0.15,42,3000.0,True,500,24,COMPLETED,N/A,0d5acf7ef798ebd814d6a6431f9b9f1da36789c0225120f4468d78c2e9f1d241,b18acf65f5f467fdde6c4a2ba7774679d33dff4ad067d4350b6aafe21056f21e,d52913cf62858bd4838a70b1a329c5b3c4256469f091ab03e81d346a5deeb9e7,dea147dbd0c14dcf631a70fc340ece68eca9260bd90d6b367117b090559ba0b9,DETERMINISTIC_EMPIRICAL_ABM,True,433,1000000.0,1000000.0,3.0,0.0,433.0,True,False,608,146,462,1.0,433.0,1775.3,2,428,1
R3_DET_3000.0_True_watts_strogatz_43,phase_4f_3,DETERMINISTIC_EMPIRICAL_ABM,watts_strogatz,0.15,43,3000.0,True,500,24,COMPLETED,N/A,0d5acf7ef798ebd814d6a6431f9b9f1da36789c0225120f4468d78c2e9f1d241,49e34701fd36228fe6524dfa94faaf39510eccef050f149ed18f6e548a0715a5,b6876c5a50cadaa0c582f58ccbbe7faff7768a927d62d55b7608c58b2c7140fb,436efe5da4b8daad970fbdc96311ed107a0f7bcf9002af0f428d85ae658b823b,DETERMINISTIC_EMPIRICAL_ABM,True,324,1000000.0,1000000.0,3.0,0.0,324.0,True,False,780,172,608,1.0,324.0,1328.3999999999999,2,316,1
R3_DET_3000.0_True_watts_strogatz_44,phase_4f_3,DETERMINISTIC_EMPIRICAL_ABM,watts_strogatz,0.15,44,3000.0,True,500,24,COMPLETED,N/A,0d5acf7ef798ebd814d6a6431f9b9f1da36789c0225120f4468d78c2e9f1d241,f5165493b50ba8c489288c8a83d32792b38df3b8692036f994e16694c5655d48,269756368ad5a6bfedec0e676dd406d9f29b7e65307a4cb0cf29cbad5a87c20a,caa12e211cafb99d8ce95962f46ca5e9381ec0c78ac0b5170d7764904123f3c7,DETERMINISTIC_EMPIRICAL_ABM,True,411,1000000.0,1000000.0,3.0,0.0,411.0,True,False,653,149,504,1.0,411.0,1685.1,2,405,1
R3_DET_3000.0_True_watts_strogatz_45,phase_4f_3,DETERMINISTIC_EMPIRICAL_ABM,watts_strogatz,0.15,45,3000.0,True,500,24,COMPLETED,N/A,0d5acf7ef798ebd814d6a6431f9b9f1da36789c0225120f4468d78c2e9f1d241,21b14d528da5375f26e65bbb58d7a04dd23ab972fade42b0360f86db8cfb3a14,56f7a8ec42b8dd91e490e77ea2bd91188c43060516dc66a9e1f2801dc67c892e,69edb0cce441885ae92e29ec697f9d2ea9191603785876d7a1d094eb5d0531e4,DETERMINISTIC_EMPIRICAL_ABM,True,473,1000000.0,1000000.0,3.0,0.0,473.0,True,False,566,133,433,1.0,473.0,1939.3,2,468,1
R3_DET_3000.0_True_watts_strogatz_46,phase_4f_3,DETERMINISTIC_EMPIRICAL_ABM,watts_strogatz,0.15,46,3000.0,True,500,24,COMPLETED,N/A,0d5acf7ef798ebd814d6a6431f9b9f1da36789c0225120f4468d78c2e9f1d241,e91ee9ab52e8213fe3792e3dbd35ab0005332b7d4c9d608f7fa0170b4ef6603a,a64eb076036612da4e1c4cc254ad648918e60bdbae1dcf4f637edc67c99f5cf5,08104be2996a81516ebab5c55d258ca43ebeb101f50adcba0281d0590fd86f2b,DETERMINISTIC_EMPIRICAL_ABM,True,496,1000000.0,1000000.0,3.0,0.0,496.0,True,True,509,156,353,1.0,496.0,2033.6,2,490,1
R3_DET_3000.0_True_watts_strogatz_47,phase_4f_3,DETERMINISTIC_EMPIRICAL_ABM,watts_strogatz,0.15,47,3000.0,True,500,24,COMPLETED,N/A,0d5acf7ef798ebd814d6a6431f9b9f1da36789c0225120f4468d78c2e9f1d241,87bb5c5acda25d735262ad63db8e575b45f6cc1971fc4a88dddee1528dd4d2a3,ffef482c4552e772b7c271ea8989ec34be82bfdc24a3af1de09a0db4f58216e7,a60799c3cd1748301a8bf1d7e474dcd4dc5f62945d511884ac9ece78322fbc44,DETERMINISTIC_EMPIRICAL_ABM,True,466,1000000.0,1000000.0,3.0,0.0,466.0,True,False,553,146,407,1.0,466.0,1910.6,2,461,1
R3_DET_3000.0_True_watts_strogatz_48,phase_4f_3,DETERMINISTIC_EMPIRICAL_ABM,watts_strogatz,0.15,48,3000.0,True,500,24,COMPLETED,N/A,0d5acf7ef798ebd814d6a6431f9b9f1da36789c0225120f4468d78c2e9f1d241,a1d9e30325557cfcff1778f5c12da10f973c9467307c18f32464658b23edccc9,1021c33122a7b90babe0d6834acc0fabb5c1c1bddf8e715a46206d0138ff3e9d,38642ae8aa81261ed956dd0cc7c7a962d2aa2bd1553b710f747780a0256fa937,DETERMINISTIC_EMPIRICAL_ABM,True,474,1000000.0,1000000.0,3.0,0.0,474.0,True,False,547,147,400,1.0,474.0,1943.3999999999999,2,469,1
R3_DET_3000.0_True_watts_strogatz_49,phase_4f_3,DETERMINISTIC_EMPIRICAL_ABM,watts_strogatz,0.15,49,3000.0,True,500,24,COMPLETED,N/A,0d5acf7ef798ebd814d6a6431f9b9f1da36789c0225120f4468d78c2e9f1d241,854a3ce10b069a4ce9645228c98947b2bf7c3c3ef57b31429a524849084b9712,9fc684e18d0378194a207818ac78e90d74a7c2e6cd34d38b240190d1f8c4d365,97791e721668cabb19c2d9bdfdd06eff998fa548371636dcb86355022bb459c0,DETERMINISTIC_EMPIRICAL_ABM,True,427,1000000.0,1000000.0,3.0,0.0,427.0,True,False,632,151,481,1.0,427.0,1750.6999999999998,2,422,1
R3_DET_3000.0_True_watts_strogatz_50,phase_4f_3,DETERMINISTIC_EMPIRICAL_ABM,watts_strogatz,0.15,50,3000.0,True,500,24,COMPLETED,N/A,0d5acf7ef798ebd814d6a6431f9b9f1da36789c0225120f4468d78c2e9f1d241,f1b525a85d8e2bc8d7e6bf8961dc01ac7d4eab0011cee9312d59f391b54cd0e9,32b0d6962d7b920d07106305c58b4fd4994a79c7280f0191434e30df19240fea,18257cecbab6c33cc624f981bf7d420687c8bd0ac140776c5064b0a4b352da75,DETERMINISTIC_EMPIRICAL_ABM,True,399,1000000.0,1000000.0,3.0,0.0,399.0,True,False,670,157,513,1.0,399.0,1635.8999999999999,2,394,1
R3_DET_3000.0_True_watts_strogatz_51,phase_4f_3,DETERMINISTIC_EMPIRICAL_ABM,watts_strogatz,0.15,51,3000.0,True,500,24,COMPLETED,N/A,0d5acf7ef798ebd814d6a6431f9b9f1da36789c0225120f4468d78c2e9f1d241,1855c4d45788f8389f92bd8cb1a6340afce45d31cf2b3c53912798754b55f0e7,ff5a1e8040ed1b166b2738a64bed8f20e82aca8e93fe440429a5bdae0850d447,355e1bf8ca330070ada635b01891c91eed0a8bcf3b367516407dc625869f0509,DETERMINISTIC_EMPIRICAL_ABM,True,489,1000000.0,1000000.0,3.0,0.0,489.0,True,True,523,132,391,1.0,489.0,2004.8999999999999,2,479,1
R3_DET_4000.0_False_barabasi_albert_42,phase_4f_3,DETERMINISTIC_EMPIRICAL_ABM,barabasi_albert,0.15,42,4000.0,False,500,24,COMPLETED,N/A,0d5acf7ef798ebd814d6a6431f9b9f1da36789c0225120f4468d78c2e9f1d241,87e9b4f253a8206d5afc0db25ce0c78f00a3c3b978c2534438a98d07492056a1,76c16207c4d8ecb11ee92c7e347a40edaa5f498be30124924a30d4f3c8c1acf9,815a174ce562af277f7ad575a2ef6400f654f168a360abaa489054644b0ed257,DETERMINISTIC_EMPIRICAL_ABM,False,492,1000000.0,1000000.0,2.0,0.0,492.0,True,True,33,0,33,1.0,492.0,2017.1999999999998,1,478,1
R3_DET_4000.0_False_barabasi_albert_43,phase_4f_3,DETERMINISTIC_EMPIRICAL_ABM,barabasi_albert,0.15,43,4000.0,False,500,24,COMPLETED,N/A,0d5acf7ef798ebd814d6a6431f9b9f1da36789c0225120f4468d78c2e9f1d241,500b6cfe9e18bfa1c46fbd5e8858a3907ee94b0cab81739e9556d88eb1c984dc,597888402f1cb5c0ff7baa6a83fb78a3a29346682defb1f766d35d3a75c2651b,6c7ec6406628b1cb1d383876127b6289823b407797b828f79decb5dae7922e2d,DETERMINISTIC_EMPIRICAL_ABM,False,500,1000000.0,1000000.0,2.0,0.0,500.0,True,True,3,0,3,1.0,500.0,2050.0,1,492,1
R3_DET_4000.0_False_barabasi_albert_44,phase_4f_3,DETERMINISTIC_EMPIRICAL_ABM,barabasi_albert,0.15,44,4000.0,False,500,24,COMPLETED,N/A,0d5acf7ef798ebd814d6a6431f9b9f1da36789c0225120f4468d78c2e9f1d241,d429fb98854bffbdfef8ffdbe8fba69da030288c12678e1e5e5ccbdb4b96461a,6d34303db2dc3e74efa82dc40cf4db4243dd1de2d83a460380b3190bbd88269d,65acff97e564a766885a20f1473580c428ede39bfd849013236a7918ca9958ac,DETERMINISTIC_EMPIRICAL_ABM,False,500,1000000.0,1000000.0,3.0,0.0,500.0,True,True,322,55,267,1.0,500.0,2050.0,2,322,1
R3_DET_4000.0_False_barabasi_albert_45,phase_4f_3,DETERMINISTIC_EMPIRICAL_ABM,barabasi_albert,0.15,45,4000.0,False,500,24,COMPLETED,N/A,0d5acf7ef798ebd814d6a6431f9b9f1da36789c0225120f4468d78c2e9f1d241,84ddadf423f847886f09fbbf17dc54d0cee2348b17f291609f0166ea6ba8dc35,a6c9045f64218cf48894347f02fa24d7eff63029fe5c48033dea281073fca5ed,4e864faa891801b2781a18530f7564b4001acf69b4f8cae801772afee22b55f2,DETERMINISTIC_EMPIRICAL_ABM,False,500,1000000.0,1000000.0,2.0,0.0,500.0,True,True,0,0,0,1.0,500.0,2050.0,1,495,1
R3_DET_4000.0_False_barabasi_albert_46,phase_4f_3,DETERMINISTIC_EMPIRICAL_ABM,barabasi_albert,0.15,46,4000.0,False,500,24,COMPLETED,N/A,0d5acf7ef798ebd814d6a6431f9b9f1da36789c0225120f4468d78c2e9f1d241,58865ea0c37d15511221e72903be8b669a1bf4bca59b7ba59eb26ba489378d61,ccdd5fafe8055f91d4e49b6932ea492b24b369c67c80f6773b08065c653e1ec7,6c092267f20984212d38f7e3fa439f257617dd48d7ace754c31f5f256ad04cc1,DETERMINISTIC_EMPIRICAL_ABM,False,500,1000000.0,1000000.0,2.0,0.0,500.0,True,True,0,0,0,1.0,500.0,2050.0,1,495,1
R3_DET_4000.0_False_barabasi_albert_47,phase_4f_3,DETERMINISTIC_EMPIRICAL_ABM,barabasi_albert,0.15,47,4000.0,False,500,24,COMPLETED,N/A,0d5acf7ef798ebd814d6a6431f9b9f1da36789c0225120f4468d78c2e9f1d241,636cc391ad70bd3193347ae9ccf30febb5ac4b1f055307343a8ca3908a8c3cc6,3d66a253b69ea3ce143a5527f0c9e6252f25a94ef93fa802b7d121c67b0105c2,dfda7050ce54cf1503fb61d737b9c975747a2d6a150c60488dc1f7779f9f32ef,DETERMINISTIC_EMPIRICAL_ABM,False,494,1000000.0,1000000.0,2.0,0.0,494.0,True,True,24,0,24,1.0,494.0,2025.3999999999999,1,483,1
R3_DET_4000.0_False_barabasi_albert_48,phase_4f_3,DETERMINISTIC_EMPIRICAL_ABM,barabasi_albert,0.15,48,4000.0,False,500,24,COMPLETED,N/A,0d5acf7ef798ebd814d6a6431f9b9f1da36789c0225120f4468d78c2e9f1d241,d1a0a9c19b15f3b6c4c0a66d87dbf724fde60a0d58631683ccbdfd1ee638259f,375fc1f0f1c1a8b30526103929316196d406a704e0aa635151ac54fdb1e95c26,9a7ad18a261b4dffa1ef19615f2297b5fc174ec0f814241a8746d88cd9a880fd,DETERMINISTIC_EMPIRICAL_ABM,False,499,1000000.0,1000000.0,2.0,0.0,499.0,True,True,5,0,5,1.0,499.0,2045.8999999999999,1,492,1
R3_DET_4000.0_False_barabasi_albert_49,phase_4f_3,DETERMINISTIC_EMPIRICAL_ABM,barabasi_albert,0.15,49,4000.0,False,500,24,COMPLETED,N/A,0d5acf7ef798ebd814d6a6431f9b9f1da36789c0225120f4468d78c2e9f1d241,c13a80e0f011f4a7bb3d3aa897c427bed900a95c54c02aeb89a613e6b5fa31f4,b5491e8dafbe644879d1e55faad2f3d053110b875a2f8809c30457880991375e,03952a1ca2638aae66d2bcea0dbdace7c08c2559df161d8c7046f75ad63fbc0d,DETERMINISTIC_EMPIRICAL_ABM,False,500,1000000.0,1000000.0,2.0,0.0,500.0,True,True,0,0,0,1.0,500.0,2050.0,1,495,1
R3_DET_4000.0_False_barabasi_albert_50,phase_4f_3,DETERMINISTIC_EMPIRICAL_ABM,barabasi_albert,0.15,50,4000.0,False,500,24,COMPLETED,N/A,0d5acf7ef798ebd814d6a6431f9b9f1da36789c0225120f4468d78c2e9f1d241,08e9dd7c7b24ce16a0fe61789768711eae5ff0f13318d046a18099f3a429119b,061ea4c78e2be45f46608e9fc00c787a9ae39b91c8507b459f42cc0a5990caa3,2ae598b9e914072f99d3970b2d51f3520a333fbf2732f6cd3a2262944abc0e44,DETERMINISTIC_EMPIRICAL_ABM,False,495,1000000.0,1000000.0,2.0,0.0,495.0,True,True,20,0,20,1.0,495.0,2029.4999999999998,1,485,1
R3_DET_4000.0_False_barabasi_albert_51,phase_4f_3,DETERMINISTIC_EMPIRICAL_ABM,barabasi_albert,0.15,51,4000.0,False,500,24,COMPLETED,N/A,0d5acf7ef798ebd814d6a6431f9b9f1da36789c0225120f4468d78c2e9f1d241,c882ca2690cfd9b6b36c60262a16c8568d12085c7c558c7203413f2c3c4e9191,4cc93c4a0efe39e6a2d3507cb8d4ab9385b4e52cf478aa270853dc137b70fc64,8e3670fd1e88c8d0d528a1f6fb78149919292ea171838d29c9b6f3370b2b8292,DETERMINISTIC_EMPIRICAL_ABM,False,498,1000000.0,1000000.0,2.0,0.0,498.0,True,True,8,0,8,1.0,498.0,2041.8,1,491,1
R3_DET_4000.0_False_watts_strogatz_42,phase_4f_3,DETERMINISTIC_EMPIRICAL_ABM,watts_strogatz,0.15,42,4000.0,False,500,24,COMPLETED,N/A,0d5acf7ef798ebd814d6a6431f9b9f1da36789c0225120f4468d78c2e9f1d241,259402219a75c92768f8f77c4f7ea935117e763122b0b09c1e87e437c373d436,a6c5acff9e6ca362e6d01e2bead8a634c1d59d4fb7d30bdc76305eb30bacb9b7,e22ecacdf681d160d5d0434a7d09ae4937d00426b3c75f71c2c9ae2f445eb478,DETERMINISTIC_EMPIRICAL_ABM,False,433,1000000.0,1000000.0,2.0,0.0,433.0,True,False,113,2,111,1.0,433.0,1775.3,1,428,1
R3_DET_4000.0_False_watts_strogatz_43,phase_4f_3,DETERMINISTIC_EMPIRICAL_ABM,watts_strogatz,0.15,43,4000.0,False,500,24,COMPLETED,N/A,0d5acf7ef798ebd814d6a6431f9b9f1da36789c0225120f4468d78c2e9f1d241,6f8ae6b94b4d11198c6e37c0be5922bc9959380f05fe018f50c12e4c879828a6,b96d66dc97d542e717c6e75be0c6f8c2ddeebd5c822ce3d4e4340df66ebfb712,43c43db3c19e1b23d8b170ba16181559ba87967a5eaa5bfca89e40e3dd1d1b3c,DETERMINISTIC_EMPIRICAL_ABM,False,325,1000000.0,1000000.0,2.0,0.0,325.0,True,False,285,33,252,1.0,325.0,1332.5,1,320,1
R3_DET_4000.0_False_watts_strogatz_44,phase_4f_3,DETERMINISTIC_EMPIRICAL_ABM,watts_strogatz,0.15,44,4000.0,False,500,24,COMPLETED,N/A,0d5acf7ef798ebd814d6a6431f9b9f1da36789c0225120f4468d78c2e9f1d241,5f74c6bdcfdca09b21aaca274911e131b7ae15a178ebe107880fde66a2de0c20,300c8624a4c20322d802507508461a2d16e930b0409afc339828ef4ded641f9e,6d1806ff7ee3b068577ffa1009c347db333d8cec07a5811e0c26dd8e2d0d333b,DETERMINISTIC_EMPIRICAL_ABM,False,420,1000000.0,1000000.0,2.0,0.0,420.0,True,False,142,9,133,1.0,420.0,1722.0,1,415,1
R3_DET_4000.0_False_watts_strogatz_45,phase_4f_3,DETERMINISTIC_EMPIRICAL_ABM,watts_strogatz,0.15,45,4000.0,False,500,24,COMPLETED,N/A,0d5acf7ef798ebd814d6a6431f9b9f1da36789c0225120f4468d78c2e9f1d241,839c5066b0d107132b394f5ac53b858660b97e4de30ac50ccd92c5301023ddb1,c972cc883585edf04fd60022322e8e3880eeb643e611988b4ee568c947b0238a,664af679121b1d6731e549078b2de77ca116111ceda81df37048c75dd1111f68,DETERMINISTIC_EMPIRICAL_ABM,False,480,1000000.0,1000000.0,2.0,0.0,480.0,True,True,54,0,54,1.0,480.0,1967.9999999999998,1,475,1
R3_DET_4000.0_False_watts_strogatz_46,phase_4f_3,DETERMINISTIC_EMPIRICAL_ABM,watts_strogatz,0.15,46,4000.0,False,500,24,COMPLETED,N/A,0d5acf7ef798ebd814d6a6431f9b9f1da36789c0225120f4468d78c2e9f1d241,02051a9deb60937c1239c1b7f08dbc0c48c040cdc6c9d294467001eee5563d16,8060cbf18edc4c38eedbfeeb2e56d57425ae7374a8237ccf493022d87a3794fb,50f9d9f5c309d2ac14e43c2c89b64be285f5e085ffb3b3301ec62620eaf32c53,DETERMINISTIC_EMPIRICAL_ABM,False,497,1000000.0,1000000.0,2.0,0.0,497.0,True,True,11,0,11,1.0,497.0,2037.6999999999998,1,491,1
R3_DET_4000.0_False_watts_strogatz_47,phase_4f_3,DETERMINISTIC_EMPIRICAL_ABM,watts_strogatz,0.15,47,4000.0,False,500,24,COMPLETED,N/A,0d5acf7ef798ebd814d6a6431f9b9f1da36789c0225120f4468d78c2e9f1d241,7177b0700ba4ce536513b97e400887e2b7076b9e89952cb444cb9340b88c227d,2e14461075d9b585f7918766c24340fbe1beb0e7b42f8740460f9f516154113a,92f324661ec45b3989305d55883f313e58c86d586ceff46699bd99fb4d0d5d70,DETERMINISTIC_EMPIRICAL_ABM,False,466,1000000.0,1000000.0,2.0,0.0,466.0,True,False,58,4,54,1.0,466.0,1910.6,1,461,1
R3_DET_4000.0_False_watts_strogatz_48,phase_4f_3,DETERMINISTIC_EMPIRICAL_ABM,watts_strogatz,0.15,48,4000.0,False,500,24,COMPLETED,N/A,0d5acf7ef798ebd814d6a6431f9b9f1da36789c0225120f4468d78c2e9f1d241,c230bad92456bb7a04f47831b30310fe4b813de941e790cf532b0647456408a9,e37248d9cf59241ae14eed34a9730136d19acc2fcacd5b363eaa8ff436396c3b,a06329a8734b02e1723b169c3e1e15fa0f7b854c4ed9a31ffff9495449caa616,DETERMINISTIC_EMPIRICAL_ABM,False,474,1000000.0,1000000.0,2.0,0.0,474.0,True,False,52,0,52,1.0,474.0,1943.3999999999999,1,469,1
R3_DET_4000.0_False_watts_strogatz_49,phase_4f_3,DETERMINISTIC_EMPIRICAL_ABM,watts_strogatz,0.15,49,4000.0,False,500,24,COMPLETED,N/A,0d5acf7ef798ebd814d6a6431f9b9f1da36789c0225120f4468d78c2e9f1d241,84fa14a5ed6b1d9a62e11faa55f59bd498a1c8b60702094cfbc385c9eac8d27e,b84be93a5c9fb57ab0617eea7b067422b1ad264b347baab8e66560c6b414ff6d,e2e6eaff328607beb8ce0c78d6928631d63b481cb6a135a7a9de652968ab50fd,DETERMINISTIC_EMPIRICAL_ABM,False,438,1000000.0,1000000.0,2.0,0.0,438.0,True,False,120,7,113,1.0,438.0,1795.8,1,433,1
R3_DET_4000.0_False_watts_strogatz_50,phase_4f_3,DETERMINISTIC_EMPIRICAL_ABM,watts_strogatz,0.15,50,4000.0,False,500,24,COMPLETED,N/A,0d5acf7ef798ebd814d6a6431f9b9f1da36789c0225120f4468d78c2e9f1d241,6c93dcabc5f3c9c217996ac45a908c3945a6c4bab28d2cb2ff5252b6d6053a83,1eb13291109c09d659c93a754ff6f273cd60f36a4ced5a499aafc2c2eae8dcee,691804d3e771055db8c8bf56c19b6262eda548906dbb4fbd94cd7160d03deb33,DETERMINISTIC_EMPIRICAL_ABM,False,416,1000000.0,1000000.0,2.0,0.0,416.0,True,False,146,12,134,1.0,416.0,1705.6,1,411,1
R3_DET_4000.0_False_watts_strogatz_51,phase_4f_3,DETERMINISTIC_EMPIRICAL_ABM,watts_strogatz,0.15,51,4000.0,False,500,24,COMPLETED,N/A,0d5acf7ef798ebd814d6a6431f9b9f1da36789c0225120f4468d78c2e9f1d241,8c75ce9bebad6c7906c9c233e53e19c6bb9e2d5af6736b6df29cb190a3f3e4c5,276e2d40b6600f00b111b3ac887f329c85c76f35bb1438eda77a6e1928094755,fd788dc8264a2cd854a0f9e09f21777577e73cfbecc67b36f3e5a243de1670d2,DETERMINISTIC_EMPIRICAL_ABM,False,491,1000000.0,1000000.0,2.0,0.0,491.0,True,True,27,0,27,1.0,491.0,2013.1,1,486,1
R3_DET_4000.0_True_barabasi_albert_42,phase_4f_3,DETERMINISTIC_EMPIRICAL_ABM,barabasi_albert,0.15,42,4000.0,True,500,24,COMPLETED,N/A,0d5acf7ef798ebd814d6a6431f9b9f1da36789c0225120f4468d78c2e9f1d241,196ec04ec2ec714433b38fc1a1959ef177059f38c6819129fd0aada763ad60bb,79ef35b9203d0e7bddefdb21239ecd6220ea8ad32f812bbcb1ee85110d5e5ff2,abcd4a92b3e3894c40d023594cd8c7ded8a1e6e463172cb19b5bd951bed81542,DETERMINISTIC_EMPIRICAL_ABM,True,492,1000000.0,1000000.0,2.0,0.0,492.0,True,True,33,0,33,1.0,492.0,2017.1999999999998,1,478,1
R3_DET_4000.0_True_barabasi_albert_43,phase_4f_3,DETERMINISTIC_EMPIRICAL_ABM,barabasi_albert,0.15,43,4000.0,True,500,24,COMPLETED,N/A,0d5acf7ef798ebd814d6a6431f9b9f1da36789c0225120f4468d78c2e9f1d241,efca395f1a630fe84ac24ffab6b579361c2cb54687c1a9881f66af10fc6598fb,3ecdb3855fa87e8e7368a04288194ae27289d853b2c20c518c647f85a1892a6c,2433eab801232215a6d8dd3c655e68258e06ebaf9caf40de6b069d42b81ac6b6,DETERMINISTIC_EMPIRICAL_ABM,True,500,1000000.0,1000000.0,2.0,0.0,500.0,True,True,3,0,3,1.0,500.0,2050.0,1,492,1
R3_DET_4000.0_True_barabasi_albert_44,phase_4f_3,DETERMINISTIC_EMPIRICAL_ABM,barabasi_albert,0.15,44,4000.0,True,500,24,COMPLETED,N/A,0d5acf7ef798ebd814d6a6431f9b9f1da36789c0225120f4468d78c2e9f1d241,05e54a0ef400305a5b09b87793011b88413d8777415b4ab2cd2c51e1db3d98c1,7d5ce45f9320f3f5790b3649bec9381127a62fe5b6b5bde9b60e7548e3e0d5ea,3063f0402aca7f3c1b57b324a304c8bed771c8d7b3c720f5deddb4bc9428c4cb,DETERMINISTIC_EMPIRICAL_ABM,True,251,1000000.0,842913.5260115607,,,,True,False,6061,1118,4943,0.8429135260115607,297.77669031800247,1220.88443030381,3,173,1
R3_DET_4000.0_True_barabasi_albert_45,phase_4f_3,DETERMINISTIC_EMPIRICAL_ABM,barabasi_albert,0.15,45,4000.0,True,500,24,COMPLETED,N/A,0d5acf7ef798ebd814d6a6431f9b9f1da36789c0225120f4468d78c2e9f1d241,2705f945d96e011010ff3c43a1ec346ceb3ca9809400d6c491e3f04561359aa4,6a20352aea5f1bafa6881090a3a9b45c2e65079a3f0c6389f26c59758980ea66,74852ee51a26743e2162a3e939346a8ef87372edf14da35f01dd4f3c3903efa4,DETERMINISTIC_EMPIRICAL_ABM,True,500,1000000.0,1000000.0,2.0,0.0,500.0,True,True,0,0,0,1.0,500.0,2050.0,1,495,1
R3_DET_4000.0_True_barabasi_albert_46,phase_4f_3,DETERMINISTIC_EMPIRICAL_ABM,barabasi_albert,0.15,46,4000.0,True,500,24,COMPLETED,N/A,0d5acf7ef798ebd814d6a6431f9b9f1da36789c0225120f4468d78c2e9f1d241,86c584b6aa1eb1d41b3c3a5c4d7dd22bb6c1ba9d1631cadc9bb41046fb63eb84,f7da51e15131e97feb1ccf7d00145b41a5884069f333ad363905f1b63642d8cf,a11ad9f3f3836079a2485566836d5801b7139384df71125b5f80a4a55bb4a136,DETERMINISTIC_EMPIRICAL_ABM,True,500,1000000.0,1000000.0,2.0,0.0,500.0,True,True,0,0,0,1.0,500.0,2050.0,1,495,1
R3_DET_4000.0_True_barabasi_albert_47,phase_4f_3,DETERMINISTIC_EMPIRICAL_ABM,barabasi_albert,0.15,47,4000.0,True,500,24,COMPLETED,N/A,0d5acf7ef798ebd814d6a6431f9b9f1da36789c0225120f4468d78c2e9f1d241,398f9ca715a4ca95972b8518bf519c47513f8107544edb4c3fd5961a32e4c90a,6a9997ff8dfc5fdee2247e3b2374b09da11976f3c51cbff1daf99e31c0113df6,f8d3d5b08d720820ab51da2643123bbbee78f20b2b6f1daa1e2c2220849ecd59,DETERMINISTIC_EMPIRICAL_ABM,True,494,1000000.0,1000000.0,2.0,0.0,494.0,True,True,24,0,24,1.0,494.0,2025.3999999999999,1,483,1
R3_DET_4000.0_True_barabasi_albert_48,phase_4f_3,DETERMINISTIC_EMPIRICAL_ABM,barabasi_albert,0.15,48,4000.0,True,500,24,COMPLETED,N/A,0d5acf7ef798ebd814d6a6431f9b9f1da36789c0225120f4468d78c2e9f1d241,f5afff81381da743ba31f93fe3c83fad2dbeeb044f8afc37dbfdeaaa7908085f,bf6815b72e61bdfcafecc9d2ca213bd6f638c7a82bc9e9efa07743042c0c625a,8f6d1661096f8e880ad72cdf1b7705aa99bbc286d6c72a3705a3fe16feac2473,DETERMINISTIC_EMPIRICAL_ABM,True,499,1000000.0,1000000.0,2.0,0.0,499.0,True,True,5,0,5,1.0,499.0,2045.8999999999999,1,492,1
R3_DET_4000.0_True_barabasi_albert_49,phase_4f_3,DETERMINISTIC_EMPIRICAL_ABM,barabasi_albert,0.15,49,4000.0,True,500,24,COMPLETED,N/A,0d5acf7ef798ebd814d6a6431f9b9f1da36789c0225120f4468d78c2e9f1d241,ebb617966268c3cdc797833ec6f6a9d75e5a05475f1ab68bce512ccdb0273b8b,e45baffdebaff3b669ce31f27e6f50ffd8971db50694ecb01776e791ff305902,e25fdc82e1ce35760b1326f7e87ef08060fcbb372bc183d90c912b58ddf478ea,DETERMINISTIC_EMPIRICAL_ABM,True,500,1000000.0,1000000.0,2.0,0.0,500.0,True,True,0,0,0,1.0,500.0,2050.0,1,495,1
R3_DET_4000.0_True_barabasi_albert_50,phase_4f_3,DETERMINISTIC_EMPIRICAL_ABM,barabasi_albert,0.15,50,4000.0,True,500,24,COMPLETED,N/A,0d5acf7ef798ebd814d6a6431f9b9f1da36789c0225120f4468d78c2e9f1d241,09e1e062bbad4d50838f0f99eee690f678c8b39b5ca392b6c3597afdf381c73e,0b097667f8afdcdb07e088ab38b1341433de3aeb665f01885bb2b45b911d467d,3f2697527972645ad6bd361b52f33ae69f2bea4152f4f8de66d628a15f882e38,DETERMINISTIC_EMPIRICAL_ABM,True,495,1000000.0,1000000.0,2.0,0.0,495.0,True,True,20,0,20,1.0,495.0,2029.4999999999998,1,485,1
R3_DET_4000.0_True_barabasi_albert_51,phase_4f_3,DETERMINISTIC_EMPIRICAL_ABM,barabasi_albert,0.15,51,4000.0,True,500,24,COMPLETED,N/A,0d5acf7ef798ebd814d6a6431f9b9f1da36789c0225120f4468d78c2e9f1d241,7688b7950ac1846633331aed059c38fe1df41719cb0bea01a6453d0df9a512ed,b9e4350a9827be2a3d6631bcc169e14a337a7905733eec653943af12c1fdfbcf,e6d0d93bdd469c91f3335a919cfd30fc13ac16c9565a93859953aa384f77bbdd,DETERMINISTIC_EMPIRICAL_ABM,True,498,1000000.0,1000000.0,2.0,0.0,498.0,True,True,8,0,8,1.0,498.0,2041.8,1,491,1
R3_DET_4000.0_True_watts_strogatz_42,phase_4f_3,DETERMINISTIC_EMPIRICAL_ABM,watts_strogatz,0.15,42,4000.0,True,500,24,COMPLETED,N/A,0d5acf7ef798ebd814d6a6431f9b9f1da36789c0225120f4468d78c2e9f1d241,f1eaf5b8c8fd3493b19b26ad11a391f93b70003543d1dd30dbd22f1c64bb1868,f236a7f025203fcebd7ed7416685f4dbe59e1955764517ef7a9d2b43fe3accb0,da6acfec0e0c1f4b40854c7028920899a358f7e3f39d8d62df1c930544a95a1a,DETERMINISTIC_EMPIRICAL_ABM,True,433,1000000.0,1000000.0,2.0,0.0,433.0,True,False,113,2,111,1.0,433.0,1775.3,1,428,1
R3_DET_4000.0_True_watts_strogatz_43,phase_4f_3,DETERMINISTIC_EMPIRICAL_ABM,watts_strogatz,0.15,43,4000.0,True,500,24,COMPLETED,N/A,0d5acf7ef798ebd814d6a6431f9b9f1da36789c0225120f4468d78c2e9f1d241,586c84df51d2acde94a01bfb34fccb4a514834f78e9fcfd46ec6a276dc1fde9d,d424976ff3363e7e5c6d325405a344319d83fac81060a98368c45fd7b2dc8478,8c2f5c8c0991013ab424e3b4e62d30542052b8ff8ae626aafa210204ac84c13e,DETERMINISTIC_EMPIRICAL_ABM,True,325,1000000.0,1000000.0,2.0,0.0,325.0,True,False,285,33,252,1.0,325.0,1332.5,1,320,1
R3_DET_4000.0_True_watts_strogatz_44,phase_4f_3,DETERMINISTIC_EMPIRICAL_ABM,watts_strogatz,0.15,44,4000.0,True,500,24,COMPLETED,N/A,0d5acf7ef798ebd814d6a6431f9b9f1da36789c0225120f4468d78c2e9f1d241,c109e690cbbf3946c68b1e1859010b803ea46da0b0de99e0da82762b4a3d7e5a,6f3d8751dfb170c912f9ea2d02d6b62930057d07c1fca74001c06bf130dc2956,7b71b5ead31dfd7799e40f6ffe248109671f9a51aa8894e8f270579e52d5aca5,DETERMINISTIC_EMPIRICAL_ABM,True,420,1000000.0,1000000.0,2.0,0.0,420.0,True,False,142,9,133,1.0,420.0,1722.0,1,415,1
R3_DET_4000.0_True_watts_strogatz_45,phase_4f_3,DETERMINISTIC_EMPIRICAL_ABM,watts_strogatz,0.15,45,4000.0,True,500,24,COMPLETED,N/A,0d5acf7ef798ebd814d6a6431f9b9f1da36789c0225120f4468d78c2e9f1d241,a2eb5870269080351be551af47507b7d446a5c811ceb7ef1e01506397af03e7f,91309df0c99c505d33ecdb280f9326a77116b0eaa5fabb3ef5d50ec4f70d95e8,ab9951ce8511a1fbcba651b94d996c65b07ffda4bf1c41ec178492e182a0b1e3,DETERMINISTIC_EMPIRICAL_ABM,True,480,1000000.0,1000000.0,2.0,0.0,480.0,True,True,54,0,54,1.0,480.0,1967.9999999999998,1,475,1
R3_DET_4000.0_True_watts_strogatz_46,phase_4f_3,DETERMINISTIC_EMPIRICAL_ABM,watts_strogatz,0.15,46,4000.0,True,500,24,COMPLETED,N/A,0d5acf7ef798ebd814d6a6431f9b9f1da36789c0225120f4468d78c2e9f1d241,501bd806c99ecfd46f08966d808ba1cb22ad061729449d524df79e57c8eed4c6,f44fc85af801ae7dfcf5fa7a416ab555984a4e26a717c268465f2cf66a2f42ef,dcdacbbd8c831b0e2fb37460e51beffea7a43268701e13ebd938b4a63d24be4f,DETERMINISTIC_EMPIRICAL_ABM,True,497,1000000.0,1000000.0,2.0,0.0,497.0,True,True,11,0,11,1.0,497.0,2037.6999999999998,1,491,1
R3_DET_4000.0_True_watts_strogatz_47,phase_4f_3,DETERMINISTIC_EMPIRICAL_ABM,watts_strogatz,0.15,47,4000.0,True,500,24,COMPLETED,N/A,0d5acf7ef798ebd814d6a6431f9b9f1da36789c0225120f4468d78c2e9f1d241,69434d32a3c02b683740e71fd7e6496297a2a969ccb031afd7665e137c80a37c,c38d08e171f06628ec82c829d3998f5ea7150f4f95b340224a544f1cff01ea0b,e6b7bd53bda6f2fcff020320531bc87dd5c0fb1a78ff04943155a653978d0842,DETERMINISTIC_EMPIRICAL_ABM,True,466,1000000.0,1000000.0,2.0,0.0,466.0,True,False,58,4,54,1.0,466.0,1910.6,1,461,1
R3_DET_4000.0_True_watts_strogatz_48,phase_4f_3,DETERMINISTIC_EMPIRICAL_ABM,watts_strogatz,0.15,48,4000.0,True,500,24,COMPLETED,N/A,0d5acf7ef798ebd814d6a6431f9b9f1da36789c0225120f4468d78c2e9f1d241,d7f49c8929a2c3b669150932d9e7059885a509d4c30b2507ab19547a791a4343,efa625180b5f5f87dd79df2293f81eb083a3c394f4ac7ee210446b7072257d45,8736e7d7ea84b53590420fcd5851ca337fbc6e48bacd49fcbc8ebae71204a68b,DETERMINISTIC_EMPIRICAL_ABM,True,474,1000000.0,1000000.0,2.0,0.0,474.0,True,False,52,0,52,1.0,474.0,1943.3999999999999,1,469,1
R3_DET_4000.0_True_watts_strogatz_49,phase_4f_3,DETERMINISTIC_EMPIRICAL_ABM,watts_strogatz,0.15,49,4000.0,True,500,24,COMPLETED,N/A,0d5acf7ef798ebd814d6a6431f9b9f1da36789c0225120f4468d78c2e9f1d241,bfc08c77146b642e068af70a52dd9e7e58ee9e16f0926ca5264439c936fae7fc,198259d23cd5561590a7d7339371bd0a0b8deea4f7bc7b85beac0bbdad51ee79,603c3225d25c737e1685d74e5d87fb4e6b82075a164c194306b8449883bfe949,DETERMINISTIC_EMPIRICAL_ABM,True,438,1000000.0,1000000.0,2.0,0.0,438.0,True,False,120,7,113,1.0,438.0,1795.8,1,433,1
R3_DET_4000.0_True_watts_strogatz_50,phase_4f_3,DETERMINISTIC_EMPIRICAL_ABM,watts_strogatz,0.15,50,4000.0,True,500,24,COMPLETED,N/A,0d5acf7ef798ebd814d6a6431f9b9f1da36789c0225120f4468d78c2e9f1d241,d4d58ca4b47ab6c867950d708e5ce060d2848434b01ee89c8f6b5ed4aede3cb3,d2c1351abb2c5890723631c5ad34da35ecc3a0038fa1c70b91d5c077d5702787,ddaeefa90cd549b0f29e699c43602601fb164dadbc2f067fb321686e80106518,DETERMINISTIC_EMPIRICAL_ABM,True,416,1000000.0,1000000.0,2.0,0.0,416.0,True,False,146,12,134,1.0,416.0,1705.6,1,411,1
R3_DET_4000.0_True_watts_strogatz_51,phase_4f_3,DETERMINISTIC_EMPIRICAL_ABM,watts_strogatz,0.15,51,4000.0,True,500,24,COMPLETED,N/A,0d5acf7ef798ebd814d6a6431f9b9f1da36789c0225120f4468d78c2e9f1d241,359bf15ef52b3911d2dbcd7b58199414d16600e7043de551211c081514514d81,1dd17119ff83be0c329ba55ba4bdae92703005a12f8a94637f51ea7efe564d4d,68fa2edbaa7fc102f921e94b501944b8f18de4b4335ffd7e3782a8c424bf94ef,DETERMINISTIC_EMPIRICAL_ABM,True,491,1000000.0,1000000.0,2.0,0.0,491.0,True,True,27,0,27,1.0,491.0,2013.1,1,486,1
R3_DET_5000.0_False_barabasi_albert_42,phase_4f_3,DETERMINISTIC_EMPIRICAL_ABM,barabasi_albert,0.15,42,5000.0,False,500,24,COMPLETED,N/A,0d5acf7ef798ebd814d6a6431f9b9f1da36789c0225120f4468d78c2e9f1d241,5111a419e3a2afe66bcdbfec30a3089885f4fb87217b10fb5ea65e56a8a7a547,1e3d145632ed8feb641ee76dba167b0ae7fd77e7fc750060edc994405777f13e,2e260f997ad3ce518bf63c52028f4a5fbfe873dcba382b3dad54a42d09796b91,DETERMINISTIC_EMPIRICAL_ABM,False,500,1000000.0,1000000.0,2.0,0.0,500.0,True,True,0,0,0,1.0,500.0,2050.0,1,495,1
R3_DET_5000.0_False_barabasi_albert_43,phase_4f_3,DETERMINISTIC_EMPIRICAL_ABM,barabasi_albert,0.15,43,5000.0,False,500,24,COMPLETED,N/A,0d5acf7ef798ebd814d6a6431f9b9f1da36789c0225120f4468d78c2e9f1d241,a29602389ebcd52aa3e0087bbf237a8c2e96a4c2018e4a5ac34f1facb99e8e34,7dce82d90b732932500fb76d286f7f0921d432d159585a9ef4f3daccbd654c79,38681447309d2d30a7bfc444e1e2f8f2e7866e69546672821bd62e61b77282bb,DETERMINISTIC_EMPIRICAL_ABM,False,500,1000000.0,1000000.0,2.0,0.0,500.0,True,True,0,0,0,1.0,500.0,2050.0,1,495,1
R3_DET_5000.0_False_barabasi_albert_44,phase_4f_3,DETERMINISTIC_EMPIRICAL_ABM,barabasi_albert,0.15,44,5000.0,False,500,24,COMPLETED,N/A,0d5acf7ef798ebd814d6a6431f9b9f1da36789c0225120f4468d78c2e9f1d241,4220ceb2c42b6c5e4f053a94882b442a5c6ae06fc3485aaafebb51a1c0186796,532eb635d4b6fbe126ae2320d72777258ddaa15871f9c3ad7ae202d62f83c655,8c057554266d381eaa7f1890659815b09c89df5a7a4603ffdd6f003dcd29e9cc,DETERMINISTIC_EMPIRICAL_ABM,False,500,1000000.0,1000000.0,2.0,0.0,500.0,True,True,0,0,0,1.0,500.0,2050.0,1,495,1
R3_DET_5000.0_False_barabasi_albert_45,phase_4f_3,DETERMINISTIC_EMPIRICAL_ABM,barabasi_albert,0.15,45,5000.0,False,500,24,COMPLETED,N/A,0d5acf7ef798ebd814d6a6431f9b9f1da36789c0225120f4468d78c2e9f1d241,d5b2a0aab2adcac29b8c32812fe190f65e60cf20f371eabdea5cd343b43bc3bc,76205af38ffa05f294cb7d2188c3526fe1fffe8262ea07606f44136edee4d579,fbefbccdd84f9ca1d2dd5e6d466f0b032ab4cf834adb1b3d54530e5f8c0996c8,DETERMINISTIC_EMPIRICAL_ABM,False,500,1000000.0,1000000.0,2.0,0.0,500.0,True,True,0,0,0,1.0,500.0,2050.0,1,495,1
R3_DET_5000.0_False_barabasi_albert_46,phase_4f_3,DETERMINISTIC_EMPIRICAL_ABM,barabasi_albert,0.15,46,5000.0,False,500,24,COMPLETED,N/A,0d5acf7ef798ebd814d6a6431f9b9f1da36789c0225120f4468d78c2e9f1d241,ae4aff1b5a2ecc2c84968606fe231c9e9c565768576a614ba98cc975c1983d19,487a4c770e3931a8a44e311c0770cb34eb832b6eeedc5dfcbbc87dd65a2ff4c8,cda9cfd20a82a5344c41124d9ba6d8d2d218596bd4d0d18520357474589f341a,DETERMINISTIC_EMPIRICAL_ABM,False,500,1000000.0,1000000.0,2.0,0.0,500.0,True,True,0,0,0,1.0,500.0,2050.0,1,495,1
R3_DET_5000.0_False_barabasi_albert_47,phase_4f_3,DETERMINISTIC_EMPIRICAL_ABM,barabasi_albert,0.15,47,5000.0,False,500,24,COMPLETED,N/A,0d5acf7ef798ebd814d6a6431f9b9f1da36789c0225120f4468d78c2e9f1d241,389ca4279df4f7c21e0b5cc16136fa975af3e9268f1c575a76cf78e4988e88e2,55fdf354263e577b6044e13189ea04d0cf60157671236ee3260297879ec7d487,a69c04db156a2783ddc200c5997f73e0daf94501d9ea9cad0873c6637ad1c2bc,DETERMINISTIC_EMPIRICAL_ABM,False,500,1000000.0,1000000.0,2.0,0.0,500.0,True,True,0,0,0,1.0,500.0,2050.0,1,495,1
R3_DET_5000.0_False_barabasi_albert_48,phase_4f_3,DETERMINISTIC_EMPIRICAL_ABM,barabasi_albert,0.15,48,5000.0,False,500,24,COMPLETED,N/A,0d5acf7ef798ebd814d6a6431f9b9f1da36789c0225120f4468d78c2e9f1d241,317a3d18b15a9c7c2884dbbadb0b1a25796baf06938895bf90e5f057a6ac0fd1,9bd57fc777feab7fcb302d5eb99d1b9e7fbba0362a9b92bb83ff7bc0dcc42fe5,47304a81e7399774b28cd16c74508be7c4a39e80d37850b1a849f04a7d7e8e04,DETERMINISTIC_EMPIRICAL_ABM,False,500,1000000.0,1000000.0,2.0,0.0,500.0,True,True,0,0,0,1.0,500.0,2050.0,1,495,1
R3_DET_5000.0_False_barabasi_albert_49,phase_4f_3,DETERMINISTIC_EMPIRICAL_ABM,barabasi_albert,0.15,49,5000.0,False,500,24,COMPLETED,N/A,0d5acf7ef798ebd814d6a6431f9b9f1da36789c0225120f4468d78c2e9f1d241,b1a73d92bbedac32b1230c612c042ee8b2928936c8c3db073d496ae608e1916a,0565eb32391ba64d7a083c59c61127cb939908000c21e874cfac555434e4de9c,8bd4c15bb520998b83dbecd9d4c30a891f3ecb4ac51311e4f292de60a88e0ede,DETERMINISTIC_EMPIRICAL_ABM,False,500,1000000.0,1000000.0,2.0,0.0,500.0,True,True,0,0,0,1.0,500.0,2050.0,1,495,1
R3_DET_5000.0_False_barabasi_albert_50,phase_4f_3,DETERMINISTIC_EMPIRICAL_ABM,barabasi_albert,0.15,50,5000.0,False,500,24,COMPLETED,N/A,0d5acf7ef798ebd814d6a6431f9b9f1da36789c0225120f4468d78c2e9f1d241,c6208496197778d9b9ad6ad988640741c0701f05dc431a23d99d6f27275f83ea,77fb5d66e1620a4a6c2c9a8dd5b605001b6917036c6219d5732e7c41dc133fdf,1fa6210061e509e88cfa5eddc288535d1c26b9ec027cedab0ffb5f2ac05db537,DETERMINISTIC_EMPIRICAL_ABM,False,500,1000000.0,1000000.0,2.0,0.0,500.0,True,True,0,0,0,1.0,500.0,2050.0,1,495,1
R3_DET_5000.0_False_barabasi_albert_51,phase_4f_3,DETERMINISTIC_EMPIRICAL_ABM,barabasi_albert,0.15,51,5000.0,False,500,24,COMPLETED,N/A,0d5acf7ef798ebd814d6a6431f9b9f1da36789c0225120f4468d78c2e9f1d241,2c97417b0c44663b202d6f75fd0236222df9e343b62ba5b4269e15241395cd41,2cbd9d0d60785114fcf37f25bd3e040506f9127c62d64123750803f9c7c984e0,bea12eebd5d81967e4f4a979a08e6b8777e51de581cf9769308247db5be97ebe,DETERMINISTIC_EMPIRICAL_ABM,False,500,1000000.0,1000000.0,2.0,0.0,500.0,True,True,0,0,0,1.0,500.0,2050.0,1,495,1
R3_DET_5000.0_False_watts_strogatz_42,phase_4f_3,DETERMINISTIC_EMPIRICAL_ABM,watts_strogatz,0.15,42,5000.0,False,500,24,COMPLETED,N/A,0d5acf7ef798ebd814d6a6431f9b9f1da36789c0225120f4468d78c2e9f1d241,3c0d60f41e693f5f0dd270fe64f52f67b7864fe322df0cef00004a07f104167e,37925002113b27caea2b0bf083d04c8c680144224b534c113ab577a181c5a9d9,94f14a6e640fc6471d6493a89ec5b065f52c5b82455332112b54eaf223f9606b,DETERMINISTIC_EMPIRICAL_ABM,False,500,1000000.0,1000000.0,2.0,0.0,500.0,True,True,0,0,0,1.0,500.0,2050.0,1,495,1
R3_DET_5000.0_False_watts_strogatz_43,phase_4f_3,DETERMINISTIC_EMPIRICAL_ABM,watts_strogatz,0.15,43,5000.0,False,500,24,COMPLETED,N/A,0d5acf7ef798ebd814d6a6431f9b9f1da36789c0225120f4468d78c2e9f1d241,4a6013ed3a54424bddd3249f275f21bdb9ddf67df9ae6873f8ad1c5b859e795d,b5265362fa20ed79a4ffab6ce05fe29f12ce28211813e19dfe2d44fa74dde985,34c33233ddbd48fb2981ade05ae1f02f6a013e1244d3235ca8d35b78ec515fa8,DETERMINISTIC_EMPIRICAL_ABM,False,500,1000000.0,1000000.0,2.0,0.0,500.0,True,True,0,0,0,1.0,500.0,2050.0,1,495,1
R3_DET_5000.0_False_watts_strogatz_44,phase_4f_3,DETERMINISTIC_EMPIRICAL_ABM,watts_strogatz,0.15,44,5000.0,False,500,24,COMPLETED,N/A,0d5acf7ef798ebd814d6a6431f9b9f1da36789c0225120f4468d78c2e9f1d241,9fcb33427329f26bbe2bc03bf5aaee8312d7c27b6e25502eca7f8ca69debf09b,7dfe9d08bfb6f0fc8b2012cd5460cc5fd2f1da531aa0165394e16ac84aa72971,f69839599d3bdeb942415e3e44e5181d029ed6c442d0bc34af1efb12ec4a504d,DETERMINISTIC_EMPIRICAL_ABM,False,500,1000000.0,1000000.0,2.0,0.0,500.0,True,True,0,0,0,1.0,500.0,2050.0,1,495,1
R3_DET_5000.0_False_watts_strogatz_45,phase_4f_3,DETERMINISTIC_EMPIRICAL_ABM,watts_strogatz,0.15,45,5000.0,False,500,24,COMPLETED,N/A,0d5acf7ef798ebd814d6a6431f9b9f1da36789c0225120f4468d78c2e9f1d241,baae0672d8ac630717e065bd790f94a7cd7d6e115661892167508230eee215b2,4760674f84df80d8b895aa24e5bc47c458afb5ca594d85d51590c602c74b6d70,ce45d747d93aa0243678a7387767c1e974e723c4517d41e45cc5f3fb3b99fcce,DETERMINISTIC_EMPIRICAL_ABM,False,500,1000000.0,1000000.0,2.0,0.0,500.0,True,True,0,0,0,1.0,500.0,2050.0,1,495,1
R3_DET_5000.0_False_watts_strogatz_46,phase_4f_3,DETERMINISTIC_EMPIRICAL_ABM,watts_strogatz,0.15,46,5000.0,False,500,24,COMPLETED,N/A,0d5acf7ef798ebd814d6a6431f9b9f1da36789c0225120f4468d78c2e9f1d241,dc93f03b19d925698586c89520f60798b812d0ae0fe551cfce8bb72e021d4d76,1e0cec27e94d22df0ef5a7b944561e3b71d8470526b61df081bbe8bb3aead6f0,ae46c94d9c3f4195d5cf81b0509c17300f76f8cb0e57b3dc1e54c8d34cd68ad5,DETERMINISTIC_EMPIRICAL_ABM,False,500,1000000.0,1000000.0,2.0,0.0,500.0,True,True,0,0,0,1.0,500.0,2050.0,1,495,1
R3_DET_5000.0_False_watts_strogatz_47,phase_4f_3,DETERMINISTIC_EMPIRICAL_ABM,watts_strogatz,0.15,47,5000.0,False,500,24,COMPLETED,N/A,0d5acf7ef798ebd814d6a6431f9b9f1da36789c0225120f4468d78c2e9f1d241,e94ff9e1a7bd394039b9a0a64b3b03a3cf4783ca84c523ebff51f7d36e7b4041,e595c31952111e96760354f9e7c00e8bb40d35a8b4ab0858e049a26b78ac02ed,48e04dceee61f676ef5a8fdd74f38fd9e9578ff0bd71240995ec073a2e177efb,DETERMINISTIC_EMPIRICAL_ABM,False,500,1000000.0,1000000.0,2.0,0.0,500.0,True,True,0,0,0,1.0,500.0,2050.0,1,495,1
R3_DET_5000.0_False_watts_strogatz_48,phase_4f_3,DETERMINISTIC_EMPIRICAL_ABM,watts_strogatz,0.15,48,5000.0,False,500,24,COMPLETED,N/A,0d5acf7ef798ebd814d6a6431f9b9f1da36789c0225120f4468d78c2e9f1d241,c1042ce54efbde201a3a7f262a3cd16bf2674156012d5745b34e422b3dc8a6ab,06c1e0279230966e208ca1b23b737950ae54cedecab3f56ce7a15600681cc07e,8502e9fc7420a808e6b3feafcfc622c201ab5c81fcb245e1a41f11ec028422d5,DETERMINISTIC_EMPIRICAL_ABM,False,500,1000000.0,1000000.0,2.0,0.0,500.0,True,True,0,0,0,1.0,500.0,2050.0,1,495,1
R3_DET_5000.0_False_watts_strogatz_49,phase_4f_3,DETERMINISTIC_EMPIRICAL_ABM,watts_strogatz,0.15,49,5000.0,False,500,24,COMPLETED,N/A,0d5acf7ef798ebd814d6a6431f9b9f1da36789c0225120f4468d78c2e9f1d241,450505e682691abed08ee47206ee17525717b9a3473139a35db9a26c437005fd,2ac69318a8e2c5aa5beeeeffd26c2984390ecfe84d65183acb05e1325784c896,9ddd577f3cc1eee5c0fe2c4d338ed1e6b6140c3b0a385e6c0192f7c43b80eead,DETERMINISTIC_EMPIRICAL_ABM,False,500,1000000.0,1000000.0,2.0,0.0,500.0,True,True,0,0,0,1.0,500.0,2050.0,1,495,1
R3_DET_5000.0_False_watts_strogatz_50,phase_4f_3,DETERMINISTIC_EMPIRICAL_ABM,watts_strogatz,0.15,50,5000.0,False,500,24,COMPLETED,N/A,0d5acf7ef798ebd814d6a6431f9b9f1da36789c0225120f4468d78c2e9f1d241,d05052a35b3a602db89ce13a9d42e305a2d7e93bfdc33f902b5f0a18ebb59774,9186ab8269be15bf16d3f8865c5b48f64ed3ca53d7762fd23b80f176d5e2d2bb,069c82840c80b8da12e0b25ef7af40a73329e649eabf8d12858fec601b096955,DETERMINISTIC_EMPIRICAL_ABM,False,500,1000000.0,1000000.0,2.0,0.0,500.0,True,True,0,0,0,1.0,500.0,2050.0,1,495,1
R3_DET_5000.0_False_watts_strogatz_51,phase_4f_3,DETERMINISTIC_EMPIRICAL_ABM,watts_strogatz,0.15,51,5000.0,False,500,24,COMPLETED,N/A,0d5acf7ef798ebd814d6a6431f9b9f1da36789c0225120f4468d78c2e9f1d241,3dc6c2e2a377eec6ef9af867f5f546b2f2ba1ab81ff356ffe0acb7734b610404,80f570a078083f2fdb1abc97dae956abe5d3fcf1814fcfbd25e7c53cfae4f9f1,7f0cce8c6cc9fc08ed801a6bc7eece6340efafbab96a48f206441a096a257e78,DETERMINISTIC_EMPIRICAL_ABM,False,500,1000000.0,1000000.0,2.0,0.0,500.0,True,True,0,0,0,1.0,500.0,2050.0,1,495,1
R3_DET_5000.0_True_barabasi_albert_42,phase_4f_3,DETERMINISTIC_EMPIRICAL_ABM,barabasi_albert,0.15,42,5000.0,True,500,24,COMPLETED,N/A,0d5acf7ef798ebd814d6a6431f9b9f1da36789c0225120f4468d78c2e9f1d241,279d8571f3808d5ef7a51fe99268d03650b1a6081081b4b4cb78503c6b550e61,57c2c00090324514bf64d996527a90dadfd87f35572d9fa4e2391a37735e6207,12f78e66a17bd48752c10b5c5717320d08acaf0ee1dd384deb99f285d891b616,DETERMINISTIC_EMPIRICAL_ABM,True,500,1000000.0,1000000.0,2.0,0.0,500.0,True,True,0,0,0,1.0,500.0,2050.0,1,495,1
R3_DET_5000.0_True_barabasi_albert_43,phase_4f_3,DETERMINISTIC_EMPIRICAL_ABM,barabasi_albert,0.15,43,5000.0,True,500,24,COMPLETED,N/A,0d5acf7ef798ebd814d6a6431f9b9f1da36789c0225120f4468d78c2e9f1d241,d34946ab023e4313adec79c7db1a98de678a4643e90f33272f8cfb5092f38ee5,64e172bb1971d589f7b8cae5535a483816556e9c7671ee3b9d5faac211e3032e,aa30ece493a4664e9ddb3c5dc7517865d42452918742be4d15fdcc7ea9d8c1b7,DETERMINISTIC_EMPIRICAL_ABM,True,500,1000000.0,1000000.0,2.0,0.0,500.0,True,True,0,0,0,1.0,500.0,2050.0,1,495,1
R3_DET_5000.0_True_barabasi_albert_44,phase_4f_3,DETERMINISTIC_EMPIRICAL_ABM,barabasi_albert,0.15,44,5000.0,True,500,24,COMPLETED,N/A,0d5acf7ef798ebd814d6a6431f9b9f1da36789c0225120f4468d78c2e9f1d241,c4253d5e4f2b9dac1ef35a268feab7be0633c61b20bbbb0ab081a4936727a28b,33869dd27df65e4a5a15c96b1c7911d4fafd499e307afe1c6d6b7b530f319467,cc4d6474ce5614958f5f04cc199e881ac4a10c04535aacd045fabe346efa5780,DETERMINISTIC_EMPIRICAL_ABM,True,500,1000000.0,1000000.0,2.0,0.0,500.0,True,True,0,0,0,1.0,500.0,2050.0,1,495,1
R3_DET_5000.0_True_barabasi_albert_45,phase_4f_3,DETERMINISTIC_EMPIRICAL_ABM,barabasi_albert,0.15,45,5000.0,True,500,24,COMPLETED,N/A,0d5acf7ef798ebd814d6a6431f9b9f1da36789c0225120f4468d78c2e9f1d241,bfd8cae16323af0c374e23db3978faac10ba188f1cb77e960d1ed0cec112afc7,8ee28929928d5a9c02ba7fc5c8458a28363c3c590dc5788e3a3fc2cad6abfa30,2f008f93cb9aaa652772928b1505f1b460e9a9765dac8af595f62cf8286d7514,DETERMINISTIC_EMPIRICAL_ABM,True,500,1000000.0,1000000.0,2.0,0.0,500.0,True,True,0,0,0,1.0,500.0,2050.0,1,495,1
R3_DET_5000.0_True_barabasi_albert_46,phase_4f_3,DETERMINISTIC_EMPIRICAL_ABM,barabasi_albert,0.15,46,5000.0,True,500,24,COMPLETED,N/A,0d5acf7ef798ebd814d6a6431f9b9f1da36789c0225120f4468d78c2e9f1d241,0e3d2bb26595b4dd13f1925d4c5ef70a266cab783f2b06d29b2db4e46ca77826,7bb2f57af381b239bf82ce8a8265df6e4d0a48ab420a55e4711a8ff5b923ef13,e23341e7b2023ce326b8afd1078379484409217fb55850660e62efe8d1fc841c,DETERMINISTIC_EMPIRICAL_ABM,True,500,1000000.0,1000000.0,2.0,0.0,500.0,True,True,0,0,0,1.0,500.0,2050.0,1,495,1
R3_DET_5000.0_True_barabasi_albert_47,phase_4f_3,DETERMINISTIC_EMPIRICAL_ABM,barabasi_albert,0.15,47,5000.0,True,500,24,COMPLETED,N/A,0d5acf7ef798ebd814d6a6431f9b9f1da36789c0225120f4468d78c2e9f1d241,734af1ee884838de68527eb9fbdd4a53f377f45f43d83e3a623e2f0550a49c66,afeaa447455f95c09f08d395856699412bf72c402822b5716549382a2a63811f,98c5c47f543b7a35dc61f83076dd55e951e9d3d8a5885c76ae7a1b3903c8a8fe,DETERMINISTIC_EMPIRICAL_ABM,True,500,1000000.0,1000000.0,2.0,0.0,500.0,True,True,0,0,0,1.0,500.0,2050.0,1,495,1
R3_DET_5000.0_True_barabasi_albert_48,phase_4f_3,DETERMINISTIC_EMPIRICAL_ABM,barabasi_albert,0.15,48,5000.0,True,500,24,COMPLETED,N/A,0d5acf7ef798ebd814d6a6431f9b9f1da36789c0225120f4468d78c2e9f1d241,a264aa458aa504c07968417248fa9db182969fb575da142f4c16222cb890b6db,d5cca358906767fc612783e455d73055bc52e705db59187744d9efd6b267270b,cf8af8089d7160cb5dd5b3004030694ce93ecd2287ca1303e405cf05231c7434,DETERMINISTIC_EMPIRICAL_ABM,True,500,1000000.0,1000000.0,2.0,0.0,500.0,True,True,0,0,0,1.0,500.0,2050.0,1,495,1
R3_DET_5000.0_True_barabasi_albert_49,phase_4f_3,DETERMINISTIC_EMPIRICAL_ABM,barabasi_albert,0.15,49,5000.0,True,500,24,COMPLETED,N/A,0d5acf7ef798ebd814d6a6431f9b9f1da36789c0225120f4468d78c2e9f1d241,ea7146b07710fed4c7a906c7cd7e0d8e038ec5898fb4beff0967b0ab9ff51075,70f16020a203ddc8cd9a41b4ff242b63169c6986bac510076550d64d514e3811,901937759a1649073cede0b57060afe3a6c85689eead3675dfcb69d068effd06,DETERMINISTIC_EMPIRICAL_ABM,True,500,1000000.0,1000000.0,2.0,0.0,500.0,True,True,0,0,0,1.0,500.0,2050.0,1,495,1
R3_DET_5000.0_True_barabasi_albert_50,phase_4f_3,DETERMINISTIC_EMPIRICAL_ABM,barabasi_albert,0.15,50,5000.0,True,500,24,COMPLETED,N/A,0d5acf7ef798ebd814d6a6431f9b9f1da36789c0225120f4468d78c2e9f1d241,900111fadead9dc7f00ee4c420134a9a3c77bd33430e6f2249c73ae3ab0fea16,64ed0156db17ccdbc5aefe8df01c6b3fa8559c957def246ca96ca12be5057a64,4b426852a0a048cfe8074484ebf8ca5dfea6fb0478fb52f3d59b39d1e54a9a71,DETERMINISTIC_EMPIRICAL_ABM,True,500,1000000.0,1000000.0,2.0,0.0,500.0,True,True,0,0,0,1.0,500.0,2050.0,1,495,1
R3_DET_5000.0_True_barabasi_albert_51,phase_4f_3,DETERMINISTIC_EMPIRICAL_ABM,barabasi_albert,0.15,51,5000.0,True,500,24,COMPLETED,N/A,0d5acf7ef798ebd814d6a6431f9b9f1da36789c0225120f4468d78c2e9f1d241,c1be6c5fd5933c1f8c5d16eb78f203d267790d56dc6dd3336d37754e7761c6fe,c463dc059c736ffc7495436b836fe9e3b95769909148c30536fac4a6b9b6ea17,979cf25cce44d45c95a6db45813d9a23baf6e3da23649f31a2f0bcc8e69003bb,DETERMINISTIC_EMPIRICAL_ABM,True,500,1000000.0,1000000.0,2.0,0.0,500.0,True,True,0,0,0,1.0,500.0,2050.0,1,495,1
R3_DET_5000.0_True_watts_strogatz_42,phase_4f_3,DETERMINISTIC_EMPIRICAL_ABM,watts_strogatz,0.15,42,5000.0,True,500,24,COMPLETED,N/A,0d5acf7ef798ebd814d6a6431f9b9f1da36789c0225120f4468d78c2e9f1d241,ae1acdc00a73e0d95ca4c476a38a2ed7c7f5fd6eff825fbf7aac4de72fc9bcaf,f1a2bd75ca07e969b2e547d55e2cda20b9d920fd5e55cd34d0191ce9c7af5387,671949957b1bf3da455a00e66c9ac8cf114bf18355ed10e1fc6f8a5830aac570,DETERMINISTIC_EMPIRICAL_ABM,True,500,1000000.0,1000000.0,2.0,0.0,500.0,True,True,0,0,0,1.0,500.0,2050.0,1,495,1
R3_DET_5000.0_True_watts_strogatz_43,phase_4f_3,DETERMINISTIC_EMPIRICAL_ABM,watts_strogatz,0.15,43,5000.0,True,500,24,COMPLETED,N/A,0d5acf7ef798ebd814d6a6431f9b9f1da36789c0225120f4468d78c2e9f1d241,f3007f7f2136e29db9be3a57508c802d4471d57608bc32a5ecaf6ee5760cc146,cac5fdf40f03583f7eb071f0dc76a6e3d9a86e3b033ea11d2de049426a140035,2e7a3fc832b32918e110bd69a299f93ca4ee0e259ba92c0b599aeee9fed1fd93,DETERMINISTIC_EMPIRICAL_ABM,True,500,1000000.0,1000000.0,2.0,0.0,500.0,True,True,0,0,0,1.0,500.0,2050.0,1,495,1
R3_DET_5000.0_True_watts_strogatz_44,phase_4f_3,DETERMINISTIC_EMPIRICAL_ABM,watts_strogatz,0.15,44,5000.0,True,500,24,COMPLETED,N/A,0d5acf7ef798ebd814d6a6431f9b9f1da36789c0225120f4468d78c2e9f1d241,36536edd7bfce63257e432b3716191ba1119422890fdfff9c342d6f2692f390c,017789704224a2941f8ccf32cd6745138eb9511687cb7b4df11d36dcdee84052,1cbc804140084a8f0c3bce749447b97bbc3d0c7ae10db337fd2f40a3b36326f7,DETERMINISTIC_EMPIRICAL_ABM,True,500,1000000.0,1000000.0,2.0,0.0,500.0,True,True,0,0,0,1.0,500.0,2050.0,1,495,1
R3_DET_5000.0_True_watts_strogatz_45,phase_4f_3,DETERMINISTIC_EMPIRICAL_ABM,watts_strogatz,0.15,45,5000.0,True,500,24,COMPLETED,N/A,0d5acf7ef798ebd814d6a6431f9b9f1da36789c0225120f4468d78c2e9f1d241,b6c812fd7711f333c62e43129f88bfe13a28dcbe33f28877e21632e59ac47c43,a707c45e268239dd2af4b9b6364cb464798be8cac8e983450d986a13c605dfe0,dc3cba1403cb2a3adf27c2057512f445ae67fb492c4a7d9e12989607bb718541,DETERMINISTIC_EMPIRICAL_ABM,True,500,1000000.0,1000000.0,2.0,0.0,500.0,True,True,0,0,0,1.0,500.0,2050.0,1,495,1
R3_DET_5000.0_True_watts_strogatz_46,phase_4f_3,DETERMINISTIC_EMPIRICAL_ABM,watts_strogatz,0.15,46,5000.0,True,500,24,COMPLETED,N/A,0d5acf7ef798ebd814d6a6431f9b9f1da36789c0225120f4468d78c2e9f1d241,dc2df2d830d8fa456eba74d691951e691ae8126b9a79c2f0d4c91c305dc738e4,76abb019ceadcf3662bfdcfc5380cceca3a4e8c269d5f3a7c7c30b71212d8b7f,ff2afcc90761c41c31fa48d67e8da52e23f4b87412e99c2d68a8994565e033e0,DETERMINISTIC_EMPIRICAL_ABM,True,500,1000000.0,1000000.0,2.0,0.0,500.0,True,True,0,0,0,1.0,500.0,2050.0,1,495,1
R3_DET_5000.0_True_watts_strogatz_47,phase_4f_3,DETERMINISTIC_EMPIRICAL_ABM,watts_strogatz,0.15,47,5000.0,True,500,24,COMPLETED,N/A,0d5acf7ef798ebd814d6a6431f9b9f1da36789c0225120f4468d78c2e9f1d241,7dab9cb4761b6c9480bbe5f97e1c00c9f9dcfc3b3850c4fbd10c1e0da50759c0,0af38c9a14f65a86b2349ed9c8feb9d82a676edb93b1a7ea8f7e3b85811fd98c,4e49a87f39677b52b19ef4687b9f6717a336c5024c2d4229f65fd7ab14ff3e3c,DETERMINISTIC_EMPIRICAL_ABM,True,500,1000000.0,1000000.0,2.0,0.0,500.0,True,True,0,0,0,1.0,500.0,2050.0,1,495,1
R3_DET_5000.0_True_watts_strogatz_48,phase_4f_3,DETERMINISTIC_EMPIRICAL_ABM,watts_strogatz,0.15,48,5000.0,True,500,24,COMPLETED,N/A,0d5acf7ef798ebd814d6a6431f9b9f1da36789c0225120f4468d78c2e9f1d241,a239d47182a4072e5989c59363de0e88581b72c901f6e72a05a2a9f9cda7b9f4,97501b870a767a72ab39b82062b3a0971364e8282fbf9276007a13cca2bdeb74,cd99e27cd53023f718c1a0740070b2a5156c05fb2698d6e0d032c9cd5e0357bb,DETERMINISTIC_EMPIRICAL_ABM,True,500,1000000.0,1000000.0,2.0,0.0,500.0,True,True,0,0,0,1.0,500.0,2050.0,1,495,1
R3_DET_5000.0_True_watts_strogatz_49,phase_4f_3,DETERMINISTIC_EMPIRICAL_ABM,watts_strogatz,0.15,49,5000.0,True,500,24,COMPLETED,N/A,0d5acf7ef798ebd814d6a6431f9b9f1da36789c0225120f4468d78c2e9f1d241,580896b1ff6b877b65bc2d27b1e6956d28e77c7ae263b3b2767e3597bbea2cef,34af0e5a14106287394cacbccc0c9c926d0bfd6bb2bb8fb7a18afdb0942e6de3,7af16236e3e51f216058ede68a8285b1e9f770846f91fe78b5039a1691dffad5,DETERMINISTIC_EMPIRICAL_ABM,True,500,1000000.0,1000000.0,2.0,0.0,500.0,True,True,0,0,0,1.0,500.0,2050.0,1,495,1
R3_DET_5000.0_True_watts_strogatz_50,phase_4f_3,DETERMINISTIC_EMPIRICAL_ABM,watts_strogatz,0.15,50,5000.0,True,500,24,COMPLETED,N/A,0d5acf7ef798ebd814d6a6431f9b9f1da36789c0225120f4468d78c2e9f1d241,8b1684750e0c84a5577bbb3900e11a3b4daaa220be6df84af9788a030f235b2b,8c5d5fb20d59acb2022a1a95c47e767c4e14b65d26fc0ce31b29a2a0207d18b9,022036dd3904342357a0e783bd00edb94bf260bf34a0008716b493b2849b2184,DETERMINISTIC_EMPIRICAL_ABM,True,500,1000000.0,1000000.0,2.0,0.0,500.0,True,True,0,0,0,1.0,500.0,2050.0,1,495,1
R3_DET_5000.0_True_watts_strogatz_51,phase_4f_3,DETERMINISTIC_EMPIRICAL_ABM,watts_strogatz,0.15,51,5000.0,True,500,24,COMPLETED,N/A,0d5acf7ef798ebd814d6a6431f9b9f1da36789c0225120f4468d78c2e9f1d241,dc04152ecc34dcc036e229769b75f93de1f2f7130acfdaea01aac342236572ed,774b89af7ad43f58e2cb34e33d66ec4bf897d6c56ba547dabdc0a062937ebbec,36329a0b483b636dd45c1b6395b4bb8a6f6450b8cbf9603b11158f768575bc87,DETERMINISTIC_EMPIRICAL_ABM,True,500,1000000.0,1000000.0,2.0,0.0,500.0,True,True,0,0,0,1.0,500.0,2050.0,1,495,1
R3_STAT_1000.0_False_barabasi_albert_42,phase_4f_3,STATIC_BASELINE,barabasi_albert,0.15,42,1000.0,False,500,24,COMPLETED,N/A,0d5acf7ef798ebd814d6a6431f9b9f1da36789c0225120f4468d78c2e9f1d241,5a32c3ac63c39147325c682ca821bab71b66a7e5dd940a1f2bf7e2626230334f,47ed9024a053d2477cd2e6096331781e33171c86eec5ad711d7e0cbdd004e007,2d344976108539eadf8ecb0c196b5258fc8b5f7c9226fe29f65fa3e8e097da86,STATIC_BASELINE,False,5,1000000.0,0.0,,,,False,False,9967,2060,7907,0.0,5000000000.0,20500000000.0,25,5,0
R3_STAT_1000.0_False_barabasi_albert_43,phase_4f_3,STATIC_BASELINE,barabasi_albert,0.15,43,1000.0,False,500,24,COMPLETED,N/A,0d5acf7ef798ebd814d6a6431f9b9f1da36789c0225120f4468d78c2e9f1d241,592fc9ed9b0cd36f87f4b36f6be603a6fbabe67a385b75aae2fa20f27ea319e4,3e59287aece49bba383024c44cf0b8cdca7d412ef995295dba8d64d04f726186,31e2fab5a2ca31f8284e3660d361bdcb93fe0d7b7ce58f8c1587c16cfaaacde5,STATIC_BASELINE,False,5,1000000.0,0.0,,,,False,False,9966,2080,7886,0.0,5000000000.0,20500000000.0,25,5,0
R3_STAT_1000.0_False_barabasi_albert_44,phase_4f_3,STATIC_BASELINE,barabasi_albert,0.15,44,1000.0,False,500,24,COMPLETED,N/A,0d5acf7ef798ebd814d6a6431f9b9f1da36789c0225120f4468d78c2e9f1d241,7c2a3cc61fb99042daa4c408e490c4ea9983e08db2272b4f351cb0535876dec4,c2b41e8e6f0ee06c2ab93c32d99e520e7ebd5b20c5605ef08692db869fa8db80,e5fa67acfa184b6ebecad881a452aacb7aadb33df0ad8a3ceb76025e6f36a683,STATIC_BASELINE,False,5,1000000.0,0.0,,,,False,False,9967,2221,7746,0.0,5000000000.0,20500000000.0,25,5,0
R3_STAT_1000.0_False_barabasi_albert_45,phase_4f_3,STATIC_BASELINE,barabasi_albert,0.15,45,1000.0,False,500,24,COMPLETED,N/A,0d5acf7ef798ebd814d6a6431f9b9f1da36789c0225120f4468d78c2e9f1d241,7e9bd1295c6ab99cb2e2a0836d558866fc001289d925a916a9d6bf22a84d1383,67140c0463d61b638256ba1db6d2efeac996cc69b9443671de87c700c185fca2,bd74752d5f939ce7c79d58332acfb227b6cc2b5e7c2e7b9a6012579e95184193,STATIC_BASELINE,False,5,1000000.0,0.0,,,,False,False,9967,2542,7425,0.0,5000000000.0,20500000000.0,25,5,0
R3_STAT_1000.0_False_barabasi_albert_46,phase_4f_3,STATIC_BASELINE,barabasi_albert,0.15,46,1000.0,False,500,24,COMPLETED,N/A,0d5acf7ef798ebd814d6a6431f9b9f1da36789c0225120f4468d78c2e9f1d241,c9e9e1fd0c56936568c4bffd474cc82a6d0d888c774b8a202fbc885d0dcf7b7d,70b2e7cd542f90a9012fec9a837fcabc7db3c9e115ccaae04a47714cb3e943d8,596fd801e1b0009d06cace7ef871d4041e34002bda23e9624e131cd9caac363c,STATIC_BASELINE,False,5,1000000.0,0.0,,,,False,False,9967,2181,7786,0.0,5000000000.0,20500000000.0,25,5,0
R3_STAT_1000.0_False_barabasi_albert_47,phase_4f_3,STATIC_BASELINE,barabasi_albert,0.15,47,1000.0,False,500,24,COMPLETED,N/A,0d5acf7ef798ebd814d6a6431f9b9f1da36789c0225120f4468d78c2e9f1d241,94826e4f425599fba913a42cb4434c50c6c108b23b60d366b8415f1a776daaf5,a5d9a67129aae02d07cc6436c35e716975462e85f1f0693e5c98640ec74e127d,c696eef5e0e7d52ff97d3a2dea50ec2adaf0a8b597802c689ab6851048603319,STATIC_BASELINE,False,5,1000000.0,0.0,,,,False,False,9966,2040,7926,0.0,5000000000.0,20500000000.0,25,5,0
R3_STAT_1000.0_False_barabasi_albert_48,phase_4f_3,STATIC_BASELINE,barabasi_albert,0.15,48,1000.0,False,500,24,COMPLETED,N/A,0d5acf7ef798ebd814d6a6431f9b9f1da36789c0225120f4468d78c2e9f1d241,dcaeadbbdf523c817cc556d00b5edc451a59559950f9533de8b7b566a7481171,c9fb290f67a619a651103d18d11078d767ef02fa2a184fd7ce84568e3fe6d637,75733df44c146c0346f776b64c26aa05570e722563d85ccbd0c061ce189c2d41,STATIC_BASELINE,False,5,1000000.0,0.0,,,,False,False,9967,2060,7907,0.0,5000000000.0,20500000000.0,25,5,0
R3_STAT_1000.0_False_barabasi_albert_49,phase_4f_3,STATIC_BASELINE,barabasi_albert,0.15,49,1000.0,False,500,24,COMPLETED,N/A,0d5acf7ef798ebd814d6a6431f9b9f1da36789c0225120f4468d78c2e9f1d241,f51a616b4cb7fb24fbed6577f8c074bded6a6bb51518c1aed0ea35a654c750f0,8117b525cbd9c9f695a774af67d7aeed1226575b3d5011ca8957ef2e48673b05,752a599ff708082e8409ead14749cf7e553b9a9b2a3a2f504cfdf604cd714a09,STATIC_BASELINE,False,5,1000000.0,0.0,,,,False,False,9967,2160,7807,0.0,5000000000.0,20500000000.0,25,5,0
R3_STAT_1000.0_False_barabasi_albert_50,phase_4f_3,STATIC_BASELINE,barabasi_albert,0.15,50,1000.0,False,500,24,COMPLETED,N/A,0d5acf7ef798ebd814d6a6431f9b9f1da36789c0225120f4468d78c2e9f1d241,6b7aa4b7a9017eac04e0f909bf8d0d95f6d97af39092f1440edadbc751e1346c,ab8315b99e1e7040321270f03c9c37804845bf3b3789d5879af5a16dd04cb661,104ed8449aa22f63a39bad1ec51e6661c192f2a2c20c8461add49f63f9a96bc2,STATIC_BASELINE,False,5,1000000.0,0.0,,,,False,False,9967,2181,7786,0.0,5000000000.0,20500000000.0,25,5,0
R3_STAT_1000.0_False_barabasi_albert_51,phase_4f_3,STATIC_BASELINE,barabasi_albert,0.15,51,1000.0,False,500,24,COMPLETED,N/A,0d5acf7ef798ebd814d6a6431f9b9f1da36789c0225120f4468d78c2e9f1d241,a62d2fe654cf5d7b4cd56e4ab653f1ce145ec4bb8f86a9c44718800576c777c3,98e974e09d79c91e51fe9021f203e7764c6b2121ef7e90223fd922b76fe199ac,891735b3118b43aad600a0aaf3fd1cb10431c94d3cce8a993516cf26a9ea6206,STATIC_BASELINE,False,5,1000000.0,0.0,,,,False,False,9963,2141,7822,0.0,5000000000.0,20500000000.0,25,5,0
R3_STAT_1000.0_False_watts_strogatz_42,phase_4f_3,STATIC_BASELINE,watts_strogatz,0.15,42,1000.0,False,500,24,COMPLETED,N/A,0d5acf7ef798ebd814d6a6431f9b9f1da36789c0225120f4468d78c2e9f1d241,fd41b2ba7d0fbe5907edd41d75d147d605d397860805cb3df4534485b0ca10fc,4f8a61458aefa395664bced78e35e882e518390d69634155e397d008e06ab5df,58e31d59396be2e94fc7ba6324c1c09f6b03c50324a72a21b79a44b0e4debc51,STATIC_BASELINE,False,5,1000000.0,0.0,,,,False,False,9967,3082,6885,0.0,5000000000.0,20500000000.0,25,5,0
R3_STAT_1000.0_False_watts_strogatz_43,phase_4f_3,STATIC_BASELINE,watts_strogatz,0.15,43,1000.0,False,500,24,COMPLETED,N/A,0d5acf7ef798ebd814d6a6431f9b9f1da36789c0225120f4468d78c2e9f1d241,012945d6251f8e0d9cfcbeed04d5ba72adb8df02a6ea797a225f4c1563a7d11e,a790dd97d6aac9aa9fb1946f7bb066c5520b496935d9cefa8e3343e39f10790c,a9943cbb1a27ab66f0e5eed29174802d8e2e78dfce54998f47a0c7099548f143,STATIC_BASELINE,False,5,1000000.0,0.0,,,,False,False,9966,3022,6944,0.0,5000000000.0,20500000000.0,25,5,0
R3_STAT_1000.0_False_watts_strogatz_44,phase_4f_3,STATIC_BASELINE,watts_strogatz,0.15,44,1000.0,False,500,24,COMPLETED,N/A,0d5acf7ef798ebd814d6a6431f9b9f1da36789c0225120f4468d78c2e9f1d241,59bf1307d76eca2f56451a1b63896cce7c7508470c68fe1270b1afbaafb70e38,4a2e2cc64d70c5b67c683a03bc26a940ec1e9bf271a0f0637599b8cf45931e11,ddc940c58f5a6ea5705a27fce58bc89ead608a9528677baed7d33b7e9e7ac828,STATIC_BASELINE,False,5,1000000.0,0.0,,,,False,False,9967,3043,6924,0.0,5000000000.0,20500000000.0,25,5,0
R3_STAT_1000.0_False_watts_strogatz_45,phase_4f_3,STATIC_BASELINE,watts_strogatz,0.15,45,1000.0,False,500,24,COMPLETED,N/A,0d5acf7ef798ebd814d6a6431f9b9f1da36789c0225120f4468d78c2e9f1d241,0d424b2e1eb8a1f585fa63e89d403dd3e58fa9b0b01f528aef05887314a0c44c,1948c4948bc88447f0a5e562cb955b71cf4ee6c8853d983a9eb18d9b896bacb8,3f0c5d91877d1ad514bfd9a5c17d5bb20d30bc79a2d6a29d31779a1f0f96ce7a,STATIC_BASELINE,False,5,1000000.0,0.0,,,,False,False,9967,2921,7046,0.0,5000000000.0,20500000000.0,25,5,0
R3_STAT_1000.0_False_watts_strogatz_46,phase_4f_3,STATIC_BASELINE,watts_strogatz,0.15,46,1000.0,False,500,24,COMPLETED,N/A,0d5acf7ef798ebd814d6a6431f9b9f1da36789c0225120f4468d78c2e9f1d241,44db4388b2b70a037a2cb7c4c8ab01074e1b53f74d256da9f8be959bb5be671f,4ad9fe60801fbf3831102694ec4d8d388e57cb5609979d8e45151dede056634f,cfc479438e9a87304e1207ff97c23af58be7f02cd038f1fe02a28d302dd23a44,STATIC_BASELINE,False,5,1000000.0,0.0,,,,False,False,9967,3242,6725,0.0,5000000000.0,20500000000.0,25,5,0
R3_STAT_1000.0_False_watts_strogatz_47,phase_4f_3,STATIC_BASELINE,watts_strogatz,0.15,47,1000.0,False,500,24,COMPLETED,N/A,0d5acf7ef798ebd814d6a6431f9b9f1da36789c0225120f4468d78c2e9f1d241,969c169ba3b2c97a8f8ce824bf5000c58b4a16c0c2a5fff182ac429dc74d64d6,d806bc4ca5671405a5c452484a0322d28d4d96d4b30baccf40daf1c74bec12d3,559fa93253661dcb60378b55b51a695952686ff8a10d052113ce34b3dff083a2,STATIC_BASELINE,False,5,1000000.0,0.0,,,,False,False,9966,3042,6924,0.0,5000000000.0,20500000000.0,25,5,0
R3_STAT_1000.0_False_watts_strogatz_48,phase_4f_3,STATIC_BASELINE,watts_strogatz,0.15,48,1000.0,False,500,24,COMPLETED,N/A,0d5acf7ef798ebd814d6a6431f9b9f1da36789c0225120f4468d78c2e9f1d241,a920df6c6ef827fd5f6d19d8df24b4be07a1008b1255ce00e5669a67753c53d5,3244d924c73cde0b70101380eff24c091fa3d7e349f2d0be971dd39c7e539de7,4242b9a3951385fecb3ec9b01645f7c6c6261e0fc4d45e2bf2a3fd33650f9bc4,STATIC_BASELINE,False,5,1000000.0,0.0,,,,False,False,9967,3181,6786,0.0,5000000000.0,20500000000.0,25,5,0
R3_STAT_1000.0_False_watts_strogatz_49,phase_4f_3,STATIC_BASELINE,watts_strogatz,0.15,49,1000.0,False,500,24,COMPLETED,N/A,0d5acf7ef798ebd814d6a6431f9b9f1da36789c0225120f4468d78c2e9f1d241,57e7868edf4692ac32d6a21b40a2a3189aaced43c95290b4d4bdc6f4c3473d74,118da2fc321128b979a57364b50a9ea085fd219f86fea1631798973c17c7182b,3061209564512f06206bd5397f5974a4c7fe700919f0827371d88ed1a656e936,STATIC_BASELINE,False,5,1000000.0,0.0,,,,False,False,9967,3082,6885,0.0,5000000000.0,20500000000.0,25,5,0
R3_STAT_1000.0_False_watts_strogatz_50,phase_4f_3,STATIC_BASELINE,watts_strogatz,0.15,50,1000.0,False,500,24,COMPLETED,N/A,0d5acf7ef798ebd814d6a6431f9b9f1da36789c0225120f4468d78c2e9f1d241,a3dd849ff1d3d7c73fcb22012c69d3a55b36ed1e58ef598b0bebbf5c6d623441,851e8fccc0fbfbe8c64ba9a15a8eb81329b71da03b0ec8a9e64c35387d0d0912,328cc3d6bb278726399fdcb2d0df46e3f6b59adcb767a7376a0290c0a4697216,STATIC_BASELINE,False,5,1000000.0,0.0,,,,False,False,9967,2961,7006,0.0,5000000000.0,20500000000.0,25,5,0
R3_STAT_1000.0_False_watts_strogatz_51,phase_4f_3,STATIC_BASELINE,watts_strogatz,0.15,51,1000.0,False,500,24,COMPLETED,N/A,0d5acf7ef798ebd814d6a6431f9b9f1da36789c0225120f4468d78c2e9f1d241,89324ed8394d17df992fae566d12fae5e7c06e53f625783af71d063495568c2f,a6f1825a1c6edfd4df4c49ca01e4a400d4c978a6aad816e12625a4e9fc31a3d6,d242cea94f452fb2ae25b9421ebe103a9130e762130085aa4e4e08c5d93887a9,STATIC_BASELINE,False,5,1000000.0,0.0,,,,False,False,9963,2822,7141,0.0,5000000000.0,20500000000.0,25,5,0
R3_STAT_2000.0_False_barabasi_albert_42,phase_4f_3,STATIC_BASELINE,barabasi_albert,0.15,42,2000.0,False,500,24,COMPLETED,N/A,0d5acf7ef798ebd814d6a6431f9b9f1da36789c0225120f4468d78c2e9f1d241,191c5482499816e2e5a5a2e6760483d4cd973c7b3fd5d44a073b19e96c29658e,c8f1afcce12eca73dc8293d5c636e87c83f45db02e93c7f94c44a098e219d05d,7434c169f205ec438e8c13727e18322dfd9b2f266fc45fdac4a45a55d1a37f64,STATIC_BASELINE,False,500,1000000.0,990000.0,,,,True,True,8408,1748,6660,0.99,505.0505050505051,2070.7070707070707,18,492,1
R3_STAT_2000.0_False_barabasi_albert_43,phase_4f_3,STATIC_BASELINE,barabasi_albert,0.15,43,2000.0,False,500,24,COMPLETED,N/A,0d5acf7ef798ebd814d6a6431f9b9f1da36789c0225120f4468d78c2e9f1d241,69320bd9bd0af28e4ae09468b26e74f8ecdd7f8a7eb885b003136dd6f2acbf47,d385973a5386470ef270f426394bfbb2107deec60107636f688b42e0b1e34eea,55735015ccd90b90df888c4914d1f2025578e2deb16a410aebe578ef7d62b6f5,STATIC_BASELINE,False,500,1000000.0,990000.0,,,,True,True,8408,1765,6643,0.99,505.0505050505051,2070.7070707070707,18,492,1
R3_STAT_2000.0_False_barabasi_albert_44,phase_4f_3,STATIC_BASELINE,barabasi_albert,0.15,44,2000.0,False,500,24,COMPLETED,N/A,0d5acf7ef798ebd814d6a6431f9b9f1da36789c0225120f4468d78c2e9f1d241,d2cc678cc33697741e26bc1ed9dfd84479048b24fc76a5a98d7446988c405876,eea85a79f22b514bf20a3fc675d8f4578453367b1369f22c194477c67e98b357,0070c69e6a7772d1e5db68193057e16f2c146fbf33adbda9eaee2e0f18ddd96d,STATIC_BASELINE,False,500,1000000.0,990000.0,,,,True,True,8408,1884,6524,0.99,505.0505050505051,2070.7070707070707,18,492,1
R3_STAT_2000.0_False_barabasi_albert_45,phase_4f_3,STATIC_BASELINE,barabasi_albert,0.15,45,2000.0,False,500,24,COMPLETED,N/A,0d5acf7ef798ebd814d6a6431f9b9f1da36789c0225120f4468d78c2e9f1d241,8a3aa3449f3f8064af5e911ff8ea1f45fe8eae46254bb9cd22bd932a2a328dc7,9f17a2c4fdcf5ca92429c0fb09373196ccf39d6c13d621fc89f679b39d8e481e,ffffce9c2b4003b499770ef0029352d572dd5ccf5a83ea6ee870674284502af8,STATIC_BASELINE,False,500,1000000.0,990000.0,,,,True,True,8408,2154,6254,0.99,505.0505050505051,2070.7070707070707,18,492,1
R3_STAT_2000.0_False_barabasi_albert_46,phase_4f_3,STATIC_BASELINE,barabasi_albert,0.15,46,2000.0,False,500,24,COMPLETED,N/A,0d5acf7ef798ebd814d6a6431f9b9f1da36789c0225120f4468d78c2e9f1d241,34294b421ba93e378d3e184599c54c4c865ca42a2de7ac2df0c26f9873a4b939,555e7024408aec3a511e6cad987e554deb6fd4857a410f26c1802ece977f15bc,2d904d18b0663ba931d04dcebff32e75aa34f581539147ff90a5c564954c72c6,STATIC_BASELINE,False,500,1000000.0,990000.0,,,,True,True,8408,1840,6568,0.99,505.0505050505051,2070.7070707070707,18,492,1
R3_STAT_2000.0_False_barabasi_albert_47,phase_4f_3,STATIC_BASELINE,barabasi_albert,0.15,47,2000.0,False,500,24,COMPLETED,N/A,0d5acf7ef798ebd814d6a6431f9b9f1da36789c0225120f4468d78c2e9f1d241,2d3c9b515021352338c9de478f7d1a55429c44c59b18d61b5d360b938c9c80eb,41397bc2cf73f29701cdde817c5452b16dcfa8c721140e608bba72267b1a0956,4ba26b97a9a27ea4b9b49ce11b44489d937a338a241c3ffdda06d33f06ce1b17,STATIC_BASELINE,False,500,1000000.0,990000.0,,,,True,True,8408,1730,6678,0.99,505.0505050505051,2070.7070707070707,18,492,1
R3_STAT_2000.0_False_barabasi_albert_48,phase_4f_3,STATIC_BASELINE,barabasi_albert,0.15,48,2000.0,False,500,24,COMPLETED,N/A,0d5acf7ef798ebd814d6a6431f9b9f1da36789c0225120f4468d78c2e9f1d241,e5c00d5aa5d63556ae36305ced47434d6e10610f0aa2b2500c3dd23185ca5f85,a05312b82eeef2246f9b4761b537c141bfce90a3c3d1df3964d3613833f096e1,f9d1aee827f94b001b26318d37f002129109404e238a998bacdcc2c52168a02d,STATIC_BASELINE,False,500,1000000.0,990000.0,,,,True,True,8408,1749,6659,0.99,505.0505050505051,2070.7070707070707,18,492,1
R3_STAT_2000.0_False_barabasi_albert_49,phase_4f_3,STATIC_BASELINE,barabasi_albert,0.15,49,2000.0,False,500,24,COMPLETED,N/A,0d5acf7ef798ebd814d6a6431f9b9f1da36789c0225120f4468d78c2e9f1d241,e6cf3dae08b4d2351bed673c30ac31a5cd33f022e3a43a6fd5344b855cff12ce,b9fd4941235b05cc8e935c740305e80a83fb24fabd909e4754299d880108f444,411fadcd846e1d7ded1acc8bda9e9b035bf895f21055e563ded76e348334b683,STATIC_BASELINE,False,500,1000000.0,990000.0,,,,True,True,8408,1835,6573,0.99,505.0505050505051,2070.7070707070707,18,492,1
R3_STAT_2000.0_False_barabasi_albert_50,phase_4f_3,STATIC_BASELINE,barabasi_albert,0.15,50,2000.0,False,500,24,COMPLETED,N/A,0d5acf7ef798ebd814d6a6431f9b9f1da36789c0225120f4468d78c2e9f1d241,7651cd49f6dede33c2d60ff7be5093a49a3dd6ada8398affae92085414ee54d6,34ff7d124a2b86510313f4031a62e0679edeef860af06aa9a8172fedc6791bbc,cdc3745a93da188997bf55d9c6807d4c97c4f4efa6aa806947b85389c2e3424a,STATIC_BASELINE,False,500,1000000.0,990000.0,,,,True,True,8408,1851,6557,0.99,505.0505050505051,2070.7070707070707,18,492,1
R3_STAT_2000.0_False_barabasi_albert_51,phase_4f_3,STATIC_BASELINE,barabasi_albert,0.15,51,2000.0,False,500,24,COMPLETED,N/A,0d5acf7ef798ebd814d6a6431f9b9f1da36789c0225120f4468d78c2e9f1d241,0233fb9aa89dd871a8ccf0c242cb10feb5fd94100494e65c51dab918012711ef,0972759e641f3170aa74968005c5bd8d0a439f69b37dbfb7fd760cb5f89d2fc8,a9cc5d80e9865ecbfbbe396b1d77ef7a111fc0a46278d1ccfa7d4b4123fa1c90,STATIC_BASELINE,False,500,1000000.0,990000.0,,,,True,True,8409,1808,6601,0.99,505.0505050505051,2070.7070707070707,18,493,1
R3_STAT_2000.0_False_watts_strogatz_42,phase_4f_3,STATIC_BASELINE,watts_strogatz,0.15,42,2000.0,False,500,24,COMPLETED,N/A,0d5acf7ef798ebd814d6a6431f9b9f1da36789c0225120f4468d78c2e9f1d241,43550848dc401a007b1fb1426f5dc3c1a415925bac902dd802e1686d2bed80dc,f82af994bf3325fb862fbaa0971cc95d9dde6279ea1288c1ec09a0090477436a,303c04c912bc7fb23ea753c49738cc2a102e41acedec415219497e103b4cc0a9,STATIC_BASELINE,False,500,1000000.0,990000.0,,,,True,True,8408,2599,5809,0.99,505.0505050505051,2070.7070707070707,18,492,1
R3_STAT_2000.0_False_watts_strogatz_43,phase_4f_3,STATIC_BASELINE,watts_strogatz,0.15,43,2000.0,False,500,24,COMPLETED,N/A,0d5acf7ef798ebd814d6a6431f9b9f1da36789c0225120f4468d78c2e9f1d241,2e6db55938c0503321ca0e3a47db480e83249c799edf7f3c79f30ce508730531,369552d1d023c545a4ab0b2f27388a5d2eddbe427e68aeda09f675a4b06c9779,798ae5340a096706ccca2a29e883a7854fbb3392073c4cd5c96a592710f58e19,STATIC_BASELINE,False,500,1000000.0,990000.0,,,,True,True,8408,2544,5864,0.99,505.0505050505051,2070.7070707070707,18,492,1
R3_STAT_2000.0_False_watts_strogatz_44,phase_4f_3,STATIC_BASELINE,watts_strogatz,0.15,44,2000.0,False,500,24,COMPLETED,N/A,0d5acf7ef798ebd814d6a6431f9b9f1da36789c0225120f4468d78c2e9f1d241,38ee3d58d4a99f42f106f8df7fd625a8652dea0e04f93667ac4cd0126e582e64,049990efb0ddeb3302eac22f8b1cdfac1e5e81f55ccf2525f8c219f472b22536,9332b7db8511f508629c403ea74a921d06d415b138c811c7f43ac756e3d3ba99,STATIC_BASELINE,False,500,1000000.0,990000.0,,,,True,True,8408,2556,5852,0.99,505.0505050505051,2070.7070707070707,18,492,1
R3_STAT_2000.0_False_watts_strogatz_45,phase_4f_3,STATIC_BASELINE,watts_strogatz,0.15,45,2000.0,False,500,24,COMPLETED,N/A,0d5acf7ef798ebd814d6a6431f9b9f1da36789c0225120f4468d78c2e9f1d241,9783a9627dbaf974aabf3020d48fe99a60a4ac228b81847a978254c37edb2685,a218d210ed31b8f09b2f504a0766fadc604caea5fb33c01ec924ee1d6659a55b,581f28d00e3c34f0981b9071a093ca623d50e10edafca4a404b005919bdde1e3,STATIC_BASELINE,False,500,1000000.0,990000.0,,,,True,True,8408,2453,5955,0.99,505.0505050505051,2070.7070707070707,18,492,1
R3_STAT_2000.0_False_watts_strogatz_46,phase_4f_3,STATIC_BASELINE,watts_strogatz,0.15,46,2000.0,False,500,24,COMPLETED,N/A,0d5acf7ef798ebd814d6a6431f9b9f1da36789c0225120f4468d78c2e9f1d241,f0fa2693a75baabeb77a00a78dd39284b47f8198f94b13ad13947c7f317ffa5d,f506b22d6860cae94b5d423262c031cb739df7caf84a6571205c2732a753163b,4c57ceecf874e3adcdf7c1ffc32c7ebf5692d3a6c5962d3ce49b97043a947a25,STATIC_BASELINE,False,500,1000000.0,990000.0,,,,True,True,8408,2738,5670,0.99,505.0505050505051,2070.7070707070707,18,492,1
R3_STAT_2000.0_False_watts_strogatz_47,phase_4f_3,STATIC_BASELINE,watts_strogatz,0.15,47,2000.0,False,500,24,COMPLETED,N/A,0d5acf7ef798ebd814d6a6431f9b9f1da36789c0225120f4468d78c2e9f1d241,52ddb42eff77a5f40f21321e92c62223aa4cbbb3651fc4aa0a57593d6540427d,91d5a3bcda7f8ce7e365b6b0d94a4af94c0d20ca1ffd7009d6f91d1698661009,c392365f2b7ff1cacf1eb77d0c063c62f3ff2cdec580ea855e3551a8c3dc509d,STATIC_BASELINE,False,500,1000000.0,990000.0,,,,True,True,8408,2559,5849,0.99,505.0505050505051,2070.7070707070707,18,492,1
R3_STAT_2000.0_False_watts_strogatz_48,phase_4f_3,STATIC_BASELINE,watts_strogatz,0.15,48,2000.0,False,500,24,COMPLETED,N/A,0d5acf7ef798ebd814d6a6431f9b9f1da36789c0225120f4468d78c2e9f1d241,d9475e654095b6f7838b563144d86e28daf1d0087ae2a57b20490c05f0ba6fc0,8f127626bf411d9b4d1972eb0b168f01f2acb94779705767d52f966298df85bb,ef11a7829f40b6b0a79285c3333f42983851e7dc92835689dc75289c0f6e555b,STATIC_BASELINE,False,500,1000000.0,990000.0,,,,True,True,8408,2678,5730,0.99,505.0505050505051,2070.7070707070707,18,492,1
R3_STAT_2000.0_False_watts_strogatz_49,phase_4f_3,STATIC_BASELINE,watts_strogatz,0.15,49,2000.0,False,500,24,COMPLETED,N/A,0d5acf7ef798ebd814d6a6431f9b9f1da36789c0225120f4468d78c2e9f1d241,1950ebcd5e4730d151fe32b4839e8f8e74bab775504db3e44562e14453b0256d,a065c8d87847ea346cac17a3114e523f3f9752781e46ea178340aa3f0bfd4f1f,fd2ad9d546ed62cb10cd836de0479d9f2bd669dadde47fefb07b1206f4d694d1,STATIC_BASELINE,False,500,1000000.0,990000.0,,,,True,True,8408,2597,5811,0.99,505.0505050505051,2070.7070707070707,18,492,1
R3_STAT_2000.0_False_watts_strogatz_50,phase_4f_3,STATIC_BASELINE,watts_strogatz,0.15,50,2000.0,False,500,24,COMPLETED,N/A,0d5acf7ef798ebd814d6a6431f9b9f1da36789c0225120f4468d78c2e9f1d241,4ed2eba3a877549f2638dd0bb11d26a6d3a472edcb71b708a299c1833b080115,a9dbd487d14b7122e02d66e19c3bb54cc68d90e82d0f903666bdb1db15f0f1e5,6f4ab5e78485d77572c1fc05d19b0686feff489ae00175ae82f4c7e877299e7e,STATIC_BASELINE,False,500,1000000.0,990000.0,,,,True,True,8408,2502,5906,0.99,505.0505050505051,2070.7070707070707,18,492,1
R3_STAT_2000.0_False_watts_strogatz_51,phase_4f_3,STATIC_BASELINE,watts_strogatz,0.15,51,2000.0,False,500,24,COMPLETED,N/A,0d5acf7ef798ebd814d6a6431f9b9f1da36789c0225120f4468d78c2e9f1d241,10055afed148ea0d16355001fee076c6694e8e4d2b30bd12a54bced196f43f42,ee99a6e49abc0db1834bdeb80f4276bfe5f0a41130123c0462c695f79f915459,5fbeb7dea628c320f1923e24b9f6aa8aa63c1640930d8fc6bf342081f5633190,STATIC_BASELINE,False,500,1000000.0,990000.0,,,,True,True,8409,2380,6029,0.99,505.0505050505051,2070.7070707070707,18,493,1
R3_STAT_3000.0_False_barabasi_albert_42,phase_4f_3,STATIC_BASELINE,barabasi_albert,0.15,42,3000.0,False,500,24,COMPLETED,N/A,0d5acf7ef798ebd814d6a6431f9b9f1da36789c0225120f4468d78c2e9f1d241,92fb4901fedb61674da599f256583dde834611e94dd31a7f3abae0b1280e2c93,2586bc873af60ff1688ff299a0ad78071226c29fcfd32c6acf39c3979dbc8345,f5ec41d3d75eaacbc687c3a5d0753df453d31d6f945cec32842f73720e376902,STATIC_BASELINE,False,500,1000000.0,1000000.0,11.0,0.0,500.0,True,True,4449,924,3525,1.0,500.0,2050.0,10,492,1
R3_STAT_3000.0_False_barabasi_albert_43,phase_4f_3,STATIC_BASELINE,barabasi_albert,0.15,43,3000.0,False,500,24,COMPLETED,N/A,0d5acf7ef798ebd814d6a6431f9b9f1da36789c0225120f4468d78c2e9f1d241,93f123e163ebe3eb6f3900f9d5f99eb5ed0c0cb5bb63805ca97102daba633195,f9461a8d9fdd94ec6995f5cd3833b44d5c7f7e6a4845a6c15346e10b16e1e112,0c8fdd7f022e3e2feb6033f6074a382831c47713505d53dbfceeaefb5b7d53aa,STATIC_BASELINE,False,500,1000000.0,1000000.0,11.0,0.0,500.0,True,True,4449,933,3516,1.0,500.0,2050.0,10,492,1
R3_STAT_3000.0_False_barabasi_albert_44,phase_4f_3,STATIC_BASELINE,barabasi_albert,0.15,44,3000.0,False,500,24,COMPLETED,N/A,0d5acf7ef798ebd814d6a6431f9b9f1da36789c0225120f4468d78c2e9f1d241,3789e0a20fbcc5d0604f0528f6fb8d46885673ba070f78da01da69f4df63b685,b8ddc4b16b442c1c817f1a3250fcbdf2bb3ef48fdb078fa261da4d3b95bd90de,8396e0202b2e40b240ca9b7b8acc5f0746f7a3c79ad28dee531332873350194a,STATIC_BASELINE,False,500,1000000.0,1000000.0,11.0,0.0,500.0,True,True,4449,996,3453,1.0,500.0,2050.0,10,492,1
R3_STAT_3000.0_False_barabasi_albert_45,phase_4f_3,STATIC_BASELINE,barabasi_albert,0.15,45,3000.0,False,500,24,COMPLETED,N/A,0d5acf7ef798ebd814d6a6431f9b9f1da36789c0225120f4468d78c2e9f1d241,453a860c733bf1e0cb8fe7077f51564f1a4301d5cf5fac292acb5bfd7f931289,3041eef7058b508b4949cf3b9d31acde0dacb32618db5abc17d0de5ce940e46f,2346a8f27232d5c95badbb8c7346e3b3e50f826f990e2bc47f4db434ae901cbe,STATIC_BASELINE,False,500,1000000.0,1000000.0,11.0,0.0,500.0,True,True,4449,1138,3311,1.0,500.0,2050.0,10,492,1
R3_STAT_3000.0_False_barabasi_albert_46,phase_4f_3,STATIC_BASELINE,barabasi_albert,0.15,46,3000.0,False,500,24,COMPLETED,N/A,0d5acf7ef798ebd814d6a6431f9b9f1da36789c0225120f4468d78c2e9f1d241,5cad4ba92cd40aa383f9b281e16ea7f287ee5f94db778880cef3d276d3209cad,41a0984061d9d0e35a11eb52e072789f165a69ba6ec9a135c78b5ac01e7f8eff,a987f41452bff1f25ad51e33036008bcc3f6da3e5b143b2d0d934021036c38a2,STATIC_BASELINE,False,500,1000000.0,1000000.0,11.0,0.0,500.0,True,True,4449,968,3481,1.0,500.0,2050.0,10,492,1
R3_STAT_3000.0_False_barabasi_albert_47,phase_4f_3,STATIC_BASELINE,barabasi_albert,0.15,47,3000.0,False,500,24,COMPLETED,N/A,0d5acf7ef798ebd814d6a6431f9b9f1da36789c0225120f4468d78c2e9f1d241,80855b53acc668434896a48e4ccb5dfa3366973146a0658449b7a69201d68b1f,5147d45ac66902025b3bd51f08113d48864b01b6990495dced109adb5130ff5e,f1572f7cf976357f3c26c6138c59a9266c6fd69d1f8d2a9c3bd759becbce586c,STATIC_BASELINE,False,500,1000000.0,1000000.0,11.0,0.0,500.0,True,True,4449,914,3535,1.0,500.0,2050.0,10,492,1
R3_STAT_3000.0_False_barabasi_albert_48,phase_4f_3,STATIC_BASELINE,barabasi_albert,0.15,48,3000.0,False,500,24,COMPLETED,N/A,0d5acf7ef798ebd814d6a6431f9b9f1da36789c0225120f4468d78c2e9f1d241,be2abbb833d1c2955ca96fe66adfb7248f8e3951074a0fed18caf44196ee902c,493068630c551c95d22d6881e0b70f5cb47f1365b1964954e62036c1d75ec885,ee64f04cc591df09de6c586e3dd1e48e51cc6c330c30ffb349d2125913fe4853,STATIC_BASELINE,False,500,1000000.0,1000000.0,11.0,0.0,500.0,True,True,4449,925,3524,1.0,500.0,2050.0,10,492,1
R3_STAT_3000.0_False_barabasi_albert_49,phase_4f_3,STATIC_BASELINE,barabasi_albert,0.15,49,3000.0,False,500,24,COMPLETED,N/A,0d5acf7ef798ebd814d6a6431f9b9f1da36789c0225120f4468d78c2e9f1d241,89483b45a148fdf357190b29837ea5634d987e79837a98e3e728fa157f65e274,0423501106aacc38eb39f2fb6f2b9ac6c21d8223201b8596d2b7517c4ea6c5ce,7a8b1562b9be71d0b5e60d3932c81d621b024b283b8c36640ed0d4747e042590,STATIC_BASELINE,False,500,1000000.0,1000000.0,11.0,0.0,500.0,True,True,4449,971,3478,1.0,500.0,2050.0,10,492,1
R3_STAT_3000.0_False_barabasi_albert_50,phase_4f_3,STATIC_BASELINE,barabasi_albert,0.15,50,3000.0,False,500,24,COMPLETED,N/A,0d5acf7ef798ebd814d6a6431f9b9f1da36789c0225120f4468d78c2e9f1d241,83b98c93d19df2dacdd2d92a437e2a4a875a7b340a3277bc556dfb8c576c2a78,45114ba3a1e0ce52ddb7a0e67e547a1694cd52862f3ea52d5b4c0bd30402625f,1ba7ed2003a4bd526b828d756ba0938c0747b2c93471556e567a0df4d97f7c4a,STATIC_BASELINE,False,500,1000000.0,1000000.0,11.0,0.0,500.0,True,True,4449,979,3470,1.0,500.0,2050.0,10,492,1
R3_STAT_3000.0_False_barabasi_albert_51,phase_4f_3,STATIC_BASELINE,barabasi_albert,0.15,51,3000.0,False,500,24,COMPLETED,N/A,0d5acf7ef798ebd814d6a6431f9b9f1da36789c0225120f4468d78c2e9f1d241,2c8689491401ea7433223de664af0e5ed9acd1c41c18ef1ddb23a4c87bed873a,2af439e76c592476c801373ad5e049c269dcf9e17810373743431c0199b6e0bf,8716ede1c8dc9d16f9645a3852cc0d549d0025650f1e5d86265591c3400760d1,STATIC_BASELINE,False,500,1000000.0,1000000.0,11.0,0.0,500.0,True,True,4450,952,3498,1.0,500.0,2050.0,10,493,1
R3_STAT_3000.0_False_watts_strogatz_42,phase_4f_3,STATIC_BASELINE,watts_strogatz,0.15,42,3000.0,False,500,24,COMPLETED,N/A,0d5acf7ef798ebd814d6a6431f9b9f1da36789c0225120f4468d78c2e9f1d241,bbc06dd46b3d384e16919931abcc001ccdd52d458240ccae51c2e6ea0b549cff,6e09b76c10961fe82b673e57686f897f048432b7734fb1d4ea1ecf55083e9d54,9bd246896ce1ff00fd187a92a41e9384bc5ae18489c13ec526354f10a7330e53,STATIC_BASELINE,False,500,1000000.0,1000000.0,11.0,0.0,500.0,True,True,4449,1367,3082,1.0,500.0,2050.0,10,492,1
R3_STAT_3000.0_False_watts_strogatz_43,phase_4f_3,STATIC_BASELINE,watts_strogatz,0.15,43,3000.0,False,500,24,COMPLETED,N/A,0d5acf7ef798ebd814d6a6431f9b9f1da36789c0225120f4468d78c2e9f1d241,3111700d54685ad03ca60c1102d50861c8241d9584a84f1391e0f8a92156c2b4,4d798cf73cbc661f9fd17f04ef31a351e3e3ebac6f01b0f0f5afd03325b053fe,215a5d8fca3fb463d0ff81e2a85e9205cf423941fa0f3b4250ace8c6907e1402,STATIC_BASELINE,False,500,1000000.0,1000000.0,11.0,0.0,500.0,True,True,4449,1336,3113,1.0,500.0,2050.0,10,492,1
R3_STAT_3000.0_False_watts_strogatz_44,phase_4f_3,STATIC_BASELINE,watts_strogatz,0.15,44,3000.0,False,500,24,COMPLETED,N/A,0d5acf7ef798ebd814d6a6431f9b9f1da36789c0225120f4468d78c2e9f1d241,c76e6839483511220cac6354a4cda8cbbbb702d4d3cd6144ac1d70b04d6c213e,a680acdd83eaa91990c11e2e39e54972403161a33a434c8dcb4bf39bfc3ea61a,689fbe97f69f6abc7e70fe5f743aeb38d5922732b0533d9aeef2e66ca1efa6ff,STATIC_BASELINE,False,500,1000000.0,1000000.0,11.0,0.0,500.0,True,True,4449,1340,3109,1.0,500.0,2050.0,10,492,1
R3_STAT_3000.0_False_watts_strogatz_45,phase_4f_3,STATIC_BASELINE,watts_strogatz,0.15,45,3000.0,False,500,24,COMPLETED,N/A,0d5acf7ef798ebd814d6a6431f9b9f1da36789c0225120f4468d78c2e9f1d241,d378cc61743411a03c354ea60ac1c10a7a7900b6c63c9e2a3618f07299b02625,11d091e464705d9d779da63393026b342c3dfb150532c21d744c1314612d01f7,b48d09deb026bc52f1153084d232877befc22baedded5734234199ab6ee45e7c,STATIC_BASELINE,False,500,1000000.0,1000000.0,11.0,0.0,500.0,True,True,4449,1285,3164,1.0,500.0,2050.0,10,492,1
R3_STAT_3000.0_False_watts_strogatz_46,phase_4f_3,STATIC_BASELINE,watts_strogatz,0.15,46,3000.0,False,500,24,COMPLETED,N/A,0d5acf7ef798ebd814d6a6431f9b9f1da36789c0225120f4468d78c2e9f1d241,e103518517ac2e0e3b8e5ab11f2191a00fdf478c4187c67f664811399bf0c2a2,02e0f4dd0314f72cf7ac2ab03e830adce5786a59f4ea35a4c7a3b2b2fef74829,69d383460dfa69c51b960333259ddd9ef781b9c4e80492c26b10bed2c313257a,STATIC_BASELINE,False,500,1000000.0,1000000.0,11.0,0.0,500.0,True,True,4449,1442,3007,1.0,500.0,2050.0,10,492,1
R3_STAT_3000.0_False_watts_strogatz_47,phase_4f_3,STATIC_BASELINE,watts_strogatz,0.15,47,3000.0,False,500,24,COMPLETED,N/A,0d5acf7ef798ebd814d6a6431f9b9f1da36789c0225120f4468d78c2e9f1d241,9a6ba675b545594b9e3ee7579039f1ef2e1045b7eea0dd9c660453e9b85d930a,881b6338c0eff46713581021f16120068dd7bb9994428593a27b3df759ed9f48,249ed6866502e07a8ddb9eb6f5e6247c83781ff81f021aa2bf3d23cd66196a90,STATIC_BASELINE,False,500,1000000.0,1000000.0,11.0,0.0,500.0,True,True,4449,1343,3106,1.0,500.0,2050.0,10,492,1
R3_STAT_3000.0_False_watts_strogatz_48,phase_4f_3,STATIC_BASELINE,watts_strogatz,0.15,48,3000.0,False,500,24,COMPLETED,N/A,0d5acf7ef798ebd814d6a6431f9b9f1da36789c0225120f4468d78c2e9f1d241,a08c4e1c43c097ad689b2409f96f017abba01c63bb3b5be52bcc4153b68ad7e3,20cfdf3d8b79e3fb577a342697718d7ec1c1af527f81b89aaa380cb1e740b5fb,12a5e690a6b49fa08b5d279bdb58aa1c5b9d4b64592a3ec54d74ffd55727f15c,STATIC_BASELINE,False,500,1000000.0,1000000.0,11.0,0.0,500.0,True,True,4449,1406,3043,1.0,500.0,2050.0,10,492,1
R3_STAT_3000.0_False_watts_strogatz_49,phase_4f_3,STATIC_BASELINE,watts_strogatz,0.15,49,3000.0,False,500,24,COMPLETED,N/A,0d5acf7ef798ebd814d6a6431f9b9f1da36789c0225120f4468d78c2e9f1d241,9cd1a2119d1fd63dad848844ced1f799f627e8e73f85c9fbe09fa876a3859882,cc1603aed9bbb0dccef8353946204bd2ee06b943ba9038b87b1b760865fe71b5,f1527fe6db4a3fef76868a120b28b80d3c8c3bde4041d61736c3d7ecbee9723a,STATIC_BASELINE,False,500,1000000.0,1000000.0,11.0,0.0,500.0,True,True,4449,1365,3084,1.0,500.0,2050.0,10,492,1
R3_STAT_3000.0_False_watts_strogatz_50,phase_4f_3,STATIC_BASELINE,watts_strogatz,0.15,50,3000.0,False,500,24,COMPLETED,N/A,0d5acf7ef798ebd814d6a6431f9b9f1da36789c0225120f4468d78c2e9f1d241,194debb592030d8fd398dfd610ac496997dbab575be7f0e83c2df5685c567a47,3644a1f7a09eb3871f213ecd76134321c8de0ccc9e5c024429c5523900f703d2,aad12dd0b40415e7d1cc933e04420f96c9eadee5d2cbdbec8cb339e7786f152c,STATIC_BASELINE,False,500,1000000.0,1000000.0,11.0,0.0,500.0,True,True,4449,1318,3131,1.0,500.0,2050.0,10,492,1
R3_STAT_3000.0_False_watts_strogatz_51,phase_4f_3,STATIC_BASELINE,watts_strogatz,0.15,51,3000.0,False,500,24,COMPLETED,N/A,0d5acf7ef798ebd814d6a6431f9b9f1da36789c0225120f4468d78c2e9f1d241,000ad7c251e768b2d7cd5e38a41020f3b7f3eba4f1b34dc9334238ff2237df8d,ce699a0015755d78bf406c37f35f75f2af8f9cfd27ea90c9b38babbaaf129ec8,d4727b27954759a0e7440839e95bac010e2626afc9dbea96421c5754c0b345a1,STATIC_BASELINE,False,500,1000000.0,1000000.0,11.0,0.0,500.0,True,True,4450,1252,3198,1.0,500.0,2050.0,10,493,1
R3_STAT_4000.0_False_barabasi_albert_42,phase_4f_3,STATIC_BASELINE,barabasi_albert,0.15,42,4000.0,False,500,24,COMPLETED,N/A,0d5acf7ef798ebd814d6a6431f9b9f1da36789c0225120f4468d78c2e9f1d241,56d28518f5f6fdc0b1f70a2947d7f44741a4d5a86e2c3e5fb9c217f10060a98e,2eadd7cbd6de54298c1287a2883e882571675711c97a5e2ca140df35503cc6ce,c522af041bf9b7a90e517a1a292f7cae5541ef791757a9b59520c87ae4a2aacc,STATIC_BASELINE,False,500,1000000.0,1000000.0,8.0,0.0,500.0,True,True,2925,600,2325,1.0,500.0,2050.0,7,479,1
R3_STAT_4000.0_False_barabasi_albert_43,phase_4f_3,STATIC_BASELINE,barabasi_albert,0.15,43,4000.0,False,500,24,COMPLETED,N/A,0d5acf7ef798ebd814d6a6431f9b9f1da36789c0225120f4468d78c2e9f1d241,baf3c40425a35c7db65c9984b4a881e13b06416ac0682209e90fcde6f4ee4e90,52c9ae1d6daaf49102edfcb3896eac2fde9ee0a27a4e00ef78e7179236258371,736391ced260feedadaa380be9f0d2870a29c51b0455e52163484de19b6575a3,STATIC_BASELINE,False,500,1000000.0,1000000.0,8.0,0.0,500.0,True,True,2925,611,2314,1.0,500.0,2050.0,7,479,1
R3_STAT_4000.0_False_barabasi_albert_44,phase_4f_3,STATIC_BASELINE,barabasi_albert,0.15,44,4000.0,False,500,24,COMPLETED,N/A,0d5acf7ef798ebd814d6a6431f9b9f1da36789c0225120f4468d78c2e9f1d241,a8164a052473e04021e2103437cfb95f07664ddf8a118b58292b1b7f92845468,546545a33920cbe09bc4d437828decbe48695a9e3ed59dc992a587e88e8577f1,1fe4f02fe2a4d8e7a11e3c8463ca11de0a56383d9385fd3e2a03adbb355ffd0c,STATIC_BASELINE,False,500,1000000.0,1000000.0,8.0,0.0,500.0,True,True,2925,644,2281,1.0,500.0,2050.0,7,479,1
R3_STAT_4000.0_False_barabasi_albert_45,phase_4f_3,STATIC_BASELINE,barabasi_albert,0.15,45,4000.0,False,500,24,COMPLETED,N/A,0d5acf7ef798ebd814d6a6431f9b9f1da36789c0225120f4468d78c2e9f1d241,0562d39ed5d4e3ef766aee2b296548f1f21a433f34600a7d1c60f86123e6a9b9,d1472e2e11abacf791baa972f83aeb7c6632a43a16aa0a003f17ca44dde71e1b,3d103270b1f06c3eb633caf337d84c88bb6e0dc4bab3105fd12e9f4244a6cf43,STATIC_BASELINE,False,500,1000000.0,1000000.0,8.0,0.0,500.0,True,True,2925,738,2187,1.0,500.0,2050.0,7,479,1
R3_STAT_4000.0_False_barabasi_albert_46,phase_4f_3,STATIC_BASELINE,barabasi_albert,0.15,46,4000.0,False,500,24,COMPLETED,N/A,0d5acf7ef798ebd814d6a6431f9b9f1da36789c0225120f4468d78c2e9f1d241,97f993aafee3dc5df496ab3ebed9ce5f87bb6f7ddf196aff26c1b738a75a0785,007ba395da267191afffe2df7fcb99a9d0fd3ec55546e8cdffe0038171ab1ddd,7f5291db7bacac577a39c61337cda1165ed90c6b4e5588f39933676bb92ab751,STATIC_BASELINE,False,500,1000000.0,1000000.0,8.0,0.0,500.0,True,True,2925,625,2300,1.0,500.0,2050.0,7,479,1
R3_STAT_4000.0_False_barabasi_albert_47,phase_4f_3,STATIC_BASELINE,barabasi_albert,0.15,47,4000.0,False,500,24,COMPLETED,N/A,0d5acf7ef798ebd814d6a6431f9b9f1da36789c0225120f4468d78c2e9f1d241,e6247c809c4d8751fd3966c7dc6ddefbecbaec573b897ffcdc494174d57c8c06,6e1c1314da7d4c760d6b552fda49900f5af0ae27cd8d96abc861be09c3a7fdc0,c186b08602c17ca57a32985d2ec2bed9ca5c351d7a9a59fc7cfa92b156a63779,STATIC_BASELINE,False,500,1000000.0,1000000.0,8.0,0.0,500.0,True,True,2925,580,2345,1.0,500.0,2050.0,7,479,1
R3_STAT_4000.0_False_barabasi_albert_48,phase_4f_3,STATIC_BASELINE,barabasi_albert,0.15,48,4000.0,False,500,24,COMPLETED,N/A,0d5acf7ef798ebd814d6a6431f9b9f1da36789c0225120f4468d78c2e9f1d241,a74c019fe441620e3dd0b6f3afcef9ba6f72f86c3544b6fff666bc47e4754a7b,56740e6fe92672b416ee029832d5d80d9efa78e60111907f6dde72376c7db904,a00407e23f4dfe1a33e2861f89def3fbee2b2bc006f80a72018e2805fbb2c06c,STATIC_BASELINE,False,500,1000000.0,1000000.0,8.0,0.0,500.0,True,True,2925,602,2323,1.0,500.0,2050.0,7,479,1
R3_STAT_4000.0_False_barabasi_albert_49,phase_4f_3,STATIC_BASELINE,barabasi_albert,0.15,49,4000.0,False,500,24,COMPLETED,N/A,0d5acf7ef798ebd814d6a6431f9b9f1da36789c0225120f4468d78c2e9f1d241,9526ef927599ea22cb21631d9aa9ebc6c878b9a9d7cb03345185bf38c6f34498,14521178fa9d0cd01f0a981fb99d88d9afb14255aab4c7fa75dd46d018a344ef,45858635c56722ab6ea779de4aedca746d4a4be6a9f8900028e7a90b1f470930,STATIC_BASELINE,False,500,1000000.0,1000000.0,8.0,0.0,500.0,True,True,2925,639,2286,1.0,500.0,2050.0,7,479,1
R3_STAT_4000.0_False_barabasi_albert_50,phase_4f_3,STATIC_BASELINE,barabasi_albert,0.15,50,4000.0,False,500,24,COMPLETED,N/A,0d5acf7ef798ebd814d6a6431f9b9f1da36789c0225120f4468d78c2e9f1d241,2eb64abe5843d9134bab69064e045fd09623fd566b199eec3fd04161a37042ab,e6eb5228ca7e55f3e7acbab424a29853a8655e5b74afe5ba3a5ebbac416101ab,623a9b7696f120e58bdec38cf5d4b9121701b6f89d8f158ac0363eb87693268b,STATIC_BASELINE,False,500,1000000.0,1000000.0,8.0,0.0,500.0,True,True,2925,636,2289,1.0,500.0,2050.0,7,479,1
R3_STAT_4000.0_False_barabasi_albert_51,phase_4f_3,STATIC_BASELINE,barabasi_albert,0.15,51,4000.0,False,500,24,COMPLETED,N/A,0d5acf7ef798ebd814d6a6431f9b9f1da36789c0225120f4468d78c2e9f1d241,6b3232aef8957e4fa4612ae796b8988fa38d5a6625d4cddc296b903b220a0714,a4cd94f20db6ad3c72c7490041cbc8dac6ff40ecc13a3b63bdf58c406d0d91ef,0ffbb7e414d4722c0711227ff88b7a5aba7dfa70a5407ca93cffd38e0766582b,STATIC_BASELINE,False,500,1000000.0,1000000.0,8.0,0.0,500.0,True,True,2928,618,2310,1.0,500.0,2050.0,7,480,1
R3_STAT_4000.0_False_watts_strogatz_42,phase_4f_3,STATIC_BASELINE,watts_strogatz,0.15,42,4000.0,False,500,24,COMPLETED,N/A,0d5acf7ef798ebd814d6a6431f9b9f1da36789c0225120f4468d78c2e9f1d241,2531c55e784a5bf0720caf29e7c64904c6872477541c47b458b332b6317962f0,a2cced9c60af606badc8023ccd58979258fbd9a6652dfdfacd201a08866abdf8,a2da2aa4e3350d42857d81287e50af09292f27f7703cb8a275d4062796d73a3c,STATIC_BASELINE,False,500,1000000.0,1000000.0,8.0,0.0,500.0,True,True,2925,875,2050,1.0,500.0,2050.0,7,479,1
R3_STAT_4000.0_False_watts_strogatz_43,phase_4f_3,STATIC_BASELINE,watts_strogatz,0.15,43,4000.0,False,500,24,COMPLETED,N/A,0d5acf7ef798ebd814d6a6431f9b9f1da36789c0225120f4468d78c2e9f1d241,b2e6744c40b9c6aaf897aec8d5d2baea7ef23171431380cd2c899f7bbf520300,e77418c266201b54c04b99fd9ff92e7d013f6922dda0fff47b4746fe03a728eb,d787edb7730103d58cc1776a480f933b409c745623b06db8c7956d1952069493,STATIC_BASELINE,False,500,1000000.0,1000000.0,8.0,0.0,500.0,True,True,2925,850,2075,1.0,500.0,2050.0,7,479,1
R3_STAT_4000.0_False_watts_strogatz_44,phase_4f_3,STATIC_BASELINE,watts_strogatz,0.15,44,4000.0,False,500,24,COMPLETED,N/A,0d5acf7ef798ebd814d6a6431f9b9f1da36789c0225120f4468d78c2e9f1d241,aa4226d17c239c3bac57859a990a1a57b8daceb234e90fe172772c6830bda24b,aa21566973d0dfbabab64dce9c198533a2110beeabc6ce6cb92f46e3e7e12413,c5b648d2497b14f7041376e2985af934eaefab6207860ffe2434796bb5671b09,STATIC_BASELINE,False,500,1000000.0,1000000.0,8.0,0.0,500.0,True,True,2925,838,2087,1.0,500.0,2050.0,7,479,1
R3_STAT_4000.0_False_watts_strogatz_45,phase_4f_3,STATIC_BASELINE,watts_strogatz,0.15,45,4000.0,False,500,24,COMPLETED,N/A,0d5acf7ef798ebd814d6a6431f9b9f1da36789c0225120f4468d78c2e9f1d241,5c5a13f0ddf6a2a8c391475962baaa3d83d29baeb51b9bdaed063f6769ac0e33,c9c015b248a1df3322b01e5ca81ad65264f371fc3c15aa6918e6a73d2a059d95,87eb7d3d56c460f92019f6684f85c9c0b4c124931b1424f2f2622bbc54f52a07,STATIC_BASELINE,False,500,1000000.0,1000000.0,8.0,0.0,500.0,True,True,2925,806,2119,1.0,500.0,2050.0,7,479,1
R3_STAT_4000.0_False_watts_strogatz_46,phase_4f_3,STATIC_BASELINE,watts_strogatz,0.15,46,4000.0,False,500,24,COMPLETED,N/A,0d5acf7ef798ebd814d6a6431f9b9f1da36789c0225120f4468d78c2e9f1d241,e2ce9841ee2e9dff93827757ec39d24ad7f6603784a819fe2f8888f49fa0b8da,9f60ba51e0692bfec2fe1ed35f07ee04724d39e0bf1fefbd58fb7c3e7cd42ba8,ce5e653b598a19d8b6e3251a3ecced381e6593f86e6fd254ad9eaecff5bb3d00,STATIC_BASELINE,False,500,1000000.0,1000000.0,8.0,0.0,500.0,True,True,2925,910,2015,1.0,500.0,2050.0,7,479,1
R3_STAT_4000.0_False_watts_strogatz_47,phase_4f_3,STATIC_BASELINE,watts_strogatz,0.15,47,4000.0,False,500,24,COMPLETED,N/A,0d5acf7ef798ebd814d6a6431f9b9f1da36789c0225120f4468d78c2e9f1d241,0fc7fafc39a4fc32cea3a37d6cf1fff1d8ae5b10208098f02c41eed2f49222b7,d4401443aa30e8ba16869a98d7adf3e2df68ad616887df1a11bae378658e27e6,56d360c0d1a7ed625b328c8bb4da587c215f47c2fb739f244914dd6848083ba1,STATIC_BASELINE,False,500,1000000.0,1000000.0,8.0,0.0,500.0,True,True,2925,848,2077,1.0,500.0,2050.0,7,479,1
R3_STAT_4000.0_False_watts_strogatz_48,phase_4f_3,STATIC_BASELINE,watts_strogatz,0.15,48,4000.0,False,500,24,COMPLETED,N/A,0d5acf7ef798ebd814d6a6431f9b9f1da36789c0225120f4468d78c2e9f1d241,d93098d5a2221256dd28c1b768c5ee39fefbeb780d58b8de2974daeabee76d2b,5e8f3b3721b4176355436c31865ab7aad450cc54779d0171281ebef3baa88c3b,97dd00f56a5f48100a4173aad9f176f2513fd734f80c25379e4b3bbe343f1ece,STATIC_BASELINE,False,500,1000000.0,1000000.0,8.0,0.0,500.0,True,True,2925,888,2037,1.0,500.0,2050.0,7,479,1
R3_STAT_4000.0_False_watts_strogatz_49,phase_4f_3,STATIC_BASELINE,watts_strogatz,0.15,49,4000.0,False,500,24,COMPLETED,N/A,0d5acf7ef798ebd814d6a6431f9b9f1da36789c0225120f4468d78c2e9f1d241,de1a3a0c27543d22c9e19562d6fa62a6216a44448cb2f971d986c6fb735d5329,5a134cef5aa0ff3e5966fb588b7df4c302eb48175e45bf1d102aa4d8e276d522,dc4f82a9f7b4fe8ac24055aab3cde1fb435180490c332e467c8089ceacc59e44,STATIC_BASELINE,False,500,1000000.0,1000000.0,8.0,0.0,500.0,True,True,2925,859,2066,1.0,500.0,2050.0,7,479,1
R3_STAT_4000.0_False_watts_strogatz_50,phase_4f_3,STATIC_BASELINE,watts_strogatz,0.15,50,4000.0,False,500,24,COMPLETED,N/A,0d5acf7ef798ebd814d6a6431f9b9f1da36789c0225120f4468d78c2e9f1d241,dae8134c9c01619e7dc5a5b83cf2fafda0cd1a242095a6335b2d20e5c16511d6,28d1f06e45f9b55060a583801e1e563cf7f16c5f4cdae4b870b0c397f0f6f6fc,c5dcf49783eb710736ed8e134565018d44286c52b5aec0e6cba3c42d2c11d31f,STATIC_BASELINE,False,500,1000000.0,1000000.0,8.0,0.0,500.0,True,True,2925,835,2090,1.0,500.0,2050.0,7,479,1
R3_STAT_4000.0_False_watts_strogatz_51,phase_4f_3,STATIC_BASELINE,watts_strogatz,0.15,51,4000.0,False,500,24,COMPLETED,N/A,0d5acf7ef798ebd814d6a6431f9b9f1da36789c0225120f4468d78c2e9f1d241,8cbe0fdf90d7cf8c49491d2d6fe942977b7e2ac2466f49d4052dbc02f8a87e9f,3b80ba33a1a3d459ea0f19098e7f04ed9289100a58ca8367a38b250a7d058a68,1a56da4691372c0a95ca93651cfad47d44a0acb9e377c24ea3157d79549ed294,STATIC_BASELINE,False,500,1000000.0,1000000.0,8.0,0.0,500.0,True,True,2928,797,2131,1.0,500.0,2050.0,7,480,1
R3_STAT_5000.0_False_barabasi_albert_42,phase_4f_3,STATIC_BASELINE,barabasi_albert,0.15,42,5000.0,False,500,24,COMPLETED,N/A,0d5acf7ef798ebd814d6a6431f9b9f1da36789c0225120f4468d78c2e9f1d241,2c2334ae36c39b90fb24fb66f69abb74fad0a3c769938c099068272a81b7958c,0f399891eba8aea450297720618ed1ddb642552575d004cf5eb84c71b8ee9e68,ba864aef2b62ec4a92fb91fe013fd2928a301586a6e4bfdd33c97fb9f3c44917,STATIC_BASELINE,False,500,1000000.0,1000000.0,2.0,0.0,500.0,True,True,0,0,0,1.0,500.0,2050.0,1,495,1
R3_STAT_5000.0_False_barabasi_albert_43,phase_4f_3,STATIC_BASELINE,barabasi_albert,0.15,43,5000.0,False,500,24,COMPLETED,N/A,0d5acf7ef798ebd814d6a6431f9b9f1da36789c0225120f4468d78c2e9f1d241,142bdaaca17e04587cec1dffd01c206d472d7322807931590e81d2f05b890b49,0dda80af43e307aef54fc91b1be34acadd101810f8acf48edd97e885b158aa55,c475dbcdd4606f9d87f051351d75acff9ed5dde3fe880a2ed126b43e3f5d962a,STATIC_BASELINE,False,500,1000000.0,1000000.0,2.0,0.0,500.0,True,True,0,0,0,1.0,500.0,2050.0,1,495,1
R3_STAT_5000.0_False_barabasi_albert_44,phase_4f_3,STATIC_BASELINE,barabasi_albert,0.15,44,5000.0,False,500,24,COMPLETED,N/A,0d5acf7ef798ebd814d6a6431f9b9f1da36789c0225120f4468d78c2e9f1d241,a2dc9541bfbdf4010ebaec57b85a478760e81e791a15b82cb0c8d821904217ee,282805ad8ec15d06a1c2f73fc9c2c3ef43c0be3c0a5de691c28a4fb6e96ed0fd,ff31a888f3cacce85194427f6aac328af0f58ef90fd9e82ba5fffb75bbb7e4ae,STATIC_BASELINE,False,500,1000000.0,1000000.0,2.0,0.0,500.0,True,True,0,0,0,1.0,500.0,2050.0,1,495,1
R3_STAT_5000.0_False_barabasi_albert_45,phase_4f_3,STATIC_BASELINE,barabasi_albert,0.15,45,5000.0,False,500,24,COMPLETED,N/A,0d5acf7ef798ebd814d6a6431f9b9f1da36789c0225120f4468d78c2e9f1d241,9faf2a85ed73afe3a7e46fbe7b731c4253ec92d023a322412ef7b4122085fccf,edd7bd04b20b4e59cf5ee2b4700bd37980147bdf69fbd93c3b2847f6dfa23bcf,1d858f2bf36239392ea9a3a4d60d2dbac517b7df34519e389041477830ee1b47,STATIC_BASELINE,False,500,1000000.0,1000000.0,2.0,0.0,500.0,True,True,0,0,0,1.0,500.0,2050.0,1,495,1
R3_STAT_5000.0_False_barabasi_albert_46,phase_4f_3,STATIC_BASELINE,barabasi_albert,0.15,46,5000.0,False,500,24,COMPLETED,N/A,0d5acf7ef798ebd814d6a6431f9b9f1da36789c0225120f4468d78c2e9f1d241,ab60c130651a1350eea750eea010bb455395b519a23f6ff09b115fb8a40b9b4e,1651ebcf63f73bc63164edc216f132206513444ed8187789f4b82c3cf98e8946,167ce021fd7f5707e2ce04679a9b347af9ee1960d180d04d337f7946630707a3,STATIC_BASELINE,False,500,1000000.0,1000000.0,2.0,0.0,500.0,True,True,0,0,0,1.0,500.0,2050.0,1,495,1
R3_STAT_5000.0_False_barabasi_albert_47,phase_4f_3,STATIC_BASELINE,barabasi_albert,0.15,47,5000.0,False,500,24,COMPLETED,N/A,0d5acf7ef798ebd814d6a6431f9b9f1da36789c0225120f4468d78c2e9f1d241,8712ec2fdec8765012f2b13ca7da382ecfe3348fc457729e97a9846462460b6b,449b9375f02fdeb1501387d80889bf4beb3b9812b0555b1e62f760a6d26c2811,043438c6fef2a29c4ad2f2a5cf019691e836719fcac9a4d89c150d44c554cb71,STATIC_BASELINE,False,500,1000000.0,1000000.0,2.0,0.0,500.0,True,True,0,0,0,1.0,500.0,2050.0,1,495,1
R3_STAT_5000.0_False_barabasi_albert_48,phase_4f_3,STATIC_BASELINE,barabasi_albert,0.15,48,5000.0,False,500,24,COMPLETED,N/A,0d5acf7ef798ebd814d6a6431f9b9f1da36789c0225120f4468d78c2e9f1d241,23b16dcf2145819037cbd1aaf1d76fc57558d907715d5bec5a8d1d5c1e5c1d7a,795483bbc24f6664def2930364e74f27f9e08d7138583445145e7a1f681e30e4,8bad43ca9baf9351a22a7b25d903a4eb2be61baa3f80d39a7d786a79dfec2a36,STATIC_BASELINE,False,500,1000000.0,1000000.0,2.0,0.0,500.0,True,True,0,0,0,1.0,500.0,2050.0,1,495,1
R3_STAT_5000.0_False_barabasi_albert_49,phase_4f_3,STATIC_BASELINE,barabasi_albert,0.15,49,5000.0,False,500,24,COMPLETED,N/A,0d5acf7ef798ebd814d6a6431f9b9f1da36789c0225120f4468d78c2e9f1d241,b7d074f90878275286becaf3cce8c444f3069d872fbf868c694670727db8c810,1d9b62273ce83cc4abe5879df3ba108a7522ff8ae754f52315e1987ad74e3583,20926d5bd8c0199fcfce356da1175a548bbc0a9a76cf29acfb83f6a5f14d6cf4,STATIC_BASELINE,False,500,1000000.0,1000000.0,2.0,0.0,500.0,True,True,0,0,0,1.0,500.0,2050.0,1,495,1
R3_STAT_5000.0_False_barabasi_albert_50,phase_4f_3,STATIC_BASELINE,barabasi_albert,0.15,50,5000.0,False,500,24,COMPLETED,N/A,0d5acf7ef798ebd814d6a6431f9b9f1da36789c0225120f4468d78c2e9f1d241,0cdc911c9b8056e1d41cf6dbe1e723a002adbd14ecaa2edd455bb9dd6a0e94ea,fd7e95f89949935675d9c79edb6d105b37111a0fe571379087dc7ab9719d7900,3772b6e9ad1d1b2d94292d66b4b52bbaa4b5ca692cc2f7a169fe10351cfd2030,STATIC_BASELINE,False,500,1000000.0,1000000.0,2.0,0.0,500.0,True,True,0,0,0,1.0,500.0,2050.0,1,495,1
R3_STAT_5000.0_False_barabasi_albert_51,phase_4f_3,STATIC_BASELINE,barabasi_albert,0.15,51,5000.0,False,500,24,COMPLETED,N/A,0d5acf7ef798ebd814d6a6431f9b9f1da36789c0225120f4468d78c2e9f1d241,7b9c951cc777a376cc17a426dbd016b0ec40d1c044ce60080ab4825c0212b723,e9e836c0360858db78ed1368a6d0b1d1bde96792b51667d38cba2f2111d31229,c80cc6074b69ca2ff0d71fba092fbb17be39843418857b8a8b73a7ad6db65d3a,STATIC_BASELINE,False,500,1000000.0,1000000.0,2.0,0.0,500.0,True,True,0,0,0,1.0,500.0,2050.0,1,495,1
R3_STAT_5000.0_False_watts_strogatz_42,phase_4f_3,STATIC_BASELINE,watts_strogatz,0.15,42,5000.0,False,500,24,COMPLETED,N/A,0d5acf7ef798ebd814d6a6431f9b9f1da36789c0225120f4468d78c2e9f1d241,792adf460c9e03a98db38b41b442469f4294090066d2d33cc1edb9222f592309,d5937b0924cac9c4b141255477de90742c0631ef40d19505548f377f05e164f9,a831c56f574e5eddcfbcc9e19e84237c95e2074988d19aaf86a223f4ed3d8473,STATIC_BASELINE,False,500,1000000.0,1000000.0,2.0,0.0,500.0,True,True,0,0,0,1.0,500.0,2050.0,1,495,1
R3_STAT_5000.0_False_watts_strogatz_43,phase_4f_3,STATIC_BASELINE,watts_strogatz,0.15,43,5000.0,False,500,24,COMPLETED,N/A,0d5acf7ef798ebd814d6a6431f9b9f1da36789c0225120f4468d78c2e9f1d241,c8cab495d165ebebc27855caa59be74ea00e0c96ffd579a6cbdaed0460117f3d,27f94c30707712c2ebad4eb834b0bf5ae0fa2bf92b5284e5644700ef5d274964,0843d7d01371b57691e2a41e2146b9ba6686367e8a2b8594baf0a650d2782ed3,STATIC_BASELINE,False,500,1000000.0,1000000.0,2.0,0.0,500.0,True,True,0,0,0,1.0,500.0,2050.0,1,495,1
R3_STAT_5000.0_False_watts_strogatz_44,phase_4f_3,STATIC_BASELINE,watts_strogatz,0.15,44,5000.0,False,500,24,COMPLETED,N/A,0d5acf7ef798ebd814d6a6431f9b9f1da36789c0225120f4468d78c2e9f1d241,260091836b2728406b66a86aabcbad3629d3c659053de8574f23b1d6b81baf44,f1ceafee848fbc5f66e8048cd186fbfeb063cfd5375d1b4b43e77d6b1613722e,d250d3fe5056bbf8e6899c0c93fa5006a0ee651f50398413369ec5edb7c0c088,STATIC_BASELINE,False,500,1000000.0,1000000.0,2.0,0.0,500.0,True,True,0,0,0,1.0,500.0,2050.0,1,495,1
R3_STAT_5000.0_False_watts_strogatz_45,phase_4f_3,STATIC_BASELINE,watts_strogatz,0.15,45,5000.0,False,500,24,COMPLETED,N/A,0d5acf7ef798ebd814d6a6431f9b9f1da36789c0225120f4468d78c2e9f1d241,9ca85586b529129bc485fd244fb63138ae0685a42dc6d1a8a7d3e11d742cc2a2,7d9ace39ae613189f751fdaa7936962a96d6c54386544f6220470fe3839ebf76,f200ab3dc403b06492c88236e0a73642665a634ae2e5e3c6055547b7c43be5c9,STATIC_BASELINE,False,500,1000000.0,1000000.0,2.0,0.0,500.0,True,True,0,0,0,1.0,500.0,2050.0,1,495,1
R3_STAT_5000.0_False_watts_strogatz_46,phase_4f_3,STATIC_BASELINE,watts_strogatz,0.15,46,5000.0,False,500,24,COMPLETED,N/A,0d5acf7ef798ebd814d6a6431f9b9f1da36789c0225120f4468d78c2e9f1d241,b2990c89b7b51f535aee5d53d75f3be6daf2bedae5247ce6b66503270d0c3bae,f3d45b092316dc9233c3d6e2f23b10f22392e13d90a4fd324874fcd7c2c9060d,bd296851aa8a6164cd5d45b547e3b2951c53896f46d0548d61be53371d27f0dd,STATIC_BASELINE,False,500,1000000.0,1000000.0,2.0,0.0,500.0,True,True,0,0,0,1.0,500.0,2050.0,1,495,1
R3_STAT_5000.0_False_watts_strogatz_47,phase_4f_3,STATIC_BASELINE,watts_strogatz,0.15,47,5000.0,False,500,24,COMPLETED,N/A,0d5acf7ef798ebd814d6a6431f9b9f1da36789c0225120f4468d78c2e9f1d241,44d4a1ec74c2611737a8959662b4cd7de03779c4542a081cfc25da39b47ba0cf,2b62644d381e42006ba70af830db33caf3c61dafe9613b9a9655b75b249fa83c,48cce69e6e76c47db94bf523e54e5402c07d8067a7240b8298f8bf2f64659a76,STATIC_BASELINE,False,500,1000000.0,1000000.0,2.0,0.0,500.0,True,True,0,0,0,1.0,500.0,2050.0,1,495,1
R3_STAT_5000.0_False_watts_strogatz_48,phase_4f_3,STATIC_BASELINE,watts_strogatz,0.15,48,5000.0,False,500,24,COMPLETED,N/A,0d5acf7ef798ebd814d6a6431f9b9f1da36789c0225120f4468d78c2e9f1d241,97a4d8aec8b1fbdf9ef75c9a08df02085cc42168a41cb283aa228d0829e98fb2,ed0f6bd2997ed377a04b3df045affcf655f5d3a3383c34f00353aba7e2afe8eb,0ac95de580b5c9ec56487cc1955b4be4f745bf5d0d3742ef479edcc794a2e545,STATIC_BASELINE,False,500,1000000.0,1000000.0,2.0,0.0,500.0,True,True,0,0,0,1.0,500.0,2050.0,1,495,1
R3_STAT_5000.0_False_watts_strogatz_49,phase_4f_3,STATIC_BASELINE,watts_strogatz,0.15,49,5000.0,False,500,24,COMPLETED,N/A,0d5acf7ef798ebd814d6a6431f9b9f1da36789c0225120f4468d78c2e9f1d241,9a336416e60dc387be8e578c759fa1b0cafd809807689636ae1a16235cddad8e,0f316979a5d7bcfbccbd71e8313179d5214bdcf94a32b0fd48b19df0ab326faa,9af78cd56671c44f8d053763fed81549650ad503d38ce6f3f54dc747879eb55f,STATIC_BASELINE,False,500,1000000.0,1000000.0,2.0,0.0,500.0,True,True,0,0,0,1.0,500.0,2050.0,1,495,1
R3_STAT_5000.0_False_watts_strogatz_50,phase_4f_3,STATIC_BASELINE,watts_strogatz,0.15,50,5000.0,False,500,24,COMPLETED,N/A,0d5acf7ef798ebd814d6a6431f9b9f1da36789c0225120f4468d78c2e9f1d241,ea37371386e7af0a4e7ff0c188450f17884c97e70c92022e64f7dae02ba17af1,ab6f912d41f5cf85628985c04ea833f55254a509da38741233a08d7e1101f532,6da02cd305160d092e97efaf33254f4a7622c224f12841be9ffe845e0fda97ca,STATIC_BASELINE,False,500,1000000.0,1000000.0,2.0,0.0,500.0,True,True,0,0,0,1.0,500.0,2050.0,1,495,1
R3_STAT_5000.0_False_watts_strogatz_51,phase_4f_3,STATIC_BASELINE,watts_strogatz,0.15,51,5000.0,False,500,24,COMPLETED,N/A,0d5acf7ef798ebd814d6a6431f9b9f1da36789c0225120f4468d78c2e9f1d241,93b0330bf9aa22c44ce5f060d8f8686b58daf353d7f9ecb7f924dee1898e9bfa,875f352b0b0d168bebefc90e659830388ff46bd6408dce25328e3fe07fa1d4ed,60f26f61f91775b5671b01c9bc618494d74bd645525396822b4fb66ed26477c5,STATIC_BASELINE,False,500,1000000.0,1000000.0,2.0,0.0,500.0,True,True,0,0,0,1.0,500.0,2050.0,1,495,1
